,RESULTS OF POLL,,,
,"In respect of BUHERA CENTRAL Constituency, the results are as follows:",,,
,,,,Votes
Constituency,Name of Candidate,Sex,Party,Received
"In respect of BUHERA CENTRAL Constituency, the results are as follows:",,,,
"In respect of BUHERA CENTRAL Constituency, the results are as follows:",Gudo Mudinzwa Bruce Tawanda,M,NPF,1 455
"In respect of BUHERA CENTRAL Constituency, the results are as follows:",,,,
"In respect of BUHERA CENTRAL Constituency, the results are as follows:",,,,
"In respect of BUHERA CENTRAL Constituency, the results are as follows:",Kandenga Timothy,M,PRC,827
"In respect of BUHERA CENTRAL Constituency, the results are as follows:",,,,
"In respect of BUHERA CENTRAL Constituency, the results are as follows:",,,,
"In respect of BUHERA CENTRAL Constituency, the results are as follows:",Makonya Forget,M,MDC -T,1 141
"In respect of BUHERA CENTRAL Constituency, the results are as follows:",,,,
"In respect of BUHERA CENTRAL Constituency, the results are as follows:",,,,
"In respect of BUHERA CENTRAL Constituency, the results are as follows:",Matimba Ottiliah,F,MDC-ALLIANCE,5 758
"In respect of BUHERA CENTRAL Constituency, the results are as follows:",,,,
"In respect of BUHERA CENTRAL Constituency, the results are as follows:",,,,
"In respect of BUHERA CENTRAL Constituency, the results are as follows:",Misi Daisoni,M,CODE,121
"In respect of BUHERA CENTRAL Constituency, the results are as follows:",,,,
"In respect of BUHERA CENTRAL Constituency, the results are as follows:",,,,
"In respect of BUHERA CENTRAL Constituency, the results are as follows:",Ngwere Gerber,M,UDM,92
"In respect of BUHERA CENTRAL Constituency, the results are as follows:",,,,
"In respect of BUHERA CENTRAL Constituency, the results are as follows:",,,,
"In respect of BUHERA CENTRAL Constituency, the results are as follows:",Nyashanu Mathew,M,ZANU PF,13 125
"In respect of BUHERA CENTRAL Constituency, the results are as follows:",RESULTS OF POLL,,,
,"In respect of BUHERA NORTH Constituency, the results are as follows:",,,
,,,,Votes
Constituency,Name of Candidate,Sex,Party,Received
"In respect of BUHERA NORTH Constituency, the results are as follows:",,,,
"In respect of BUHERA NORTH Constituency, the results are as follows:",,M,INDEPENDENT,88
"In respect of BUHERA NORTH Constituency, the results are as follows:",Chikwiri Munetsi Lasty,,,
"In respect of BUHERA NORTH Constituency, the results are as follows:",,,,
"In respect of BUHERA NORTH Constituency, the results are as follows:",Chinamasa Rinashe,M,NPF,212
"In respect of BUHERA NORTH Constituency, the results are as follows:",,,,
"In respect of BUHERA NORTH Constituency, the results are as follows:",Chirume Collen,M,MDC-T,491
"In respect of BUHERA NORTH Constituency, the results are as follows:",,,,
"In respect of BUHERA NORTH Constituency, the results are as follows:",Magarangoma Julius,M,MDC-ALLIANCE,5 755
"In respect of BUHERA NORTH Constituency, the results are as follows:",,,,
"In respect of BUHERA NORTH Constituency, the results are as follows:",,,,
"In respect of BUHERA NORTH Constituency, the results are as follows:",,,,
"In respect of BUHERA NORTH Constituency, the results are as follows:",,,,
"In respect of BUHERA NORTH Constituency, the results are as follows:",Mombeyarara Leonard,M,ZIPP,99
"In respect of BUHERA NORTH Constituency, the results are as follows:",Mukucha,,,
"In respect of BUHERA NORTH Constituency, the results are as follows:",,,,
"In respect of BUHERA NORTH Constituency, the results are as follows:",,,,
"In respect of BUHERA NORTH Constituency, the results are as follows:",Mutomba William,M,ZANU PF,10 056
"In respect of BUHERA NORTH Constituency, the results are as follows:",,,,
"In respect of BUHERA NORTH Constituency, the results are as follows:",Nyika Rodwell Tendai,M,INDEPENDENT,27
"In respect of BUHERA NORTH Constituency, the results are as follows:",,,,
"In respect of BUHERA NORTH Constituency, the results are as follows:",,,,
"In respect of BUHERA NORTH Constituency, the results are as follows:",Zvareva Lloyd,M,PRC,220
"In respect of BUHERA NORTH Constituency, the results are as follows:",RESULTS OF POLL,,,
"In respect of BUHERA NORTH Constituency, the results are as follows:",,,,
,"In respect of BUHERA SOUTH Constituency, the results are as follows:",,,
Constituency,Name of Candidate,Sex,Party,Votes Received
"In respect of BUHERA SOUTH Constituency, the results are as follows:",,,,
"In respect of BUHERA SOUTH Constituency, the results are as follows:",Chinotimba Joseph,M,ZANU PF,13 141
"In respect of BUHERA SOUTH Constituency, the results are as follows:",,,,
"In respect of BUHERA SOUTH Constituency, the results are as follows:",,,,
"In respect of BUHERA SOUTH Constituency, the results are as follows:",,,MDC,
"In respect of BUHERA SOUTH Constituency, the results are as follows:",Mabika Edwin,M,ALLIANCE,6 325
"In respect of BUHERA SOUTH Constituency, the results are as follows:",,,,
"In respect of BUHERA SOUTH Constituency, the results are as follows:",,,,
"In respect of BUHERA SOUTH Constituency, the results are as follows:",,,,
"In respect of BUHERA SOUTH Constituency, the results are as follows:",Mudekunye Ngonidzashe,M,INDEPENDENT,3 705
"In respect of BUHERA SOUTH Constituency, the results are as follows:",,,,
"In respect of BUHERA SOUTH Constituency, the results are as follows:",,,,
"In respect of BUHERA SOUTH Constituency, the results are as follows:",Sithole Isaya,M,PRC,87
"In respect of BUHERA SOUTH Constituency, the results are as follows:",,,,
"In respect of BUHERA SOUTH Constituency, the results are as follows:",,,,
"In respect of BUHERA SOUTH Constituency, the results are as follows:",Mutero Jesmiel,M,ZIPP,59
"In respect of BUHERA SOUTH Constituency, the results are as follows:",RESULTS OF POLL,,,
,"In respect of BUHERA WEST Constituency, the results are as follows:",,,
Constituency,Name of Candidate,Sex,Party,Votes Received
"In respect of BUHERA WEST Constituency, the results are as follows:",Chiguware Shephard,M,Independent,275
"In respect of BUHERA WEST Constituency, the results are as follows:",,,,
"In respect of BUHERA WEST Constituency, the results are as follows:",Dzuma Soul,M,ZANU (PF),11901
"In respect of BUHERA WEST Constituency, the results are as follows:",,,People's,
"In respect of BUHERA WEST Constituency, the results are as follows:",,,,
"In respect of BUHERA WEST Constituency, the results are as follows:",Mashangana Owen,M,Rainbow,209
"In respect of BUHERA WEST Constituency, the results are as follows:",,,Coalition (PRC),
"In respect of BUHERA WEST Constituency, the results are as follows:",,,,
"In respect of BUHERA WEST Constituency, the results are as follows:",Matewu Jaison Andrew,M,MDC-Alliance,9227
"In respect of BUHERA WEST Constituency, the results are as follows:",,,,
"In respect of BUHERA WEST Constituency, the results are as follows:",Mupungu Kelvin Teurayi,M,Independent,407
"In respect of BUHERA WEST Constituency, the results are as follows:",,,,
"In respect of BUHERA WEST Constituency, the results are as follows:",RESULTS OF POLL,,,
,"In respect of CHIMANIMANI EAST Constituency, the results are as",,,
,follows:,,,
Constituency,Name of Candidate,Sex,Party,Votes Received
"In respect of CHIMANIMANI EAST Constituency, the results are as",,,,
"In respect of CHIMANIMANI EAST Constituency, the results are as",Chikukwa Macdonald,M,PRC,711
"In respect of CHIMANIMANI EAST Constituency, the results are as",,,,
"In respect of CHIMANIMANI EAST Constituency, the results are as",,,,
"In respect of CHIMANIMANI EAST Constituency, the results are as",Dube Innocent,M,INDEPENDENT,217
"In respect of CHIMANIMANI EAST Constituency, the results are as",,,,
"In respect of CHIMANIMANI EAST Constituency, the results are as",,,,
"In respect of CHIMANIMANI EAST Constituency, the results are as",Gwizah Maibah James,M,CODE,174
"In respect of CHIMANIMANI EAST Constituency, the results are as",,,,
"In respect of CHIMANIMANI EAST Constituency, the results are as",,,,
"In respect of CHIMANIMANI EAST Constituency, the results are as",Mahwendepi Batsirayi,M,INDEPENDENT,228
"In respect of CHIMANIMANI EAST Constituency, the results are as",Enock,,,
"In respect of CHIMANIMANI EAST Constituency, the results are as",,,,
"In respect of CHIMANIMANI EAST Constituency, the results are as",,,,
"In respect of CHIMANIMANI EAST Constituency, the results are as",Mudhluli Maxwell,M,MDC â€“ALLIANCE,3034
"In respect of CHIMANIMANI EAST Constituency, the results are as",,,,
"In respect of CHIMANIMANI EAST Constituency, the results are as",Mukwayo Prudence,F,NCA,81
"In respect of CHIMANIMANI EAST Constituency, the results are as",,,,
"In respect of CHIMANIMANI EAST Constituency, the results are as",,,,
"In respect of CHIMANIMANI EAST Constituency, the results are as",Muusha Patrick,M,FZC,75
"In respect of CHIMANIMANI EAST Constituency, the results are as",,,,
"In respect of CHIMANIMANI EAST Constituency, the results are as",,,,
"In respect of CHIMANIMANI EAST Constituency, the results are as",Sacco Joshua Kurt,M,ZANU PF,16492
"In respect of CHIMANIMANI EAST Constituency, the results are as",RESULTS OF POLL,,,
,"In respect of CHIMANIMANI WEST Constituency, the results are as follows:",,,
,,,,Votes
Constituency,Name of Candidate,Sex,Party,Received
"In respect of CHIMANIMANI WEST Constituency, the results are as follows:",,,,
"In respect of CHIMANIMANI WEST Constituency, the results are as follows:",Bata Nomatter,F,CODE,166
"In respect of CHIMANIMANI WEST Constituency, the results are as follows:",,,,
"In respect of CHIMANIMANI WEST Constituency, the results are as follows:",,,,
"In respect of CHIMANIMANI WEST Constituency, the results are as follows:",Chauke Alexander,M,ZDU,191
"In respect of CHIMANIMANI WEST Constituency, the results are as follows:",,,,
"In respect of CHIMANIMANI WEST Constituency, the results are as follows:",,,,
"In respect of CHIMANIMANI WEST Constituency, the results are as follows:",Jinga Tinashe,M,MDC-T,0
"In respect of CHIMANIMANI WEST Constituency, the results are as follows:",,,,
"In respect of CHIMANIMANI WEST Constituency, the results are as follows:",,,,
"In respect of CHIMANIMANI WEST Constituency, the results are as follows:",Kashiri John Wesley,M,PRC,113
"In respect of CHIMANIMANI WEST Constituency, the results are as follows:",,,,
"In respect of CHIMANIMANI WEST Constituency, the results are as follows:",,,,
"In respect of CHIMANIMANI WEST Constituency, the results are as follows:",Mambakwe Panganai,M,# 1980 CHINHU,66
"In respect of CHIMANIMANI WEST Constituency, the results are as follows:",,,CHEDU,
"In respect of CHIMANIMANI WEST Constituency, the results are as follows:",,,,
"In respect of CHIMANIMANI WEST Constituency, the results are as follows:",Matiashe Canaan,M,MDC-Alliance,9199
"In respect of CHIMANIMANI WEST Constituency, the results are as follows:",,,,
"In respect of CHIMANIMANI WEST Constituency, the results are as follows:",,,,
"In respect of CHIMANIMANI WEST Constituency, the results are as follows:",Matsikenyere,,,10757
"In respect of CHIMANIMANI WEST Constituency, the results are as follows:",Nokuthula,F,ZANU PF,
,,RESULTS OF POLL,,
,,,,
,In respect of,"CHIPINGE CENTRALConstituency, the results are as",,
,follows:,,,
Constituency,Name of Candidate,Sex,Party,Votes Received
"CHIPINGE CENTRALConstituency, the results are as",Dhlumo Livingstone,M,MDC Alliance,7606
"CHIPINGE CENTRALConstituency, the results are as",Dube Robert,M,MDC-T,1037
"CHIPINGE CENTRALConstituency, the results are as",Machingura Raymore,M,ZANU PF,12167
"CHIPINGE CENTRALConstituency, the results are as",Muhlupeko Vhurande,M,NCA,146
"CHIPINGE CENTRALConstituency, the results are as",Maremudze Notion,M,ZIPP,146
"CHIPINGE CENTRALConstituency, the results are as",Mathabuka Shingai,M,PRC,898
,,RESULTS OF POLL,,
,,,,
,In respect of,"CHIPINGE EASTConstituency, the results are as follows:",,
Constituency,Name of Candidate,Sex,Party,Votes Received
"CHIPINGE EASTConstituency, the results are as follows:",Mlambo Win Busayi Juyana,M,Zanu PF,8349
"CHIPINGE EASTConstituency, the results are as follows:",Mlambo Mathias Matewu,M,MDC Alliance,8967
"CHIPINGE EASTConstituency, the results are as follows:",Masunungure Lovemore,M,PRC,765
"CHIPINGE EASTConstituency, the results are as follows:",Mwarera Joseph Taurayi,M,NCA,137
"CHIPINGE EASTConstituency, the results are as follows:",RESULTS OF POLL,,,
,"In respect of CHIPINGE SOUTH Constituency, the results are as follows:",,,
,,,,Votes
Constituency,Name of Candidate,Sex,Party,Received
"In respect of CHIPINGE SOUTH Constituency, the results are as follows:",,,,
"In respect of CHIPINGE SOUTH Constituency, the results are as follows:",CHIORORO,,,723
"In respect of CHIPINGE SOUTH Constituency, the results are as follows:",KUDAKWASHE FREEMAN,M,INDEPENDENT,
"In respect of CHIPINGE SOUTH Constituency, the results are as follows:",,,,
"In respect of CHIPINGE SOUTH Constituency, the results are as follows:",,,,
"In respect of CHIPINGE SOUTH Constituency, the results are as follows:",HLATYWAYO CLIFFORD,M,MDC-ALLIANCE,7 870
"In respect of CHIPINGE SOUTH Constituency, the results are as follows:",,,,
"In respect of CHIPINGE SOUTH Constituency, the results are as follows:",KUMBULA,M,ZIPP,253
"In respect of CHIPINGE SOUTH Constituency, the results are as follows:",KUDAKWASHE,,,
"In respect of CHIPINGE SOUTH Constituency, the results are as follows:",,,,
"In respect of CHIPINGE SOUTH Constituency, the results are as follows:",,,,
"In respect of CHIPINGE SOUTH Constituency, the results are as follows:",MOYANA JERRY,,,
"In respect of CHIPINGE SOUTH Constituency, the results are as follows:",MATINAKA,M,INDEPENDENT,2 366
"In respect of CHIPINGE SOUTH Constituency, the results are as follows:",,,,
"In respect of CHIPINGE SOUTH Constituency, the results are as follows:",,,,
"In respect of CHIPINGE SOUTH Constituency, the results are as follows:",MUHAMBA VHULA,M,CODE,107
"In respect of CHIPINGE SOUTH Constituency, the results are as follows:",,,,
"In respect of CHIPINGE SOUTH Constituency, the results are as follows:",,,,
"In respect of CHIPINGE SOUTH Constituency, the results are as follows:",MUPAKATI TAKAWIRA,M,NCA,238
"In respect of CHIPINGE SOUTH Constituency, the results are as follows:",,,,
"In respect of CHIPINGE SOUTH Constituency, the results are as follows:",,,,
"In respect of CHIPINGE SOUTH Constituency, the results are as follows:",PORUSINGAZI ENOCK,M,ZANU PF,9 382
"In respect of CHIPINGE SOUTH Constituency, the results are as follows:",,,,
,In respect of,"CHIPINGE WEST  Constituency, the results are as follows:",,
Constituency,Name of Candidate,Sex,Party,Votes Received
"CHIPINGE WEST  Constituency, the results are as follows:",Nyamudeza Sibonile,M,MDC Alliance,8754
"CHIPINGE WEST  Constituency, the results are as follows:",Chimwamurombe Adam,M,Zanu PF,6475
"CHIPINGE WEST  Constituency, the results are as follows:",Mhlanga Robert Peter,M,NCA,410
"CHIPINGE WEST  Constituency, the results are as follows:",Saungweme Lovemore,M,NPF,121
"CHIPINGE WEST  Constituency, the results are as follows:",Chateya Daisy,F,PRC,272
"CHIPINGE WEST  Constituency, the results are as follows:",RESULTS OF POLL,,,
,"In respect of DANGAMVURA/CHIKANGA Constituency, the results are as",,,
,follows:,,,
,,,,Votes
Constituency,Name of Candidate,Sex,Party,Received
"In respect of DANGAMVURA/CHIKANGA Constituency, the results are as",,,,
"In respect of DANGAMVURA/CHIKANGA Constituency, the results are as",CHIPANGA HOSIA,M,INDEPENDENT,1 385
"In respect of DANGAMVURA/CHIKANGA Constituency, the results are as",,,,
"In respect of DANGAMVURA/CHIKANGA Constituency, the results are as",,,,
"In respect of DANGAMVURA/CHIKANGA Constituency, the results are as",CHOTO NGONI,M,ZIPP,520
"In respect of DANGAMVURA/CHIKANGA Constituency, the results are as",,,,
"In respect of DANGAMVURA/CHIKANGA Constituency, the results are as",,,,
"In respect of DANGAMVURA/CHIKANGA Constituency, the results are as",JERIMANI ALEC,M,CP,282
"In respect of DANGAMVURA/CHIKANGA Constituency, the results are as",,,,
"In respect of DANGAMVURA/CHIKANGA Constituency, the results are as",,,,
"In respect of DANGAMVURA/CHIKANGA Constituency, the results are as",KADZERE CHENGETAI,,,327
"In respect of DANGAMVURA/CHIKANGA Constituency, the results are as",RICHARD,M,INDEPENDENT,
"In respect of DANGAMVURA/CHIKANGA Constituency, the results are as",,,,
"In respect of DANGAMVURA/CHIKANGA Constituency, the results are as",,,,
"In respect of DANGAMVURA/CHIKANGA Constituency, the results are as",MACHIKWA EMMANUEL,M,APA,170
"In respect of DANGAMVURA/CHIKANGA Constituency, the results are as",,,,
"In respect of DANGAMVURA/CHIKANGA Constituency, the results are as",,,,
"In respect of DANGAMVURA/CHIKANGA Constituency, the results are as",MAERESERA TAZIVEYI,M,PRC,266
"In respect of DANGAMVURA/CHIKANGA Constituency, the results are as",RAJAB,,,
"In respect of DANGAMVURA/CHIKANGA Constituency, the results are as",,,,
"In respect of DANGAMVURA/CHIKANGA Constituency, the results are as",,,,
"In respect of DANGAMVURA/CHIKANGA Constituency, the results are as",MUDEHWE TENDAYI,F,MDC-T,2 818
"In respect of DANGAMVURA/CHIKANGA Constituency, the results are as",LYNNET,,,
"In respect of DANGAMVURA/CHIKANGA Constituency, the results are as",,,,
"In respect of DANGAMVURA/CHIKANGA Constituency, the results are as",,,,
"In respect of DANGAMVURA/CHIKANGA Constituency, the results are as",MUPFUMI ISAU FUNGAI,M,ZANU PF,9 856
"In respect of DANGAMVURA/CHIKANGA Constituency, the results are as",,,,
"In respect of DANGAMVURA/CHIKANGA Constituency, the results are as",,,,
"In respect of DANGAMVURA/CHIKANGA Constituency, the results are as",MUTSEYAMI CHAPFIWA,M,MDC-ALLIANCE,32 381
"In respect of DANGAMVURA/CHIKANGA Constituency, the results are as",PROSPER,,,
"In respect of DANGAMVURA/CHIKANGA Constituency, the results are as",,,,
"In respect of DANGAMVURA/CHIKANGA Constituency, the results are as",YAMANDE HATIZIVI,M,INDEPENDENT,899
"In respect of DANGAMVURA/CHIKANGA Constituency, the results are as",OACHEM,,,
"In respect of DANGAMVURA/CHIKANGA Constituency, the results are as",,,,
"In respect of DANGAMVURA/CHIKANGA Constituency, the results are as",,,,
"In respect of DANGAMVURA/CHIKANGA Constituency, the results are as",YAZENGA MISHECK,M,INDEPENDENT,42
"In respect of DANGAMVURA/CHIKANGA Constituency, the results are as",,,,
"In respect of DANGAMVURA/CHIKANGA Constituency, the results are as",,,,
"In respect of DANGAMVURA/CHIKANGA Constituency, the results are as",USIKE JUDITH,F,ZDU,102
"In respect of DANGAMVURA/CHIKANGA Constituency, the results are as",,,,
"In respect of DANGAMVURA/CHIKANGA Constituency, the results are as",,,,
"In respect of DANGAMVURA/CHIKANGA Constituency, the results are as",,,,
"In respect of DANGAMVURA/CHIKANGA Constituency, the results are as",ETENA TARISAI,M,# 1980 CHINHU CHEDU,22
"In respect of DANGAMVURA/CHIKANGA Constituency, the results are as",,,,
"In respect of DANGAMVURA/CHIKANGA Constituency, the results are as",,,,
"In respect of DANGAMVURA/CHIKANGA Constituency, the results are as",SIKIWA NORMAN,M,INDEPENDENT,142
"In respect of DANGAMVURA/CHIKANGA Constituency, the results are as",,,,
"In respect of DANGAMVURA/CHIKANGA Constituency, the results are as",,,,
"In respect of DANGAMVURA/CHIKANGA Constituency, the results are as",IDUCHE MERCY,F,NCA,172
"In respect of DANGAMVURA/CHIKANGA Constituency, the results are as",,,,
"In respect of DANGAMVURA/CHIKANGA Constituency, the results are as",RESULTS OF POLL,,,
,"In respect of HEADLANDS Constituency, the results are as follows:",,,
,,,,Votes
Constituency,Name of Candidate,Sex,Party,Received
"In respect of HEADLANDS Constituency, the results are as follows:",,,,
"In respect of HEADLANDS Constituency, the results are as follows:",CHINGOSHO,M,ZANU PF,13 798
"In respect of HEADLANDS Constituency, the results are as follows:",CHRISTOPHER PETER,,,
"In respect of HEADLANDS Constituency, the results are as follows:",,,,
"In respect of HEADLANDS Constituency, the results are as follows:",,,,
"In respect of HEADLANDS Constituency, the results are as follows:",CHIRIPAMBERI TAURAI,M,INDEPENDENT,1536
"In respect of HEADLANDS Constituency, the results are as follows:",WILLIAM,,,
"In respect of HEADLANDS Constituency, the results are as follows:",,,,
"In respect of HEADLANDS Constituency, the results are as follows:",,,,
"In respect of HEADLANDS Constituency, the results are as follows:",CHIRO CLIFORD,M,BZA,168
"In respect of HEADLANDS Constituency, the results are as follows:",,,,
"In respect of HEADLANDS Constituency, the results are as follows:",,,,
"In respect of HEADLANDS Constituency, the results are as follows:",CHITAURO KINGSTON,M,MDC-T,2 190
"In respect of HEADLANDS Constituency, the results are as follows:",,,,
"In respect of HEADLANDS Constituency, the results are as follows:",,,,
"In respect of HEADLANDS Constituency, the results are as follows:",CHIUNYA VENGAI,M,# 1980 CHINHU CHEDU,63
"In respect of HEADLANDS Constituency, the results are as follows:",GODFREY,,,
"In respect of HEADLANDS Constituency, the results are as follows:",,,,
"In respect of HEADLANDS Constituency, the results are as follows:",,,,
"In respect of HEADLANDS Constituency, the results are as follows:",GONESO CANAAN,M,ZIPP,79
"In respect of HEADLANDS Constituency, the results are as follows:",,,,
"In respect of HEADLANDS Constituency, the results are as follows:",,,,
"In respect of HEADLANDS Constituency, the results are as follows:",JINDU PHILLIP,M,INDEPENDENT,299
"In respect of HEADLANDS Constituency, the results are as follows:",,,,
"In respect of HEADLANDS Constituency, the results are as follows:",,,,
"In respect of HEADLANDS Constituency, the results are as follows:",JULIUS LASTONE,M,CODE,94
"In respect of HEADLANDS Constituency, the results are as follows:",,,,
"In respect of HEADLANDS Constituency, the results are as follows:",,,,
"In respect of HEADLANDS Constituency, the results are as follows:",KAUNYE JAMES,M,PRC,165
"In respect of HEADLANDS Constituency, the results are as follows:",,,,
"In respect of HEADLANDS Constituency, the results are as follows:",,,,
"In respect of HEADLANDS Constituency, the results are as follows:",MUKARATIRWA ALBERT,M,MDC-ALLIANCE,4 880
"In respect of HEADLANDS Constituency, the results are as follows:",,,,
"In respect of HEADLANDS Constituency, the results are as follows:",,,,
"In respect of HEADLANDS Constituency, the results are as follows:",,,,
"In respect of HEADLANDS Constituency, the results are as follows:",MUTOWA CHRISWELL,M,NCA,28
"In respect of HEADLANDS Constituency, the results are as follows:",,,,
"In respect of HEADLANDS Constituency, the results are as follows:",,,,
"In respect of HEADLANDS Constituency, the results are as follows:",SIBANDA LAWRENCE,M,INDEPENDENT,63
"In respect of HEADLANDS Constituency, the results are as follows:",,,,
"In respect of HEADLANDS Constituency, the results are as follows:",,,,
"In respect of HEADLANDS Constituency, the results are as follows:",TANDI KEDDY CLIFF,M,MAAT ZIMBABWE,69
"In respect of HEADLANDS Constituency, the results are as follows:",RESULTS OF POLL,,,
,"In respect of MAKONI CENTRAL Constituency, the results are as follows:",,,
,,,,Votes
Constituency,Name of Candidate,Sex,Party,Received
"In respect of MAKONI CENTRAL Constituency, the results are as follows:",,,,
"In respect of MAKONI CENTRAL Constituency, the results are as follows:",Tekeshe David,M,MDC-ALLIANCE,12 531
"In respect of MAKONI CENTRAL Constituency, the results are as follows:",,,,
"In respect of MAKONI CENTRAL Constituency, the results are as follows:",,,,
"In respect of MAKONI CENTRAL Constituency, the results are as follows:",Chinamasa Patrick Anthony,M,ZANU PF,9 256
"In respect of MAKONI CENTRAL Constituency, the results are as follows:",,,,
"In respect of MAKONI CENTRAL Constituency, the results are as follows:",,,,
"In respect of MAKONI CENTRAL Constituency, the results are as follows:",Chasara Nesbert Pfunya,M,UDA,304
"In respect of MAKONI CENTRAL Constituency, the results are as follows:",,,,
"In respect of MAKONI CENTRAL Constituency, the results are as follows:",,,,
"In respect of MAKONI CENTRAL Constituency, the results are as follows:",Matope Juliet,F,NCA,191
"In respect of MAKONI CENTRAL Constituency, the results are as follows:",,,,
"In respect of MAKONI CENTRAL Constituency, the results are as follows:",,,,
"In respect of MAKONI CENTRAL Constituency, the results are as follows:",Mukaka Shepherd,M,# 1980 CHINHU,59
"In respect of MAKONI CENTRAL Constituency, the results are as follows:",,,CHEDU,
"In respect of MAKONI CENTRAL Constituency, the results are as follows:",RESULTS OF POLL,,,
,"In respect of MAKONI NORTH Constituency, the results are as follows:",,,
,,,,Votes
Constituency,Name of Candidate,Sex,Party,Received
"In respect of MAKONI NORTH Constituency, the results are as follows:",,,,
"In respect of MAKONI NORTH Constituency, the results are as follows:",Chigume Paul,M,Independent,435
"In respect of MAKONI NORTH Constituency, the results are as follows:",,,,
"In respect of MAKONI NORTH Constituency, the results are as follows:",Chiro Joseph,M,BZA,186
"In respect of MAKONI NORTH Constituency, the results are as follows:",,,,
"In respect of MAKONI NORTH Constituency, the results are as follows:",Kwangwa Virginia,F,NCA,94
"In respect of MAKONI NORTH Constituency, the results are as follows:",,,,
"In respect of MAKONI NORTH Constituency, the results are as follows:",Mabvepi Muwanga,M,CODE,224
"In respect of MAKONI NORTH Constituency, the results are as follows:",,,,
"In respect of MAKONI NORTH Constituency, the results are as follows:",Manyengawana Moses,M,MDC-Alliance,4941
"In respect of MAKONI NORTH Constituency, the results are as follows:",,,,
"In respect of MAKONI NORTH Constituency, the results are as follows:",Munetsi James,M,ZANU PF,12 189
"In respect of MAKONI NORTH Constituency, the results are as follows:",,,,
"In respect of MAKONI NORTH Constituency, the results are as follows:",Mupfapairi Brighton,M,Independent,468
"In respect of MAKONI NORTH Constituency, the results are as follows:",,,,
"In respect of MAKONI NORTH Constituency, the results are as follows:",Nyawaranda Clever,M,ZIPP,77
"In respect of MAKONI NORTH Constituency, the results are as follows:",RESULTS OF POLL,,,
,"In respect of MAKONI SOUTH Constituency, the results are as follows:",,,
Constituency,Name of Candidate,Sex,Party,Votes Received
"In respect of MAKONI SOUTH Constituency, the results are as follows:",,,,
"In respect of MAKONI SOUTH Constituency, the results are as follows:",Chiwukira Munodaani,M,PPPZ,365
"In respect of MAKONI SOUTH Constituency, the results are as follows:",Gilbert,,,
"In respect of MAKONI SOUTH Constituency, the results are as follows:",,,,
"In respect of MAKONI SOUTH Constituency, the results are as follows:",Kutiya John,M,MDC-ALLIANCE,9 037
"In respect of MAKONI SOUTH Constituency, the results are as follows:",,,,
"In respect of MAKONI SOUTH Constituency, the results are as follows:",Mataranyika Dudzai,M,ZANU PF,11 622
"In respect of MAKONI SOUTH Constituency, the results are as follows:",Misheck,,,
"In respect of MAKONI SOUTH Constituency, the results are as follows:",,,,
"In respect of MAKONI SOUTH Constituency, the results are as follows:",Mukunda David,M,NCA,81
"In respect of MAKONI SOUTH Constituency, the results are as follows:",,,,
"In respect of MAKONI SOUTH Constituency, the results are as follows:",Mupimbira Misheck,M,FREEZIM,108
"In respect of MAKONI SOUTH Constituency, the results are as follows:",,,CONGRESS PARTY,
"In respect of MAKONI SOUTH Constituency, the results are as follows:",Murerawanhu Obert,M,ZIPP,130
"In respect of MAKONI SOUTH Constituency, the results are as follows:",,,,
"In respect of MAKONI SOUTH Constituency, the results are as follows:",,,,
"In respect of MAKONI SOUTH Constituency, the results are as follows:",Mvundura Itayi,M,PRC,131
"In respect of MAKONI SOUTH Constituency, the results are as follows:",Washington,,,
"In respect of MAKONI SOUTH Constituency, the results are as follows:",,,,
"In respect of MAKONI SOUTH Constituency, the results are as follows:",Samunumba Anderson,M,# 1980 Chinhu Chedu,67
"In respect of MAKONI SOUTH Constituency, the results are as follows:",RESULTS OF POLL,,,
,"In respect of MAKONI WEST Constituency, the results are as follows:",,,
,,,,Votes
Constituency,Name of Candidate,Sex,Party,Received
"In respect of MAKONI WEST Constituency, the results are as follows:",,,,
"In respect of MAKONI WEST Constituency, the results are as follows:",Chinyadza Webber,M,MDC-T,2 507
"In respect of MAKONI WEST Constituency, the results are as follows:",,,,
"In respect of MAKONI WEST Constituency, the results are as follows:",,,,
"In respect of MAKONI WEST Constituency, the results are as follows:",Danha Francis,M,# 1980 Freedom Movement,292
"In respect of MAKONI WEST Constituency, the results are as follows:",,,Zimbabwe,
"In respect of MAKONI WEST Constituency, the results are as follows:",,,,
"In respect of MAKONI WEST Constituency, the results are as follows:",Govha Godfrey,M,MDC-Alliance,4 530
"In respect of MAKONI WEST Constituency, the results are as follows:",Makwasha,,,
"In respect of MAKONI WEST Constituency, the results are as follows:",,,,
"In respect of MAKONI WEST Constituency, the results are as follows:",,,,
"In respect of MAKONI WEST Constituency, the results are as follows:",Kunze Pahwaringira,F,CODE,43
"In respect of MAKONI WEST Constituency, the results are as follows:",Veniah,,,
"In respect of MAKONI WEST Constituency, the results are as follows:",,,,
"In respect of MAKONI WEST Constituency, the results are as follows:",,,,
"In respect of MAKONI WEST Constituency, the results are as follows:",Kwanayi Josphine,F,NCA,58
"In respect of MAKONI WEST Constituency, the results are as follows:",,,,
"In respect of MAKONI WEST Constituency, the results are as follows:",,,,
"In respect of MAKONI WEST Constituency, the results are as follows:",Mukucha Kenneth,M,APC,70
"In respect of MAKONI WEST Constituency, the results are as follows:",,,,
"In respect of MAKONI WEST Constituency, the results are as follows:",,,,
"In respect of MAKONI WEST Constituency, the results are as follows:",Muswere Jenfan,M,ZANU PF,7 772
"In respect of MAKONI WEST Constituency, the results are as follows:",,,,
"In respect of MAKONI WEST Constituency, the results are as follows:",,,,
"In respect of MAKONI WEST Constituency, the results are as follows:",Muteweye Silvester,M,RPZ,51
"In respect of MAKONI WEST Constituency, the results are as follows:",Ndlovu Nhlanhla,M,ZIPP,81
"In respect of MAKONI WEST Constituency, the results are as follows:",,,,
"In respect of MAKONI WEST Constituency, the results are as follows:",,,,
"In respect of MAKONI WEST Constituency, the results are as follows:",Sambo Macdonald,M,PRC,54
"In respect of MAKONI WEST Constituency, the results are as follows:",RESULTS OF POLL,,,
,"In respect of MUSIKAVANHU Constituency, the results are as follows:",,,
Constituency,Name of Candidate,Sex,Party,Votes Received
"In respect of MUSIKAVANHU Constituency, the results are as follows:",,,,
"In respect of MUSIKAVANHU Constituency, the results are as follows:",MURIRE JOSHUA,M,ZANU PF,6 559
"In respect of MUSIKAVANHU Constituency, the results are as follows:",,,,
"In respect of MUSIKAVANHU Constituency, the results are as follows:",,,,
"In respect of MUSIKAVANHU Constituency, the results are as follows:",SIMANGO SIMON,M,PRC,1 029
"In respect of MUSIKAVANHU Constituency, the results are as follows:",,,,
"In respect of MUSIKAVANHU Constituency, the results are as follows:",,,,
"In respect of MUSIKAVANHU Constituency, the results are as follows:",SITHOLE SIFISO,M,MDC-ALLIANCE,6 162
"In respect of MUSIKAVANHU Constituency, the results are as follows:",,,,
"In respect of MUSIKAVANHU Constituency, the results are as follows:",,,,
"In respect of MUSIKAVANHU Constituency, the results are as follows:",MUCHAURAYA,M,INDEPENDENT,1 855
"In respect of MUSIKAVANHU Constituency, the results are as follows:",PISHAI,,,
"In respect of MUSIKAVANHU Constituency, the results are as follows:",,,,
"In respect of MUSIKAVANHU Constituency, the results are as follows:",SITHOLE PAMBUKA,M,NCA,155
"In respect of MUSIKAVANHU Constituency, the results are as follows:",CANFRED,,,
"In respect of MUSIKAVANHU Constituency, the results are as follows:",RESULTS OF POLL,,,
"In respect of MUSIKAVANHU Constituency, the results are as follows:",,,,
,"In respect of MUTARE CENTRAL Constituency,the results are as follows:",,,
Constituency,Name of Candidate,Sex,Party  Votes Received,
"In respect of MUTARE CENTRAL Constituency,the results are as follows:",Chitaka Patrick,M,Independent,192
"In respect of MUTARE CENTRAL Constituency,the results are as follows:",Gonese Innocent Tinashe,M,MDC Alliance,11950
"In respect of MUTARE CENTRAL Constituency,the results are as follows:",Mauya Emmanuel,M,NCA,106
"In respect of MUTARE CENTRAL Constituency,the results are as follows:",Mundembe George,M,Independent,251
"In respect of MUTARE CENTRAL Constituency,the results are as follows:",Mushunje Appross,M,ZIPP,62
"In respect of MUTARE CENTRAL Constituency,the results are as follows:",Mutasa Musiyiwa,F,ZDU,20
"In respect of MUTARE CENTRAL Constituency,the results are as follows:",Porunobva Vengai Allan,M,Coalition of Demo,11
"In respect of MUTARE CENTRAL Constituency,the results are as follows:",Rumhungwe Marvin,M,MDC T,210
"In respect of MUTARE CENTRAL Constituency,the results are as follows:",Simpindi Brian Tendai,M,PRC,50
"In respect of MUTARE CENTRAL Constituency,the results are as follows:",Saungweme Nancy,F,ZANU PF,5684
"In respect of MUTARE CENTRAL Constituency,the results are as follows:",Zimbudzi Nathan,M,Free Zim Congress,33
"In respect of MUTARE CENTRAL Constituency,the results are as follows:",RESULTS OF POLL,,,
,,,,
,"In respect of  MUTARE NORTHConstituency, the results are as follows:",,,
Constituency,Name of Candidate,Sex,Party,Votes Received
"In respect of  MUTARE NORTHConstituency, the results are as follows:",Madiro Michael,M,Zanu PF,6511
"In respect of  MUTARE NORTHConstituency, the results are as follows:",Masiyakurima Agrippa,M,NPF,3229
"In respect of  MUTARE NORTHConstituency, the results are as follows:",Bopela,,,
"In respect of  MUTARE NORTHConstituency, the results are as follows:",Matai Maud Ngonidzashe,F,ZIPP,154
"In respect of  MUTARE NORTHConstituency, the results are as follows:",Matara Pedigree,F,PRC,137
"In respect of  MUTARE NORTHConstituency, the results are as follows:",Munyamana Godfrey,M,MDC Alliance,3962
"In respect of  MUTARE NORTHConstituency, the results are as follows:",National Assembly Election 2018,,,
"In respect of  MUTARE NORTHConstituency, the results are as follows:",RESULTS OF POLL,,,
,"In respect of MUTARE SOUTH Constituency, the results are as follows:",,,
,,,,Votes
Constituency,Name of Candidate,Sex,Party,Received
"In respect of MUTARE SOUTH Constituency, the results are as follows:",,,,
"In respect of MUTARE SOUTH Constituency, the results are as follows:",Gwazaza Oliver,M,INDEPENDENT,748
"In respect of MUTARE SOUTH Constituency, the results are as follows:",,,,
"In respect of MUTARE SOUTH Constituency, the results are as follows:",,,,
"In respect of MUTARE SOUTH Constituency, the results are as follows:",Jambaya Takunda,M,NCA,470
"In respect of MUTARE SOUTH Constituency, the results are as follows:",,,,
"In respect of MUTARE SOUTH Constituency, the results are as follows:",,,,
"In respect of MUTARE SOUTH Constituency, the results are as follows:",Machikiti Langton,M,PRC,237
"In respect of MUTARE SOUTH Constituency, the results are as follows:",,,,
"In respect of MUTARE SOUTH Constituency, the results are as follows:",,,,
"In respect of MUTARE SOUTH Constituency, the results are as follows:",Mangoyana Haward,M,NPF,449
"In respect of MUTARE SOUTH Constituency, the results are as follows:",,,,
"In respect of MUTARE SOUTH Constituency, the results are as follows:",,,,
"In respect of MUTARE SOUTH Constituency, the results are as follows:",Mapudzi Givemore,M,ZIPP,181
"In respect of MUTARE SOUTH Constituency, the results are as follows:",,,,
"In respect of MUTARE SOUTH Constituency, the results are as follows:",,,,
"In respect of MUTARE SOUTH Constituency, the results are as follows:",Mlambo Nelson,M,ZDU,105
"In respect of MUTARE SOUTH Constituency, the results are as follows:",,,,
"In respect of MUTARE SOUTH Constituency, the results are as follows:",,,,
"In respect of MUTARE SOUTH Constituency, the results are as follows:",Mukundidza Blessing,M,APA,138
"In respect of MUTARE SOUTH Constituency, the results are as follows:",,,,
"In respect of MUTARE SOUTH Constituency, the results are as follows:",,,,
"In respect of MUTARE SOUTH Constituency, the results are as follows:",,,,
"In respect of MUTARE SOUTH Constituency, the results are as follows:",Ngome Jefry,M,ZANU PF,16 495
"In respect of MUTARE SOUTH Constituency, the results are as follows:",,,,
"In respect of MUTARE SOUTH Constituency, the results are as follows:",Puwai Gashirai,M,ZIPP,182
"In respect of MUTARE SOUTH Constituency, the results are as follows:",Saunyama Robert,M,MDC-ALLIANCE,10 050
"In respect of MUTARE SOUTH Constituency, the results are as follows:","TaruvingaMoreblessing",F,# 1980 CHINHU CHEDU,71
"In respect of MUTARE SOUTH Constituency, the results are as follows:",RESULTS OF POLL,,,
,"In respect of MUTARE WEST Constituency, the results are as follows:",,,
Constituency,Name of Candidate,Sex,Party,Votes Received
"In respect of MUTARE WEST Constituency, the results are as follows:",,,,
"In respect of MUTARE WEST Constituency, the results are as follows:",Marange Israel Smart,M,ZIPP,853
"In respect of MUTARE WEST Constituency, the results are as follows:",,,,
"In respect of MUTARE WEST Constituency, the results are as follows:",,,,
"In respect of MUTARE WEST Constituency, the results are as follows:",Marange Rodwell,,,
"In respect of MUTARE WEST Constituency, the results are as follows:",Shambare,M,INDEPENDENT,550
"In respect of MUTARE WEST Constituency, the results are as follows:",,,,
"In respect of MUTARE WEST Constituency, the results are as follows:",,,,
"In respect of MUTARE WEST Constituency, the results are as follows:",Muchimwe Percy,,,
"In respect of MUTARE WEST Constituency, the results are as follows:",Teedzai,M,ZANU PF,17 871
"In respect of MUTARE WEST Constituency, the results are as follows:",,,,
"In respect of MUTARE WEST Constituency, the results are as follows:",,,,
"In respect of MUTARE WEST Constituency, the results are as follows:",Mudiwa Malvern,M,MDC-ALLIANCE,7 920
"In respect of MUTARE WEST Constituency, the results are as follows:",,,,
"In respect of MUTARE WEST Constituency, the results are as follows:",,,,
"In respect of MUTARE WEST Constituency, the results are as follows:",Mudiwa Shuah,M,PRC,476
"In respect of MUTARE WEST Constituency, the results are as follows:",,,,
"In respect of MUTARE WEST Constituency, the results are as follows:",,,,
"In respect of MUTARE WEST Constituency, the results are as follows:",Munjoma Thomas,M,INDEPENDENT,964
"In respect of MUTARE WEST Constituency, the results are as follows:",,,,
"In respect of MUTARE WEST Constituency, the results are as follows:",,,,
"In respect of MUTARE WEST Constituency, the results are as follows:",Muzama Tariro,M,NCA,116
"In respect of MUTARE WEST Constituency, the results are as follows:",,,,
"In respect of MUTARE WEST Constituency, the results are as follows:",,,,
"In respect of MUTARE WEST Constituency, the results are as follows:",Nhaitai Fungai,M,INDEPENDENT,130
"In respect of MUTARE WEST Constituency, the results are as follows:",RESULTS OF POLL,,,
,"In respect of MUTASA CENTRAL Constituency, the results are as follows:",,,
,,,,Votes
Constituency,Name of Candidate,Sex,Party,Received
"In respect of MUTASA CENTRAL Constituency, the results are as follows:",,,,
"In respect of MUTASA CENTRAL Constituency, the results are as follows:",Chikuni Tapiwa Laxon,M,ZDU,297
"In respect of MUTASA CENTRAL Constituency, the results are as follows:",,,,
"In respect of MUTASA CENTRAL Constituency, the results are as follows:",,,,
"In respect of MUTASA CENTRAL Constituency, the results are as follows:",Dzoma Ernest Kuziwa,M,NCA,163
"In respect of MUTASA CENTRAL Constituency, the results are as follows:",,,,
"In respect of MUTASA CENTRAL Constituency, the results are as follows:",,,,
"In respect of MUTASA CENTRAL Constituency, the results are as follows:",Mapenzi Netsayi,F,MDC-T,819
"In respect of MUTASA CENTRAL Constituency, the results are as follows:",,,,
"In respect of MUTASA CENTRAL Constituency, the results are as follows:",,,,
"In respect of MUTASA CENTRAL Constituency, the results are as follows:",Mukura Norman Sarayi,M,ZIPP,99
"In respect of MUTASA CENTRAL Constituency, the results are as follows:",,,,
"In respect of MUTASA CENTRAL Constituency, the results are as follows:",,,,
"In respect of MUTASA CENTRAL Constituency, the results are as follows:",,,,
"In respect of MUTASA CENTRAL Constituency, the results are as follows:",Mwashita Richard,M,Independent,58
"In respect of MUTASA CENTRAL Constituency, the results are as follows:",,,,
"In respect of MUTASA CENTRAL Constituency, the results are as follows:",,,,
"In respect of MUTASA CENTRAL Constituency, the results are as follows:",Sakupwanya Jefter Kuziwa,M,ZANU PF,9 621
"In respect of MUTASA CENTRAL Constituency, the results are as follows:",,,,
"In respect of MUTASA CENTRAL Constituency, the results are as follows:",,,,
"In respect of MUTASA CENTRAL Constituency, the results are as follows:",Saruwaka Trevor Jones,M,MDC-Alliance,11 919
"In respect of MUTASA CENTRAL Constituency, the results are as follows:",Lovelace,,,
"In respect of MUTASA CENTRAL Constituency, the results are as follows:",,,,
"In respect of MUTASA CENTRAL Constituency, the results are as follows:",,,,
"In respect of MUTASA CENTRAL Constituency, the results are as follows:",Tande Confidence,F,FreeZim Congress Party,30
"In respect of MUTASA CENTRAL Constituency, the results are as follows:",RESULTS OF POLL,,,
,"In respect of MUTASA NORTH Constituency, the results are as follows:",,,
,,,,Votes
Constituency,Name of Candidate,Sex,Party,Received
"In respect of MUTASA NORTH Constituency, the results are as follows:",,,,
"In respect of MUTASA NORTH Constituency, the results are as follows:",Chideya Shepherd Tapuwa,M,ZIPP,712
"In respect of MUTASA NORTH Constituency, the results are as follows:",,,,
"In respect of MUTASA NORTH Constituency, the results are as follows:",,,,
"In respect of MUTASA NORTH Constituency, the results are as follows:",Chimhini David Antony,M,MDC-Alliance,11635
"In respect of MUTASA NORTH Constituency, the results are as follows:",,,,
"In respect of MUTASA NORTH Constituency, the results are as follows:",,,,
"In respect of MUTASA NORTH Constituency, the results are as follows:",Chiremba John,M,CODE,153
"In respect of MUTASA NORTH Constituency, the results are as follows:",,,,
"In respect of MUTASA NORTH Constituency, the results are as follows:",,,,
"In respect of MUTASA NORTH Constituency, the results are as follows:",Madiwa Chido,F,ZANU PF,11913
"In respect of MUTASA NORTH Constituency, the results are as follows:",,,,
"In respect of MUTASA NORTH Constituency, the results are as follows:",,,,
"In respect of MUTASA NORTH Constituency, the results are as follows:",Masamvu James Tawanda,M,Independent,1060
"In respect of MUTASA NORTH Constituency, the results are as follows:",,,,
"In respect of MUTASA NORTH Constituency, the results are as follows:",,,,
"In respect of MUTASA NORTH Constituency, the results are as follows:",Mudowaya Shadreck Steven,M,MDC-T,0
"In respect of MUTASA NORTH Constituency, the results are as follows:",RESULTS OF POLL,,,
,"In respect of MUTASA SOUTH Constituency, the results are as follows:",,,
Constituency,Name of Candidate,Sex,Party  Votes Received,
"In respect of MUTASA SOUTH Constituency, the results are as follows:",,,,
"In respect of MUTASA SOUTH Constituency, the results are as follows:",Mugadza Misheck,M,ZANU PF,12736
"In respect of MUTASA SOUTH Constituency, the results are as follows:",,,,
"In respect of MUTASA SOUTH Constituency, the results are as follows:",,,,
"In respect of MUTASA SOUTH Constituency, the results are as follows:",Mukarakate Anyway,M,FREEZIM CONGRESS,201
"In respect of MUTASA SOUTH Constituency, the results are as follows:",,,PARTY,
"In respect of MUTASA SOUTH Constituency, the results are as follows:",,,,
"In respect of MUTASA SOUTH Constituency, the results are as follows:",,,,
"In respect of MUTASA SOUTH Constituency, the results are as follows:",,,,
"In respect of MUTASA SOUTH Constituency, the results are as follows:",Munyoro Learnmore,M,ZIPP,185
"In respect of MUTASA SOUTH Constituency, the results are as follows:",,,,
"In respect of MUTASA SOUTH Constituency, the results are as follows:",,,,
"In respect of MUTASA SOUTH Constituency, the results are as follows:",Murahwa Daniel,M,PRc,168
"In respect of MUTASA SOUTH Constituency, the results are as follows:",Ngonidzaishe,,,
"In respect of MUTASA SOUTH Constituency, the results are as follows:",,,,
"In respect of MUTASA SOUTH Constituency, the results are as follows:",,,,
"In respect of MUTASA SOUTH Constituency, the results are as follows:",,,,
"In respect of MUTASA SOUTH Constituency, the results are as follows:",Nyakunu Walter,M,APA,144
"In respect of MUTASA SOUTH Constituency, the results are as follows:",,,,
"In respect of MUTASA SOUTH Constituency, the results are as follows:",,,,
"In respect of MUTASA SOUTH Constituency, the results are as follows:",Sande Patrick,M,ZDU,128
"In respect of MUTASA SOUTH Constituency, the results are as follows:",,,,
"In respect of MUTASA SOUTH Constituency, the results are as follows:",,,,
"In respect of MUTASA SOUTH Constituency, the results are as follows:",Tsunga Regai,M,MDC-ALLIANCE,14 783
"In respect of MUTASA SOUTH Constituency, the results are as follows:",RESULTS OF POLL,,,
,"In respect of NYANGA NORTH Constituency, the results are as follows:",,,
,,,,Votes
Constituency,Name of Candidate,Sex,Party,Received
"In respect of NYANGA NORTH Constituency, the results are as follows:",,,,
"In respect of NYANGA NORTH Constituency, the results are as follows:",Chatsanga Sarudzai,F,INDEPENDENT,1 967
"In respect of NYANGA NORTH Constituency, the results are as follows:",,,,
"In respect of NYANGA NORTH Constituency, the results are as follows:",,,,
"In respect of NYANGA NORTH Constituency, the results are as follows:",Chibvura Lovemore,M,NPF,362
"In respect of NYANGA NORTH Constituency, the results are as follows:",,,,
"In respect of NYANGA NORTH Constituency, the results are as follows:",,,,
"In respect of NYANGA NORTH Constituency, the results are as follows:",Kapomba Maxwell,M,PRC,212
"In respect of NYANGA NORTH Constituency, the results are as follows:",,,,
"In respect of NYANGA NORTH Constituency, the results are as follows:",,,,
"In respect of NYANGA NORTH Constituency, the results are as follows:",Kicheni Blessing Bruce,M,FREEZIM CONGRESS PARTY,121
"In respect of NYANGA NORTH Constituency, the results are as follows:",,,,
"In respect of NYANGA NORTH Constituency, the results are as follows:",,,,
"In respect of NYANGA NORTH Constituency, the results are as follows:",,,,
"In respect of NYANGA NORTH Constituency, the results are as follows:",,,,
"In respect of NYANGA NORTH Constituency, the results are as follows:",,,,
"In respect of NYANGA NORTH Constituency, the results are as follows:",Matoro Solomon Chenjerai,M,MDC-ALLIANCE,6 750
"In respect of NYANGA NORTH Constituency, the results are as follows:",,,,
"In respect of NYANGA NORTH Constituency, the results are as follows:",,,,
"In respect of NYANGA NORTH Constituency, the results are as follows:",Sanyatwe Chido,F,ZANU PF,14 167
"In respect of NYANGA NORTH Constituency, the results are as follows:",RESULTS OF POLL,,,
,"In respect of NYANGA SOUTH Constituency, the results are as follows:",,,
Constituency,Name of Candidate Sex Party  Votes Received,,,
"In respect of NYANGA SOUTH Constituency, the results are as follows:",,,,
"In respect of NYANGA SOUTH Constituency, the results are as follows:",Kadzima Talent F INDEPENDENT  3 119,F,INDEPENDENT,3119
"In respect of NYANGA SOUTH Constituency, the results are as follows:",,,,
"In respect of NYANGA SOUTH Constituency, the results are as follows:",Mandiwanzira Supa,M,ZANU PF,12 322
"In respect of NYANGA SOUTH Constituency, the results are as follows:",,,,
"In respect of NYANGA SOUTH Constituency, the results are as follows:",Mupotsa Nickson,M,# 1980 CHINHU CHEDU,95
"In respect of NYANGA SOUTH Constituency, the results are as follows:",,,,
"In respect of NYANGA SOUTH Constituency, the results are as follows:",Ngonzwe Webster,M,MDC-T,1114
"In respect of NYANGA SOUTH Constituency, the results are as follows:",,,,
"In respect of NYANGA SOUTH Constituency, the results are as follows:",,,,
"In respect of NYANGA SOUTH Constituency, the results are as follows:",,,,
"In respect of NYANGA SOUTH Constituency, the results are as follows:",,,,
"In respect of NYANGA SOUTH Constituency, the results are as follows:",,,,
"In respect of NYANGA SOUTH Constituency, the results are as follows:",Samanyanga Tonderai,M,MDC-ALLIANCE,7 464
"In respect of NYANGA SOUTH Constituency, the results are as follows:",,,,
"In respect of NYANGA SOUTH Constituency, the results are as follows:",,,,
