Province,Local Authority,District,Constituency,Ward No.,Polling Station,Facility,"DabengwaDumiso (ZAPU)","Mugabe RobertGabriel (ZANUPF)","MukwazheMunodeiKisinoti (ZDP)","NcubeWelshman(MDC)","TsvangiraiMorgan (MDC-T)","Total VotesRejected","Ballot PapersUnaccounted for",Total Votes Cast,"Total Valid VotesCast",s
Bulawayo,Bulawayo City Council,Mzilikazi/Khumalo,Bulawayo Central,1,City Hall A,Hall,8,154,0,47,345,4,0,558,554,
Bulawayo,Bulawayo City Council,Mzilikazi/Khumalo,Bulawayo Central,1,City Hall B,Hall,2,101,0,28,186,1,0,318,317,
Bulawayo,Bulawayo City Council,Mzilikazi/Khumalo,Bulawayo Central,1,Eveline High School A,School,2,59,0,19,178,2,0,260,258,
Bulawayo,Bulawayo City Council,Mzilikazi/Khumalo,Bulawayo Central,1,Eveline High School B,School,0,47,0,5,79,0,0,131,131,
Bulawayo,Bulawayo City Council,Mzilikazi/Khumalo,Bulawayo Central,1,Mckeurtan Primary School A,School,1,31,0,4,28,1,0,65,64,
Bulawayo,Bulawayo City Council,Mzilikazi/Khumalo,Bulawayo Central,1,Mckeurtan Primary School B,School,0,7,0,0,7,0,0,14,14,
Bulawayo,Bulawayo City Council,Mzilikazi/Khumalo,Bulawayo Central,1,Milton Junior School A,School,4,43,0,25,169,1,0,242,241,
Bulawayo,Bulawayo City Council,Mzilikazi/Khumalo,Bulawayo Central,1,Milton Junior School B,School,1,27,0,14,71,0,0,113,113,
Bulawayo,Bulawayo City Council,Mzilikazi/Khumalo,Bulawayo Central,1,Old Bulawayo Polytechnic College,Hall,2,108,0,23,123,2,0,258,256,
Bulawayo,Bulawayo City Council,Mzilikazi/Khumalo,Bulawayo Central,1,Robert Tredgold Primary School A,School,0,30,0,0,16,0,0,46,46,
Bulawayo,Bulawayo City Council,Mzilikazi/Khumalo,Bulawayo Central,1,Robert Tredgold Primary School B,School,1,33,0,5,30,0,0,69,69,
Bulawayo,Bulawayo City Council,Mzilikazi/Khumalo,Bulawayo Central,1,T.M Hyper,Tent,3,103,0,9,137,1,0,253,252,
,,,,,,,,,,,,,,,,
,,,,,,,,,,,,,,,,
Bulawayo,Bulawayo City Council,Mzilikazi/Khumalo,Bulawayo Central,2,Airport Primary School,School,4,86,0,12,159,13,0,274,261,
Bulawayo,Bulawayo City Council,Mzilikazi/Khumalo,Bulawayo Central,2,Aiselby Primary School,School,0,9,0,3,45,2,0,59,57,
Bulawayo,Bulawayo City Council,Mzilikazi/Khumalo,Bulawayo Central,2,Baines Infants School,School,1,18,0,4,77,2,0,102,100,
Bulawayo,Bulawayo City Council,Mzilikazi/Khumalo,Bulawayo Central,2,Baines Junior School A,School,7,181,1,37,377,6,0,609,603,
Bulawayo,Bulawayo City Council,Mzilikazi/Khumalo,Bulawayo Central,2,Baines Junior School B,School,2,59,0,13,174,0,0,248,248,
Bulawayo,Bulawayo City Council,Mzilikazi/Khumalo,Bulawayo Central,2,Falls Garage,Tent,4,31,0,3,44,1,0,83,82,
Bulawayo,Bulawayo City Council,Mzilikazi/Khumalo,Bulawayo Central,2,Harrisvale Hide out,Tent,0,33,0,12,70,0,0,115,115,
Bulawayo,Bulawayo City Council,Mzilikazi/Khumalo,Bulawayo Central,2,Hugh Beadle Primary School A,School,3,77,0,20,201,1,0,302,301,
Bulawayo,Bulawayo City Council,Mzilikazi/Khumalo,Bulawayo Central,2,Hugh Beadle Primary School B,School,3,64,1,6,123,1,0,198,197,
Bulawayo,Bulawayo City Council,Mzilikazi/Khumalo,Bulawayo Central,2,Kennilworth Little Angels Pre-School,Pre -School,0,33,0,4,62,1,0,100,99,
Bulawayo,Bulawayo City Council,Mzilikazi/Khumalo,Bulawayo Central,2,Montgomery Hall,Hall,4,65,1,24,180,4,0,278,274,
Bulawayo,Bulawayo City Council,Mzilikazi/Khumalo,Bulawayo Central,2,Newmansford Primary School A,School,0,56,1,16,134,0,0,207,207,
Bulawayo,Bulawayo City Council,Mzilikazi/Khumalo,Bulawayo Central,2,Newmansford Primary School B,School,1,41,0,17,153,5,0,217,212,
Bulawayo,Bulawayo City Council,Mzilikazi/Khumalo,Bulawayo Central,2,Northend Shopping Centre,Tent,1,79,0,31,253,0,0,364,364,
Bulawayo,Bulawayo City Council,Mzilikazi/Khumalo,Bulawayo Central,2,Northlea High School,School,0,45,1,10,74,3,0,133,130,
Bulawayo,Bulawayo City Council,Mzilikazi/Khumalo,Bulawayo Central,2,Norwood,Hall,6,10,1,4,24,1,0,46,45,
Bulawayo,Bulawayo City Council,Mzilikazi/Khumalo,Bulawayo Central,2,Pig Farm (Umvutsha),Tent,2,26,1,6,82,2,0,119,117,
Bulawayo,Bulawayo City Council,Mzilikazi/Khumalo,Bulawayo Central,2,Pink and Blue Pre-School,Pre -School,0,29,0,2,54,0,0,85,85,
Bulawayo,Bulawayo City Council,Mzilikazi/Khumalo,Bulawayo Central,2,Richmond Club,Hall,3,21,0,15,73,5,0,117,112,
Bulawayo,Bulawayo City Council,Mzilikazi/Khumalo,Bulawayo Central,2,Richmond Hall,Hall,12,78,0,25,263,5,0,383,378,
Bulawayo,Bulawayo City Council,Mzilikazi/Khumalo,Bulawayo Central,2,Sauerstown Pre-school (Emasimini),Pre -School,1,73,1,3,58,0,0,136,136,
Bulawayo,Bulawayo City Council,Mzilikazi/Khumalo,Bulawayo Central,2,Tegela Garage,Tent,1,34,1,6,136,0,0,178,178,
Bulawayo,Bulawayo City Council,Mzilikazi/Khumalo,Bulawayo Central,2,Trenance Primary School A,School,2,30,1,20,156,7,3,216,209,
Bulawayo,Bulawayo City Council,Mzilikazi/Khumalo,Bulawayo Central,2,Trenance Primary School B,School,2,31,0,11,137,3,0,184,181,
Bulawayo,Bulawayo City Council,Mzilikazi/Khumalo,Bulawayo Central,2,Umgusa Primary School,School,2,19,0,7,48,0,0,76,76,
Bulawayo,Bulawayo City Council,Mzilikazi/Khumalo,Bulawayo Central,2,Umvutsha Farm (Hall),Hall,0,9,0,1,15,0,0,25,25,
,,,,,,,,,,,,,,,,
,,,,,,,,,,,,,,,,
Bulawayo,Bulawayo City Council,Mzilikazi/Khumalo,Bulawayo Central,5,Bagcwele Shopping Centre,Tent,0,25,0,4,48,0,0,77,77,
Bulawayo,Bulawayo City Council,Mzilikazi/Khumalo,Bulawayo Central,5,Bradfield Shopping Centre,Tent,4,63,0,25,243,3,0,338,335,
Bulawayo,Bulawayo City Council,Mzilikazi/Khumalo,Bulawayo Central,5,Bulawayo Polytechnic Main campus,School,1,14,0,3,49,2,0,69,67,
Bulawayo,Bulawayo City Council,Mzilikazi/Khumalo,Bulawayo Central,5,Gifford High School,School,0,41,0,20,160,1,0,222,221,
Bulawayo,Bulawayo City Council,Mzilikazi/Khumalo,Bulawayo Central,5,Girls College A,School,4,6,1,10,71,1,0,93,92,
Bulawayo,Bulawayo City Council,Mzilikazi/Khumalo,Bulawayo Central,5,Girls College B,School,0,12,0,19,70,0,0,101,101,
Bulawayo,Bulawayo City Council,Mzilikazi/Khumalo,Bulawayo Central,5,Hamilton High School,School,2,29,0,13,124,0,0,168,168,
Bulawayo,Bulawayo City Council,Mzilikazi/Khumalo,Bulawayo Central,5,Henry Low Primary School A,School,5,42,0,3,103,1,0,154,153,
Bulawayo,Bulawayo City Council,Mzilikazi/Khumalo,Bulawayo Central,5,Henry Low Primary School B,School,3,70,0,16,194,5,0,288,283,
Bulawayo,Bulawayo City Council,Mzilikazi/Khumalo,Bulawayo Central,5,Hillside Scout Hall,Hall,8,128,0,28,235,0,0,399,399,
Bulawayo,Bulawayo City Council,Mzilikazi/Khumalo,Bulawayo Central,5,Hornoung Park,Tent,7,31,3,12,165,1,0,219,218,
Bulawayo,Bulawayo City Council,Mzilikazi/Khumalo,Bulawayo Central,5,Ingutsheni Hospital,Hospital,1,23,0,2,94,0,0,120,120,
Bulawayo,Bulawayo City Council,Mzilikazi/Khumalo,Bulawayo Central,5,Mentessari Primary,School,0,9,0,2,32,2,0,45,43,
Bulawayo,Bulawayo City Council,Mzilikazi/Khumalo,Bulawayo Central,5,Milton High School A,School,3,18,0,10,43,0,0,74,74,
Bulawayo,Bulawayo City Council,Mzilikazi/Khumalo,Bulawayo Central,5,Milton High School B,School,0,7,0,0,16,0,0,23,23,
,,,,,,,,,,,,,,,,
,,,,,,,,,,,,,,,,
Bulawayo,Bulawayo City Council,Mzilikazi/Khumalo,Bulawayo Central,5,Montrose Girls High School A,School,1,17,0,3,59,2,0,82,80,
Bulawayo,Bulawayo City Council,Mzilikazi/Khumalo,Bulawayo Central,5,Montrose Girls High School B,School,1,13,0,5,56,4,0,79,75,
Bulawayo,Bulawayo City Council,Mzilikazi/Khumalo,Bulawayo Central,5,Moray Primary School,School,4,141,0,31,272,1,0,449,448,
Bulawayo,Bulawayo City Council,Mzilikazi/Khumalo,Bulawayo Central,5,Morning Side Shopping Centre,Tent,6,93,0,42,275,5,0,421,416,
Bulawayo,Bulawayo City Council,Mzilikazi/Khumalo,Bulawayo Central,5,Retreat Shopping Centre,Tent,7,83,0,45,269,5,0,409,404,
Bulawayo,Bulawayo City Council,Mzilikazi/Khumalo,Bulawayo Central,5,Riverside collegiate College,School,1,26,0,7,64,1,0,99,98,
Bulawayo,Bulawayo City Council,Mzilikazi/Khumalo,Bulawayo Central,5,Christ the King,Church,0,25,2,9,94,0,0,130,130,
Bulawayo,Bulawayo City Council,Mzilikazi/Khumalo,Bulawayo Central,5,St Francis Primary School,School,0,13,0,9,84,0,0,106,106,
,,,,,,,,,,,,,,,,
,,,,,,,,,,,,,,,,
,,,,,,,,,,,,,,,,
,,,,,,,,,,,,,,,,
Bulawayo,Bulawayo City Council,Mzilikazi/Khumalo,Bulawayo East,3,Amazon Primary School,School,0,23,1,5,69,0,0,98,98,
Bulawayo,Bulawayo City Council,Mzilikazi/Khumalo,Bulawayo East,3,Carmel Primary School,School,2,120,0,12,138,0,0,272,272,
Bulawayo,Bulawayo City Council,Mzilikazi/Khumalo,Bulawayo East,3,Centenary Primary School,School,4,65,0,25,215,2,0,311,309,
Bulawayo,Bulawayo City Council,Mzilikazi/Khumalo,Bulawayo East,3,Elangeni Training Centre,Hall,0,330,0,4,63,0,0,397,397,
Bulawayo,Bulawayo City Council,Mzilikazi/Khumalo,Bulawayo East,3,King George VI  A,School,4,111,0,22,209,1,0,347,346,
Bulawayo,Bulawayo City Council,Mzilikazi/Khumalo,Bulawayo East,3,King George VI  B,School,1,50,0,8,106,1,0,166,165,
Bulawayo,Bulawayo City Council,Mzilikazi/Khumalo,Bulawayo East,3,Kumalo Primary School,School,0,129,0,53,372,0,0,554,554,
Bulawayo,Bulawayo City Council,Mzilikazi/Khumalo,Bulawayo East,3,Mahatshula Primary School A,School,6,170,1,39,255,14,0,485,471,
Bulawayo,Bulawayo City Council,Mzilikazi/Khumalo,Bulawayo East,3,Mahatshula Primary School B,School,2,58,0,31,173,6,0,270,264,
Bulawayo,Bulawayo City Council,Mzilikazi/Khumalo,Bulawayo East,3,National Museum,Tent,4,220,0,24,129,2,0,379,377,
Bulawayo,Bulawayo City Council,Mzilikazi/Khumalo,Bulawayo East,3,Nite star Drive Inn,Tent,2,19,0,17,64,1,0,103,102,
Bulawayo,Bulawayo City Council,Mzilikazi/Khumalo,Bulawayo East,3,NUST,School,2,18,0,13,58,0,0,91,91,
Bulawayo,Bulawayo City Council,Mzilikazi/Khumalo,Bulawayo East,3,Old Nic Mine,Tent,10,122,0,21,189,2,0,344,342,
Bulawayo,Bulawayo City Council,Mzilikazi/Khumalo,Bulawayo East,3,Paddonhurst Pre-School,Pre -School,12,224,0,34,356,7,0,633,626,
Bulawayo,Bulawayo City Council,Mzilikazi/Khumalo,Bulawayo East,3,Romney Park Catholic Training Scho,lS chool,1,124,0,42,312,3,0,482,479,
Bulawayo,Bulawayo City Council,Mzilikazi/Khumalo,Bulawayo East,3,School of Mines,School,4,32,0,10,74,2,0,122,120,
Bulawayo,Bulawayo City Council,Mzilikazi/Khumalo,Bulawayo East,3,St Thomas Aquinas Primary School,School,7,85,1,43,293,2,0,431,429,
Bulawayo,Bulawayo City Council,Mzilikazi/Khumalo,Bulawayo East,3,Thomas Rudland Primary School,School,8,220,0,45,403,12,0,688,676,
Bulawayo,Bulawayo City Council,Mzilikazi/Khumalo,Bulawayo East,3,East View High School,School,2,72,0,31,192,2,0,299,297,
Bulawayo,Bulawayo City Council,Mzilikazi/Khumalo,Bulawayo East,3,Woodville Primary School,School,8,64,0,23,156,2,0,253,251,
,,,,,,,,,,,,,,,,
,,,,,,,,,,,,,,,,
Bulawayo,Bulawayo City Council,Mzilikazi/Khumalo,Bulawayo East,4,Burnside Garage,Tent,4,57,2,26,241,3,0,333,330,
Bulawayo,Bulawayo City Council,Mzilikazi/Khumalo,Bulawayo East,4,Hill Top,Tent,4,71,0,48,256,2,0,381,379,
Bulawayo,Bulawayo City Council,Mzilikazi/Khumalo,Bulawayo East,4,Hillside Infants School,School,5,44,0,14,174,3,0,240,237,
Bulawayo,Bulawayo City Council,Mzilikazi/Khumalo,Bulawayo East,4,Hillside Junior School A,School,7,57,3,30,220,5,0,322,317,
Bulawayo,Bulawayo City Council,Mzilikazi/Khumalo,Bulawayo East,4,Hillside Junior School B,School,1,53,0,15,156,3,0,228,225,
Bulawayo,Bulawayo City Council,Mzilikazi/Khumalo,Bulawayo East,4,Hillside Teachers College,School,3,61,0,31,242,1,0,338,337,
Bulawayo,Bulawayo City Council,Mzilikazi/Khumalo,Bulawayo East,4,Leeside Shopping Centre,Tent,8,79,2,68,262,4,0,423,419,
Bulawayo,Bulawayo City Council,Mzilikazi/Khumalo,Bulawayo East,4,Lockview Primary School,School,6,99,2,41,261,9,0,418,409,
Bulawayo,Bulawayo City Council,Mzilikazi/Khumalo,Bulawayo East,4,Masiyepambili Primary School,School,5,40,0,33,123,0,0,201,201,
Bulawayo,Bulawayo City Council,Mzilikazi/Khumalo,Bulawayo East,4,Petra Secondary School,School,1,39,0,32,119,1,0,192,191,
Bulawayo,Bulawayo City Council,Mzilikazi/Khumalo,Bulawayo East,4,Rio Hotel,Tent,5,72,1,39,194,6,0,317,311,
Bulawayo,Bulawayo City Council,Mzilikazi/Khumalo,Bulawayo East,4,Tennyson Primary School,School,5,74,0,43,287,5,0,414,409,
Bulawayo,Bulawayo City Council,Mzilikazi/Khumalo,Bulawayo East,4,Townsend High School,School,5,43,0,29,204,2,0,283,281,
Bulawayo,Bulawayo City Council,Mzilikazi/Khumalo,Bulawayo East,4,United Bulawayo Hospital,Tent,1,54,0,27,198,4,0,284,280,
Bulawayo,Bulawayo City Council,Mzilikazi/Khumalo,Bulawayo East,4,Waterford Primary School,School,1,24,1,20,55,1,0,102,101,
Bulawayo,Bulawayo City Council,Mzilikazi/Khumalo,Bulawayo East,4,Waterford Shopping Centre,Tent,8,45,1,42,145,8,0,249,241,
Bulawayo,Bulawayo City Council,Mzilikazi/Khumalo,Bulawayo East,4,Whitestone Primary School,School,0,52,0,52,278,7,0,389,382,
Bulawayo,Bulawayo City Council,Mzilikazi/Khumalo,Bulawayo East,4,Riverside Stimulation centre,Tent,0,20,0,12,79,0,0,111,111,
Bulawayo,Bulawayo City Council,Mzilikazi/Khumalo,Bulawayo East,4,Wood Lands Fazak Shopping Centre,Tent,1,85,0,41,257,9,0,393,384,
,,,,,,,,,,,,,,,,
,,,,,,,,,,,,,,,,
,,,,,,,,,,,,,,,,
,,,,,,,,,,,,,,,,
,,,,,,,,,,,,,,,,
,,,,,,,,,,,,,,,,
Bulawayo,Bulawayo City Council,Mzilikazi/Khumalo,Bulawayo South,6,Barham Green Hall,Hall,5,109,0,23,248,4,0,389,385,
Bulawayo,Bulawayo City Council,Mzilikazi/Khumalo,Bulawayo South,6,Barham Green Primary School A,School,2,67,0,21,230,1,0,321,320,
Bulawayo,Bulawayo City Council,Mzilikazi/Khumalo,Bulawayo South,6,Barham Green Primary School B,School,2,58,1,20,173,1,0,255,254,
Bulawayo,Bulawayo City Council,Mzilikazi/Khumalo,Bulawayo South,6,Bellevue Shopping Centre,Tent,4,98,0,46,243,3,0,394,391,
Bulawayo,Bulawayo City Council,Mzilikazi/Khumalo,Bulawayo South,6,Founders High School,School,3,54,0,19,208,8,0,292,284,
Bulawayo,Bulawayo City Council,Mzilikazi/Khumalo,Bulawayo South,6,Greenfield Infants School,School,2,47,0,16,131,0,0,196,196,
Bulawayo,Bulawayo City Council,Mzilikazi/Khumalo,Bulawayo South,6,Greenfield Primary School A,School,10,95,1,32,316,8,0,462,454,
Bulawayo,Bulawayo City Council,Mzilikazi/Khumalo,Bulawayo South,6,Greenfield Primary School B,School,8,111,1,23,346,9,0,498,489,
Bulawayo,Bulawayo City Council,Mzilikazi/Khumalo,Bulawayo South,6,Jocks Shopping Centre,Tent,7,98,1,45,346,3,0,500,497,
Bulawayo,Bulawayo City Council,Mzilikazi/Khumalo,Bulawayo South,6,Sidojiwe Flats,Tent,3,39,0,9,94,3,0,148,145,
,,,,,,,,,,,,,,,,
,,,,,,,,,,,,,,,,
Bulawayo,Bulawayo City Council,Mzilikazi/Khumalo,Bulawayo South,21,Hlabangana Shopping Centre,Tent,5,79,0,15,278,1,0,378,377,
Bulawayo,Bulawayo City Council,Mzilikazi/Khumalo,Bulawayo South,21,Ihlathi High School,School,0,72,0,10,260,5,0,347,342,
Bulawayo,Bulawayo City Council,Mzilikazi/Khumalo,Bulawayo South,21,Indlovu Youth Centre,Hall,2,65,0,18,323,1,0,409,408,
Bulawayo,Bulawayo City Council,Mzilikazi/Khumalo,Bulawayo South,21,Intunta Primary School A,School,1,86,0,19,357,10,0,473,463,
Bulawayo,Bulawayo City Council,Mzilikazi/Khumalo,Bulawayo South,21,Intunta Primary School B,School,1,52,0,11,273,5,0,342,337,
Bulawayo,Bulawayo City Council,Mzilikazi/Khumalo,Bulawayo South,21,Mahlabezulu Primary School A,School,3,30,0,8,133,1,0,175,174,
Bulawayo,Bulawayo City Council,Mzilikazi/Khumalo,Bulawayo South,21,Mahlabezulu Primary School B,School,4,55,0,8,169,1,0,237,236,
Bulawayo,Bulawayo City Council,Mzilikazi/Khumalo,Bulawayo South,21,Mapisa Primary School A,School,2,67,0,13,315,13,0,410,397,
Bulawayo,Bulawayo City Council,Mzilikazi/Khumalo,Bulawayo South,21,Mapisa Primary School B,School,2,71,0,12,317,3,0,405,402,
Bulawayo,Bulawayo City Council,Mzilikazi/Khumalo,Bulawayo South,21,Masuku Primary School A,School,3,35,0,10,124,1,0,173,172,
Bulawayo,Bulawayo City Council,Mzilikazi/Khumalo,Bulawayo South,21,Masuku Primary School B,School,7,39,0,6,106,1,0,159,158,
Bulawayo,Bulawayo City Council,Mzilikazi/Khumalo,Bulawayo South,21,Mhlahlandlela Pre-School,Pre -School,10,69,2,40,294,4,0,419,415,
Bulawayo,Bulawayo City Council,Mzilikazi/Khumalo,Bulawayo South,21,Sizinda Hall,Hall,4,100,0,16,390,8,0,518,510,
Bulawayo,Bulawayo City Council,Mzilikazi/Khumalo,Bulawayo South,21,Sizinda Pre-School,Pre -School,1,95,0,20,420,10,0,546,536,
Bulawayo,Bulawayo City Council,Mzilikazi/Khumalo,Bulawayo South,21,Tshabalala Ext Shopping Centre,Tent,3,116,0,23,357,6,0,505,499,
Bulawayo,Bulawayo City Council,Mzilikazi/Khumalo,Bulawayo South,21,Tshabalala Hall A,Hall,3,76,0,15,314,4,0,412,408,
Bulawayo,Bulawayo City Council,Mzilikazi/Khumalo,Bulawayo South,21,Tshabalala Hall B,Hall,9,77,2,21,282,4,0,395,391,
,,,,,,,,,,,,,,,,
,,,,,,,,,,,,,,,,
,,,,,,,,,,,,,,,,
,,,,,,,,,,,,,,,,
Bulawayo,Bulawayo City Council,Gwabalanda/Masotsh,ENmdalokvhuandeni-Entumbane,10,Entumbane Hall A,School,11,112,1,51,405,5,0,585,580,
Bulawayo,Bulawayo City Council,Gwabalanda/Masotsh,ENmdalokvhuandeni-Entumbane,10,Entumbane Hall B,School,11,104,1,20,355,6,0,497,491,
Bulawayo,Bulawayo City Council,Gwabalanda/Masotsh,ENmdalokvhuandeni-Entumbane,10,Entumbane Sec School B,School,3,44,0,26,218,1,0,292,291,
Bulawayo,Bulawayo City Council,Gwabalanda/Masotsh,ENmdalokvhuandeni-Entumbane,10,Entumbane Secondary School A,School,5,91,0,26,291,6,0,419,413,
Bulawayo,Bulawayo City Council,Gwabalanda/Masotsh,ENmdalokvhuandeni-Entumbane,10,Manyewu Primary School A,School,4,86,0,38,351,5,0,484,479,
Bulawayo,Bulawayo City Council,Gwabalanda/Masotsh,ENmdalokvhuandeni-Entumbane,10,Manyewu Primary School B,School,6,47,0,18,209,2,0,282,280,
Bulawayo,Bulawayo City Council,Gwabalanda/Masotsh,ENmdalokvhuandeni-Entumbane,10,Mthombowesizwe Primary School A,School,2,106,0,36,382,3,0,529,526,
Bulawayo,Bulawayo City Council,Gwabalanda/Masotsh,ENmdalokvhuandeni-Entumbane,10,Mthombowesizwe Primary School B,School,4,98,1,20,336,1,0,460,459,
Bulawayo,Bulawayo City Council,Gwabalanda/Masotsh,ENmdalokvhuandeni-Entumbane,10,Ntabeni Primary School A,School,3,72,2,18,224,1,0,320,319,
Bulawayo,Bulawayo City Council,Gwabalanda/Masotsh,ENmdalokvhuandeni-Entumbane,10,Ntabeni Primary School B,School,2,79,1,20,193,0,0,295,295,
Bulawayo,Bulawayo City Council,Gwabalanda/Masotsh,ENmdalokvhuandeni-Entumbane,10,Yona Shopping Centre,Tent,6,79,3,32,249,15,0,384,369,
Bulawayo,Bulawayo City Council,Gwabalanda/Masotsh,ENmdalokvhuandeni-Entumbane,10,Zulukandaba Primary School A,School,2,246,1,38,386,9,0,682,673,
Bulawayo,Bulawayo City Council,Gwabalanda/Masotsh,ENmdalokvhuandeni-Entumbane,10,Zulukandaba Primary School B,School,3,113,4,22,306,0,0,448,448,
,,,,,,,,,,,,,,,,
,,,,,,,,,,,,,,,,
Bulawayo,Bulawayo City Council,Gwabalanda/Masotsh,ENmdalokvhuandeni-Entumbane,11,Easy Pick Shopping Centre,Tent,5,82,0,36,214,1,0,338,337,
Bulawayo,Bulawayo City Council,Gwabalanda/Masotsh,ENmdalokvhuandeni-Entumbane,11,Emakhandeni Hall,Hall,1,80,1,50,270,1,0,403,402,
Bulawayo,Bulawayo City Council,Gwabalanda/Masotsh,ENmdalokvhuandeni-Entumbane,11,Emakhandeni Primary School A,School,4,69,0,21,132,1,0,227,226,
Bulawayo,Bulawayo City Council,Gwabalanda/Masotsh,ENmdalokvhuandeni-Entumbane,11,Emakhandeni Primary School B,School,2,52,0,18,132,2,0,206,204,
Bulawayo,Bulawayo City Council,Gwabalanda/Masotsh,ENmdalokvhuandeni-Entumbane,11,Emakhandeni Secondary School A,School,5,87,0,19,179,6,0,296,290,
Bulawayo,Bulawayo City Council,Gwabalanda/Masotsh,ENmdalokvhuandeni-Entumbane,11,Emakhandeni Secondary School B,School,4,74,0,34,232,4,0,348,344,
,,,,,,,,,,,,,,,,
,,,,,,,,,,,,,,,,
Bulawayo,Bulawayo City Council,Gwabalanda/Masotsh,ENmdalokvhuandeni-Entumbane,11,Mawunga Shopping Centre,Tent,9,98,0,41,357,4,0,509,505,
Bulawayo,Bulawayo City Council,Gwabalanda/Masotsh,ENmdalokvhuandeni-Entumbane,11,Mtshingwe Primary School A,School,3,43,0,17,134,1,0,198,197,
Bulawayo,Bulawayo City Council,Gwabalanda/Masotsh,ENmdalokvhuandeni-Entumbane,11,Mtshingwe Primary School B,School,3,38,0,19,178,0,0,238,238,
Bulawayo,Bulawayo City Council,Gwabalanda/Masotsh,ENmdalokvhuandeni-Entumbane,11,Wozawoza Shopping Centre,Tent,5,93,0,60,308,3,0,469,466,
,,,,,,,,,,,,,,,,
,,,,,,,,,,,,,,,,
,,,,,,,,,,,,,,,,
,,,,,,,,,,,,,,,,
Bulawayo,Bulawayo City Council,Mabuthweni/Emganw,nLiobengula,12,Helemu Primary School,School,5,86,0,23,224,3,0,341,338,
Bulawayo,Bulawayo City Council,Mabuthweni/Emganw,nLiobengula,12,Insukamini Primary School A,School,3,46,0,17,136,1,0,203,202,
Bulawayo,Bulawayo City Council,Mabuthweni/Emganw,nLiobengula,12,Insukamini Primary School B,School,0,26,0,5,93,1,0,125,124,
Bulawayo,Bulawayo City Council,Mabuthweni/Emganw,nLiobengula,12,Lobengula Housing Office,Hall,5,106,2,21,302,9,0,445,436,
Bulawayo,Bulawayo City Council,Mabuthweni/Emganw,nLiobengula,12,Lobengula Secondary School A,School,4,69,0,13,262,2,0,350,348,
Bulawayo,Bulawayo City Council,Mabuthweni/Emganw,nLiobengula,12,Lobengula Secondary School B,School,3,57,0,12,226,2,0,300,298,
Bulawayo,Bulawayo City Council,Mabuthweni/Emganw,nLiobengula,12,Lutheran Centre,Hall,16,131,1,31,305,3,0,487,484,
Bulawayo,Bulawayo City Council,Mabuthweni/Emganw,nLiobengula,12,Mpande Youth Centre,Hall,4,77,1,20,255,3,0,360,357,
Bulawayo,Bulawayo City Council,Mabuthweni/Emganw,nLiobengula,12,Mtshede Primary School A,School,4,67,0,13,146,2,0,232,230,
Bulawayo,Bulawayo City Council,Mabuthweni/Emganw,nLiobengula,12,Mtshede Primary School B,School,2,52,0,10,139,0,0,203,203,
Bulawayo,Bulawayo City Council,Mabuthweni/Emganw,nLiobengula,12,Ngubo Primary School A,School,3,48,0,11,194,1,0,257,256,
Bulawayo,Bulawayo City Council,Mabuthweni/Emganw,nLiobengula,12,Ngubo Primary School B,School,2,44,0,15,168,2,0,231,229,
Bulawayo,Bulawayo City Council,Mabuthweni/Emganw,nLiobengula,12,Njube Hall,Hall,5,78,0,13,198,5,0,299,294,
Bulawayo,Bulawayo City Council,Mabuthweni/Emganw,nLiobengula,12,Njube High School A,School,2,66,0,11,122,2,0,203,201,
Bulawayo,Bulawayo City Council,Mabuthweni/Emganw,nLiobengula,12,Njube High School B,School,2,36,0,15,125,0,0,178,178,
Bulawayo,Bulawayo City Council,Mabuthweni/Emganw,nLiobengula,12,Nyamande Primary School A,School,3,92,0,17,216,3,0,331,328,
Bulawayo,Bulawayo City Council,Mabuthweni/Emganw,nLiobengula,12,Nyamande Primary School B,School,1,69,0,22,218,3,0,313,310,
,,,,,,,,,,,,,,,,
,,,,,,,,,,,,,,,,
Bulawayo,Bulawayo City Council,Mabuthweni/Emganw,nLiobengula,14,Inkanyezi Primary School A,School,1,101,0,23,340,5,0,470,465,
Bulawayo,Bulawayo City Council,Mabuthweni/Emganw,nLiobengula,14,Inkanyezi Primary School B,School,4,126,0,35,532,13,0,710,697,
Bulawayo,Bulawayo City Council,Mabuthweni/Emganw,nLiobengula,14,Konron Shopping Centre,Tent,7,92,0,50,350,4,0,503,499,
Bulawayo,Bulawayo City Council,Mabuthweni/Emganw,nLiobengula,14,Lobengula (Esiqongweni),Tent,1,76,0,22,268,6,0,373,367,
Bulawayo,Bulawayo City Council,Mabuthweni/Emganw,nLiobengula,14,Lobengula Hall A,Hall,3,73,1,26,277,2,0,382,380,
Bulawayo,Bulawayo City Council,Mabuthweni/Emganw,nLiobengula,14,Lobengula Hall B,Hall,6,47,1,29,170,5,0,258,253,
Bulawayo,Bulawayo City Council,Mabuthweni/Emganw,nLiobengula,14,Mawaba Primary School A,School,1,52,1,20,240,1,0,315,314,
Bulawayo,Bulawayo City Council,Mabuthweni/Emganw,nLiobengula,14,Mawaba Primary School B,School,2,46,2,20,196,4,0,270,266,
Bulawayo,Bulawayo City Council,Mabuthweni/Emganw,nLiobengula,14,Sikhulile Secondary School A,School,5,93,0,25,262,0,0,385,385,
Bulawayo,Bulawayo City Council,Mabuthweni/Emganw,nLiobengula,14,Sikhulile Secondary School B,School,1,64,0,29,313,3,0,410,407,
,,,,,,,,,,,,,,,,
,,,,,,,,,,,,,,,,
,,,,,,,,,,,,,,,,
,,,,,,,,,,,,,,,,
Bulawayo,Bulawayo City Council,Gwabalanda/Masotsh,LNudvleovveu,15,Imbizo Primary School A,School,4,52,0,26,199,4,0,285,281,
Bulawayo,Bulawayo City Council,Gwabalanda/Masotsh,LNudvleovveu,15,Imbizo Primary School B,School,8,73,0,25,200,1,0,307,306,
Bulawayo,Bulawayo City Council,Gwabalanda/Masotsh,LNudvleovveu,15,Luveve Beit Hall,Hall,2,88,0,28,280,5,0,403,398,
Bulawayo,Bulawayo City Council,Gwabalanda/Masotsh,LNudvleovveu,15,Luveve Primary School A,School,2,55,0,16,260,0,0,333,333,
Bulawayo,Bulawayo City Council,Gwabalanda/Masotsh,LNudvleovveu,15,Luveve Primary School B,School,6,38,1,27,147,1,0,220,219,
Bulawayo,Bulawayo City Council,Gwabalanda/Masotsh,LNudvleovveu,15,Mafakela Primary School A,School,7,79,0,31,336,5,0,458,453,
Bulawayo,Bulawayo City Council,Gwabalanda/Masotsh,LNudvleovveu,15,Mafakela Primary School B,School,6,59,1,37,178,0,0,281,281,
Bulawayo,Bulawayo City Council,Gwabalanda/Masotsh,LNudvleovveu,15,Matshayisikhova Primary School A,School,3,32,0,16,122,2,0,175,173,
Bulawayo,Bulawayo City Council,Gwabalanda/Masotsh,LNudvleovveu,15,Matshayisikhova Primary School B,School,3,51,0,20,218,1,0,293,292,
Bulawayo,Bulawayo City Council,Gwabalanda/Masotsh,LNudvleovveu,15,Mpofu Shopping Centre,Tent,8,76,1,44,274,2,0,405,403,
Bulawayo,Bulawayo City Council,Gwabalanda/Masotsh,LNudvleovveu,15,Percy Ibbotson School,School,7,15,1,23,89,0,0,135,135,
,,,,,,,,,,,,,,,,
,,,,,,,,,,,,,,,,
,,,,,,,,,,,,,,,,
,,,,,,,,,,,,,,,,
Bulawayo,Bulawayo City Council,Gwabalanda/Masotsh,LNudvleovveu,16,Fusi Primary School A,School,16,76,0,46,379,2,0,519,517,
Bulawayo,Bulawayo City Council,Gwabalanda/Masotsh,LNudvleovveu,16,Fusi Primary School B,School,9,67,0,45,333,7,0,461,454,
Bulawayo,Bulawayo City Council,Gwabalanda/Masotsh,LNudvleovveu,16,Gwabalanda Pre-School,Pre -School,17,99,1,62,505,1,0,685,684,
Bulawayo,Bulawayo City Council,Gwabalanda/Masotsh,LNudvleovveu,16,Inyanda Secondary School A,School,7,142,0,38,305,0,0,492,492,
Bulawayo,Bulawayo City Council,Gwabalanda/Masotsh,LNudvleovveu,16,Inyanda Secondary School B,School,2,75,0,29,231,2,0,339,337,
Bulawayo,Bulawayo City Council,Gwabalanda/Masotsh,LNudvleovveu,16,Inzwananzi Primary School A,School,8,100,0,69,385,6,0,568,562,
Bulawayo,Bulawayo City Council,Gwabalanda/Masotsh,LNudvleovveu,16,Inzwananzi Primary School B,School,8,79,0,60,333,2,0,482,480,
Bulawayo,Bulawayo City Council,Gwabalanda/Masotsh,LNudvleovveu,16,PWD Luveve Depot,Hall,4,65,0,16,149,2,0,236,234,
,,,,,,,,,,,,,,,,
,,,,,,,,,,,,,,,,
Bulawayo,Bulawayo City Council,Gwabalanda/Masotsh,LNudvleovveu,28,Cowdray Park Secondary School A,School,2,67,0,11,179,1,0,260,259,
Bulawayo,Bulawayo City Council,Gwabalanda/Masotsh,LNudvleovveu,28,Cowdray Park Secondary School B,School,1,62,0,14,184,1,0,262,261,
Bulawayo,Bulawayo City Council,Gwabalanda/Masotsh,LNudvleovveu,28,Cowdray Park Terminus,Tent,10,171,0,40,322,9,1,552,543,
Bulawayo,Bulawayo City Council,Gwabalanda/Masotsh,LNudvleovveu,28,Hlalanikuhle,Tent,9,197,2,19,224,3,0,454,451,
Bulawayo,Bulawayo City Council,Gwabalanda/Masotsh,LNudvleovveu,28,Hlalanikuhle  Phetsheya (1),Tent,3,92,0,24,172,7,0,298,291,
Bulawayo,Bulawayo City Council,Gwabalanda/Masotsh,LNudvleovveu,28,Hlalanikuhle  Phetsheya (2),Tent,1,84,1,10,107,3,0,206,203,
Bulawayo,Bulawayo City Council,Gwabalanda/Masotsh,LNudvleovveu,28,Hlalanikuhle  Phetsheya (3),Tent,1,37,0,4,83,1,0,126,125,
Bulawayo,Bulawayo City Council,Gwabalanda/Masotsh,LNudvleovveu,28,Hlalanikuhle  Phetsheya (4),Tent,2,45,2,9,100,5,0,163,158,
Bulawayo,Bulawayo City Council,Gwabalanda/Masotsh,LNudvleovveu,28,Hlalanikuhle  Phetsheya (5),Tent,1,48,0,11,104,3,0,167,164,
Bulawayo,Bulawayo City Council,Gwabalanda/Masotsh,LNudvleovveu,28,Luveve High School A,School,1,31,0,9,97,2,0,140,138,
Bulawayo,Bulawayo City Council,Gwabalanda/Masotsh,LNudvleovveu,28,Luveve High School B,School,4,34,0,10,92,0,0,140,140,
Bulawayo,Bulawayo City Council,Gwabalanda/Masotsh,LNudvleovveu,28,Mahlathini Primary School A,School,6,141,1,34,374,8,0,564,556,
Bulawayo,Bulawayo City Council,Gwabalanda/Masotsh,LNudvleovveu,28,Mahlathini Primary School B,School,8,138,1,30,345,5,0,527,522,
Bulawayo,Bulawayo City Council,Gwabalanda/Masotsh,LNudvleovveu,28,Mkhithika Thebe Primary School A,School,9,129,0,35,312,2,0,487,485,
Bulawayo,Bulawayo City Council,Gwabalanda/Masotsh,LNudvleovveu,28,Mkhithika Thebe Primary School B,School,9,120,0,36,295,3,0,463,460,
Bulawayo,Bulawayo City Council,Gwabalanda/Masotsh,LNudvleovveu,28,Roman Catholic Church,Hall,3,90,0,23,263,2,0,381,379,
Bulawayo,Bulawayo City Council,Gwabalanda/Masotsh,LNudvleovveu,28,Tategulu Primary School A,School,10,90,1,25,201,5,0,332,327,
Bulawayo,Bulawayo City Council,Gwabalanda/Masotsh,LNudvleovveu,28,Tategulu Primary School B,School,3,73,0,18,189,7,0,290,283,
Bulawayo,Bulawayo City Council,Gwabalanda/Masotsh,LNudvleovveu,28,TM Shopping Centre,Tent,10,162,0,40,388,1,0,601,600,
,,,,,,,,,,,,,,,,
,,,,,,,,,,,,,,,,
,,,,,,,,,,,,,,,,
,,,,,,,,,,,,,,,,
Bulawayo,Bulawayo City Council,Gwabalanda/Masotsh,MNadglowveugwe,18,Magwegwe Hall,Hall,0,100,1,33,320,1,0,455,454,
Bulawayo,Bulawayo City Council,Gwabalanda/Masotsh,MNadglowveugwe,18,Magwegwe Primary School A,School,10,95,3,28,313,6,0,455,449,
Bulawayo,Bulawayo City Council,Gwabalanda/Masotsh,MNadglowveugwe,18,Magwegwe Primary School B,School,6,94,0,17,289,3,0,409,406,
Bulawayo,Bulawayo City Council,Gwabalanda/Masotsh,MNadglowveugwe,18,Magwegwe Secondary School A,School,4,39,1,51,188,0,0,283,283,
Bulawayo,Bulawayo City Council,Gwabalanda/Masotsh,MNadglowveugwe,18,Magwegwe Secondary School B,School,8,77,0,62,298,2,0,447,445,
Bulawayo,Bulawayo City Council,Gwabalanda/Masotsh,MNadglowveugwe,18,Magwegwe Youth Centre,Hall,9,97,3,49,384,3,0,545,542,
Bulawayo,Bulawayo City Council,Gwabalanda/Masotsh,MNadglowveugwe,18,Mhali Primary School A,School,8,99,0,63,328,1,0,499,498,
Bulawayo,Bulawayo City Council,Gwabalanda/Masotsh,MNadglowveugwe,18,Mhali Primary School B,School,6,119,0,69,345,3,0,542,539,
Bulawayo,Bulawayo City Council,Gwabalanda/Masotsh,MNadglowveugwe,18,Ntshamathe Primary School A,School,2,64,0,37,248,2,0,353,351,
Bulawayo,Bulawayo City Council,Gwabalanda/Masotsh,MNadglowveugwe,18,Ntshamathe Primary School B,School,10,98,1,53,313,9,0,484,475,
,,,,,,,,,,,,,,,,
,,,,,,,,,,,,,,,,
,,,,,,,,,,,,,,,,
Bulawayo,Bulawayo City Council,Gwabalanda/Masotsh,MNadglowveugwe,29,J. W. Mthimkhulu Primary School A,School,4,55,1,32,178,2,0,272,270,
Bulawayo,Bulawayo City Council,Gwabalanda/Masotsh,MNadglowveugwe,29,J.W. Mthimkulu Primary School B,School,4,46,0,27,204,0,0,281,281,
Bulawayo,Bulawayo City Council,Gwabalanda/Masotsh,MNadglowveugwe,29,Magwegwe North Terminus,Tent,16,94,1,59,400,3,0,573,570,
Bulawayo,Bulawayo City Council,Gwabalanda/Masotsh,MNadglowveugwe,29,Magwegwe West Pre- School,Pre -School,3,64,1,57,291,1,0,417,416,
Bulawayo,Bulawayo City Council,Gwabalanda/Masotsh,MNadglowveugwe,29,Magwegwe West Terminus,Tent,8,51,0,47,189,1,0,296,295,
Bulawayo,Bulawayo City Council,Gwabalanda/Masotsh,MNadglowveugwe,29,Masotsha Secondary School A,School,14,91,1,80,443,0,0,629,629,
Bulawayo,Bulawayo City Council,Gwabalanda/Masotsh,MNadglowveugwe,29,Masotsha Secondary School B,School,12,78,0,48,381,0,0,519,519,
Bulawayo,Bulawayo City Council,Gwabalanda/Masotsh,MNadglowveugwe,29,Mazwi Primary School A,School,13,70,0,47,272,5,0,407,402,
Bulawayo,Bulawayo City Council,Gwabalanda/Masotsh,MNadglowveugwe,29,Mazwi Primary School B,School,8,64,0,46,294,4,0,416,412,
Bulawayo,Bulawayo City Council,Gwabalanda/Masotsh,MNadglowveugwe,29,Mountain View  Shopping Centre,Tent,17,104,0,74,422,0,0,617,617,
,,,,,,,,,,,,,,,,
,,,,,,,,,,,,,,,,
,,,,,,,,,,,,,,,,
,,,,,,,,,,,,,,,,
Bulawayo,Bulawayo City Council,Mzilikazi/Khumalo,Makokoba,7,Efusini Shopping Centre,Tent,1,172,0,30,357,3,0,563,560,
Bulawayo,Bulawayo City Council,Mzilikazi/Khumalo,Makokoba,7,Lotshe Primary School A,School,2,147,1,28,348,8,0,534,526,
Bulawayo,Bulawayo City Council,Mzilikazi/Khumalo,Makokoba,7,Lotshe Primary School B,School,12,153,2,30,359,11,0,567,556,
Bulawayo,Bulawayo City Council,Mzilikazi/Khumalo,Makokoba,7,Makokoba Pre-School,Pre -School,9,144,1,52,578,10,0,794,784,
Bulawayo,Bulawayo City Council,Mzilikazi/Khumalo,Makokoba,7,Raylton Hall,Hall,1,86,0,7,172,1,0,267,266,
Bulawayo,Bulawayo City Council,Mzilikazi/Khumalo,Makokoba,7,St Columbas High School A,School,6,124,0,32,406,7,0,575,568,
Bulawayo,Bulawayo City Council,Mzilikazi/Khumalo,Makokoba,7,St Columbas High School B,School,1,89,1,18,247,0,0,356,356,
Bulawayo,Bulawayo City Council,Mzilikazi/Khumalo,Makokoba,7,St Patricks' Primary School A,School,2,197,1,22,266,3,0,491,488,
Bulawayo,Bulawayo City Council,Mzilikazi/Khumalo,Makokoba,7,St Patricks' Primary School B,School,11,247,0,33,374,5,0,670,665,
Bulawayo,Bulawayo City Council,Mzilikazi/Khumalo,Makokoba,7,Stanely Hall,Hall,2,318,0,41,413,16,0,790,774,
Bulawayo,Bulawayo City Council,Mzilikazi/Khumalo,Makokoba,7,Westgate Training Centre,Hall,3,118,0,11,190,2,0,324,322,
,,,,,,,,,,,,,,,,
,,,,,,,,,,,,,,,,
Bulawayo,Bulawayo City Council,Mzilikazi/Khumalo,Makokoba,8,Barbour Fields Pre-School,Pre -School,9,128,0,53,357,3,0,550,547,
Bulawayo,Bulawayo City Council,Mzilikazi/Khumalo,Makokoba,8,Emlizane Pre-School,Pre -School,7,110,0,29,361,22,0,529,507,
Bulawayo,Bulawayo City Council,Mzilikazi/Khumalo,Makokoba,8,J.B. Shopping Centre,Tent,5,54,1,30,286,2,0,378,376,
Bulawayo,Bulawayo City Council,Mzilikazi/Khumalo,Makokoba,8,Jairos Jiri Centre,Hall,3,100,0,23,288,5,0,419,414,
Bulawayo,Bulawayo City Council,Mzilikazi/Khumalo,Makokoba,8,Lobengula Primary School A,School,5,130,2,16,343,3,0,499,496,
Bulawayo,Bulawayo City Council,Mzilikazi/Khumalo,Makokoba,8,Lobengula Primary School B,School,4,112,0,18,245,3,0,382,379,
Bulawayo,Bulawayo City Council,Mzilikazi/Khumalo,Makokoba,8,Losikeyi Primary School A,School,1,100,1,30,324,3,0,459,456,
Bulawayo,Bulawayo City Council,Mzilikazi/Khumalo,Makokoba,8,Losikeyi Primary School B,School,5,101,1,28,320,9,0,464,455,
Bulawayo,Bulawayo City Council,Mzilikazi/Khumalo,Makokoba,8,Mcdonald Hall,Hall,14,138,3,37,388,5,0,585,580,
Bulawayo,Bulawayo City Council,Mzilikazi/Khumalo,Makokoba,8,Mpilo Hospital,Hall,8,75,0,23,242,0,0,348,348,
Bulawayo,Bulawayo City Council,Mzilikazi/Khumalo,Makokoba,8,Mzilikazi High School,School,5,97,0,18,311,3,0,434,431,
Bulawayo,Bulawayo City Council,Mzilikazi/Khumalo,Makokoba,8,Mzilikazi Primary School A,School,4,86,0,25,240,4,0,359,355,
Bulawayo,Bulawayo City Council,Mzilikazi/Khumalo,Makokoba,8,Mzilikazi Primary School B,School,11,82,0,24,241,0,0,358,358,
Bulawayo,Bulawayo City Council,Mzilikazi/Khumalo,Makokoba,8,Sobukazi High School A,School,4,78,0,15,238,3,0,338,335,
Bulawayo,Bulawayo City Council,Mzilikazi/Khumalo,Makokoba,8,Sobukazi High School B,School,1,52,0,28,231,0,0,312,312,
Bulawayo,Bulawayo City Council,Mzilikazi/Khumalo,Makokoba,8,Thorngrove Hall,Hall,1,39,2,16,287,3,0,348,345,
,,,,,,,,,,,,,,,,
,,,,,,,,,,,,,,,,
,,,,,,,,,,,,,,,,
,,,,,,,,,,,,,,,,
,,,,,,,,,,,,,,,,
Bulawayo,Bulawayo City Council,Mabuthweni/Emganw,nNiketa,24,Brethren in Christ,Hall,8,93,3,28,341,31,0,504,473,
Bulawayo,Bulawayo City Council,Mabuthweni/Emganw,nNiketa,24,Mabhukudwana Primary School A,School,5,66,0,15,243,3,0,332,329,
Bulawayo,Bulawayo City Council,Mabuthweni/Emganw,nNiketa,24,Mabhukudwana Primary School B,School,10,84,1,21,264,4,0,384,380,
Bulawayo,Bulawayo City Council,Mabuthweni/Emganw,nNiketa,24,Mganwini Primary School A,School,4,71,0,21,152,0,0,248,248,
Bulawayo,Bulawayo City Council,Mabuthweni/Emganw,nNiketa,24,Mganwini Primary School B,School,2,71,1,14,109,1,0,198,197,
Bulawayo,Bulawayo City Council,Mabuthweni/Emganw,nNiketa,24,Nketa Hall A,Hall,16,189,0,40,429,7,0,681,674,
Bulawayo,Bulawayo City Council,Mabuthweni/Emganw,nNiketa,24,Nketa Hall B,Hall,3,84,0,13,214,1,0,315,314,
Bulawayo,Bulawayo City Council,Mabuthweni/Emganw,nNiketa,24,Nketa High School A,School,4,70,0,7,124,2,0,207,205,
Bulawayo,Bulawayo City Council,Mabuthweni/Emganw,nNiketa,24,Nketa High School B,School,3,34,0,12,108,1,0,158,157,
Bulawayo,Bulawayo City Council,Mabuthweni/Emganw,nNiketa,24,Nketa Primary School A,School,29,146,1,32,440,0,0,648,648,
Bulawayo,Bulawayo City Council,Mabuthweni/Emganw,nNiketa,24,Nketa Primary School B,School,5,160,0,18,316,2,0,501,499,
Bulawayo,Bulawayo City Council,Mabuthweni/Emganw,nNiketa,24,The Salvation Army,Hall,4,115,0,20,215,2,0,356,354,
Bulawayo,Bulawayo City Council,Mabuthweni/Emganw,nNiketa,24,Nkulumane High School,School,6,143,1,23,355,3,0,531,528,
,,,,,,,,,,,,,,,,
,,,,,,,,,,,,,,,,
Bulawayo,Bulawayo City Council,Mabuthweni/Emganw,nNiketa,25,Manondwane Primary School A,School,11,171,1,36,411,11,0,641,630,
Bulawayo,Bulawayo City Council,Mabuthweni/Emganw,nNiketa,25,Manondwane Primary School B,School,8,194,0,42,445,2,0,691,689,
Bulawayo,Bulawayo City Council,Mabuthweni/Emganw,nNiketa,25,Mgiqika Primary School A,School,11,185,0,42,405,5,0,648,643,
Bulawayo,Bulawayo City Council,Mabuthweni/Emganw,nNiketa,25,Mgiqika Primary School B,School,10,212,0,45,520,3,0,790,787,
Bulawayo,Bulawayo City Council,Mabuthweni/Emganw,nNiketa,25,Nketa 7 Library,Hall,9,281,1,49,426,6,0,772,766,
Bulawayo,Bulawayo City Council,Mabuthweni/Emganw,nNiketa,25,Nketa 7 Shopping Centre,Tent,14,246,2,48,520,5,0,835,830,
Bulawayo,Bulawayo City Council,Mabuthweni/Emganw,nNiketa,25,Nketa 9 Shopping Centre,Tent,9,280,1,47,510,9,0,856,847,
,,,,,,,,,,,,,,,,
,,,,,,,,,,,,,,,,
Bulawayo,Bulawayo City Council,Mabuthweni/Emganw,nNiketa,26,Emganwini Island,Tent,2,50,2,17,75,1,0,147,146,
Bulawayo,Bulawayo City Council,Mabuthweni/Emganw,nNiketa,26,Emganwini Secondary School A,School,7,129,0,40,281,4,0,461,457,
Bulawayo,Bulawayo City Council,Mabuthweni/Emganw,nNiketa,26,Emganwini Secondary School B,School,4,106,0,23,235,1,0,369,368,
Bulawayo,Bulawayo City Council,Mabuthweni/Emganw,nNiketa,26,Khanyisa Shopping Centre,Tent,3,126,0,38,305,1,0,473,472,
Bulawayo,Bulawayo City Council,Mabuthweni/Emganw,nNiketa,26,Mganwini 2 Primary School A,School,4,44,0,21,136,1,0,206,205,
Bulawayo,Bulawayo City Council,Mabuthweni/Emganw,nNiketa,26,Mganwini 2 Primary School B,School,3,34,0,11,109,1,0,158,157,
Bulawayo,Bulawayo City Council,Mabuthweni/Emganw,nNiketa,26,Mganwini shopping Centre,tent,21,141,0,34,366,8,0,570,562,
Bulawayo,Bulawayo City Council,Mabuthweni/Emganw,nNiketa,26,Mganwini South,Tent,6,99,1,38,300,9,0,453,444,
Bulawayo,Bulawayo City Council,Mabuthweni/Emganw,nNiketa,26,Senzangakhona Primary School A,School,9,90,0,20,282,2,0,403,401,
Bulawayo,Bulawayo City Council,Mabuthweni/Emganw,nNiketa,26,Senzangakhona Primary School B,School,13,130,1,20,357,1,0,522,521,
,,,,,,,,,,,,,,,,
,,,,,,,,,,,,,,,,
,,,,,,,,,,,,,,,,
,,,,,,,,,,,,,,,,
Bulawayo,Bulawayo City Council,Mabuthweni/Emganw,nNikulumane,20,Mgoqo Primary School A,School,16,124,0,37,323,3,0,503,500,
Bulawayo,Bulawayo City Council,Mabuthweni/Emganw,nNikulumane,20,Mgoqo Primary School B,School,5,105,1,15,251,2,0,379,377,
Bulawayo,Bulawayo City Council,Mabuthweni/Emganw,nNikulumane,20,Nkulumane 12 Terminus,Tent,9,100,0,20,251,6,0,386,380,
Bulawayo,Bulawayo City Council,Mabuthweni/Emganw,nNikulumane,20,Nkulumane 15 Emasimini,Tent,3,65,0,21,220,2,0,311,309,
Bulawayo,Bulawayo City Council,Mabuthweni/Emganw,nNikulumane,20,Nkulumane 2 Secondary School,School,6,109,1,32,373,6,0,527,521,
Bulawayo,Bulawayo City Council,Mabuthweni/Emganw,nNikulumane,20,Nkulumane Engen Garage,Tent,5,92,0,27,242,1,0,367,366,
Bulawayo,Bulawayo City Council,Mabuthweni/Emganw,nNikulumane,20,Nkulumane Entabeni Club,Tent,5,92,0,21,210,4,0,332,328,
Bulawayo,Bulawayo City Council,Mabuthweni/Emganw,nNikulumane,20,Nkulumane Library,Hall,3,78,0,15,165,4,0,265,261,
Bulawayo,Bulawayo City Council,Mabuthweni/Emganw,nNikulumane,20,Prince and Princess Pre-School,Pre -School,8,93,0,26,299,4,0,430,426,
Bulawayo,Bulawayo City Council,Mabuthweni/Emganw,nNikulumane,20,Zesa Office,Tent,8,107,0,17,274,0,0,406,406,
,,,,,,,,,,,,,,,,
,,,,,,,,,,,,,,,,
,,,,,,,,,,,,,,,,
Bulawayo,Bulawayo City Council,Mabuthweni/Emganw,nNikulumane,22,Amaveni Primary School A,School,12,85,0,34,277,0,0,408,408,
Bulawayo,Bulawayo City Council,Mabuthweni/Emganw,nNikulumane,22,Amaveni Primary School B,School,7,74,0,16,203,2,0,302,300,
Bulawayo,Bulawayo City Council,Mabuthweni/Emganw,nNikulumane,22,Mafela Primary School A,School,11,75,0,14,225,1,0,326,325,
Bulawayo,Bulawayo City Council,Mabuthweni/Emganw,nNikulumane,22,Mafela Primary School B,School,3,55,0,6,205,7,0,276,269,
Bulawayo,Bulawayo City Council,Mabuthweni/Emganw,nNikulumane,22,Mandwandwe Secondary School A,School,9,53,0,11,214,1,0,288,287,
Bulawayo,Bulawayo City Council,Mabuthweni/Emganw,nNikulumane,22,Mandwandwe Secondary School B,School,3,40,0,10,190,4,0,247,243,
Bulawayo,Bulawayo City Council,Mabuthweni/Emganw,nNikulumane,22,Mtshane Primary School A,School,8,85,1,13,269,5,0,381,376,
Bulawayo,Bulawayo City Council,Mabuthweni/Emganw,nNikulumane,22,Mtshane Primary School B,School,8,80,0,25,307,3,0,423,420,
Bulawayo,Bulawayo City Council,Mabuthweni/Emganw,nNikulumane,22,Nkulumane Hall A,Hall,7,71,1,23,263,5,0,370,365,
Bulawayo,Bulawayo City Council,Mabuthweni/Emganw,nNikulumane,22,Nkulumane Hall B,Hall,12,60,0,21,268,6,0,367,361,
Bulawayo,Bulawayo City Council,Mabuthweni/Emganw,nNikulumane,22,One -Way,Tent,3,59,0,16,235,4,0,317,313,
Bulawayo,Bulawayo City Council,Mabuthweni/Emganw,nNikulumane,22,Sigombe Primary School A,School,2,45,0,11,126,0,0,184,184,
Bulawayo,Bulawayo City Council,Mabuthweni/Emganw,nNikulumane,22,Sigombe Primary School B,School,2,34,0,11,109,0,0,156,156,
,,,,,,,,,,,,,,,,
,,,,,,,,,,,,,,,,
Bulawayo,Bulawayo City Council,Mabuthweni/Emganw,nNikulumane,23,Mgombane Primary School A,School,20,79,0,31,252,6,0,388,382,
Bulawayo,Bulawayo City Council,Mabuthweni/Emganw,nNikulumane,23,Mgombane Primary School B,School,21,93,0,21,307,3,0,445,442,
Bulawayo,Bulawayo City Council,Mabuthweni/Emganw,nNikulumane,23,Nkulumane 10 Bus Terminus,Tent,15,90,0,35,354,7,0,501,494,
Bulawayo,Bulawayo City Council,Mabuthweni/Emganw,nNikulumane,23,Nkulumane 10 Water Reservour,Tent,15,76,2,48,415,2,0,558,556,
Bulawayo,Bulawayo City Council,Mabuthweni/Emganw,nNikulumane,23,Nkulumane 12 Entabeni,Tent,9,62,0,18,202,0,0,291,291,
Bulawayo,Bulawayo City Council,Mabuthweni/Emganw,nNikulumane,23,Queen Elizabeth Primary School A,School,16,120,1,41,326,8,0,512,504,
Bulawayo,Bulawayo City Council,Mabuthweni/Emganw,nNikulumane,23,Queen Elizabeth Primary School B,School,33,206,2,57,541,5,0,844,839,
,,,,,,,,,,,,,,,,
,,,,,,,,,,,,,,,,
,,,,,,,,,,,,,,,,
,,,,,,,,,,,,,,,,
Bulawayo,Bulawayo City Council,Mabuthweni/Emganw,nPielandaba-Mpopoma,9,Gampu Primary School A,School,0,52,0,11,139,1,0,203,202,
Bulawayo,Bulawayo City Council,Mabuthweni/Emganw,nPielandaba-Mpopoma,9,Gampu Primary School B,School,7,64,1,20,306,5,0,403,398,
Bulawayo,Bulawayo City Council,Mabuthweni/Emganw,nPielandaba-Mpopoma,9,Inyathi Youth Centre,Hall,5,56,0,24,207,0,0,292,292,
Bulawayo,Bulawayo City Council,Mabuthweni/Emganw,nPielandaba-Mpopoma,9,Lukanyiso Primary School A,School,6,38,2,16,171,4,0,237,233,
Bulawayo,Bulawayo City Council,Mabuthweni/Emganw,nPielandaba-Mpopoma,9,Lukanyiso Primary School B,School,2,38,0,15,108,0,0,163,163,
Bulawayo,Bulawayo City Council,Mabuthweni/Emganw,nPielandaba-Mpopoma,9,Matshobana Hall,Hall,4,84,0,23,346,6,0,463,457,
Bulawayo,Bulawayo City Council,Mabuthweni/Emganw,nPielandaba-Mpopoma,9,Mpopoma Hall,Hall,7,88,0,23,240,3,0,361,358,
Bulawayo,Bulawayo City Council,Mabuthweni/Emganw,nPielandaba-Mpopoma,9,Mpopoma High School A,School,2,91,1,16,102,2,0,214,212,
Bulawayo,Bulawayo City Council,Mabuthweni/Emganw,nPielandaba-Mpopoma,9,Mpopoma High School B,School,0,13,0,7,66,0,0,86,86,
Bulawayo,Bulawayo City Council,Mabuthweni/Emganw,nPielandaba-Mpopoma,9,Mpopoma Library,Hall,0,44,0,15,185,4,0,248,244,
Bulawayo,Bulawayo City Council,Mabuthweni/Emganw,nPielandaba-Mpopoma,9,Mpopoma Pre School (Angels),Pre -School,0,71,0,12,163,3,0,249,246,
Bulawayo,Bulawayo City Council,Mabuthweni/Emganw,nPielandaba-Mpopoma,9,Mpopoma South Shopping Centre,Tent,3,172,1,19,270,1,0,466,465,
Bulawayo,Bulawayo City Council,Mabuthweni/Emganw,nPielandaba-Mpopoma,9,Mpumelelo Primary School A,School,9,100,0,21,304,2,0,436,434,
Bulawayo,Bulawayo City Council,Mabuthweni/Emganw,nPielandaba-Mpopoma,9,Mpumelelo Primary School B,School,7,66,0,16,259,2,0,350,348,
Bulawayo,Bulawayo City Council,Mabuthweni/Emganw,nPielandaba-Mpopoma,9,Msitheli High School A,School,9,80,1,24,259,1,0,374,373,
Bulawayo,Bulawayo City Council,Mabuthweni/Emganw,nPielandaba-Mpopoma,9,Msitheli High School B,School,6,62,0,21,229,2,0,320,318,
Bulawayo,Bulawayo City Council,Mabuthweni/Emganw,nPielandaba-Mpopoma,9,Nkulumane Primary School A,School,2,54,0,18,197,1,0,272,271,
Bulawayo,Bulawayo City Council,Mabuthweni/Emganw,nPielandaba-Mpopoma,9,Nkulumane Primary School B,School,4,58,0,10,187,0,0,259,259,
Bulawayo,Bulawayo City Council,Mabuthweni/Emganw,nPielandaba-Mpopoma,9,Vulindlela Youth Centre,Hall,5,73,1,27,283,1,0,390,389,
,,,,,,,,,,,,,,,,
,,,,,,,,,,,,,,,,
,,,,,,,,,,,,,,,,
,,,,,,,,,,,,,,,,
Bulawayo,Bulawayo City Council,Mabuthweni/Emganw,nPielandaba-Mpopoma,13,Iminyela Flats,Tent,2,107,0,24,335,5,0,473,468,
Bulawayo,Bulawayo City Council,Mabuthweni/Emganw,nPielandaba-Mpopoma,13,Iminyela Hall,Hall,8,124,0,39,437,10,0,618,608,
Bulawayo,Bulawayo City Council,Mabuthweni/Emganw,nPielandaba-Mpopoma,13,Induba Primary School A,School,10,120,0,14,295,5,0,444,439,
Bulawayo,Bulawayo City Council,Mabuthweni/Emganw,nPielandaba-Mpopoma,13,Induba Primary School B,School,2,59,0,17,208,4,0,290,286,
Bulawayo,Bulawayo City Council,Mabuthweni/Emganw,nPielandaba-Mpopoma,13,Mabuthweni E.C.D Centre,Hall,4,85,0,21,261,4,0,375,371,
Bulawayo,Bulawayo City Council,Mabuthweni/Emganw,nPielandaba-Mpopoma,13,Mabuthweni Hall,Hall,6,119,1,23,326,6,0,481,475,
Bulawayo,Bulawayo City Council,Mabuthweni/Emganw,nPielandaba-Mpopoma,13,Pelandaba Hall,Hall,6,100,0,25,271,3,0,405,402,
Bulawayo,Bulawayo City Council,Mabuthweni/Emganw,nPielandaba-Mpopoma,13,Pelandaba Pre School,Pre -School,5,72,1,15,226,3,0,322,319,
Bulawayo,Bulawayo City Council,Mabuthweni/Emganw,nPielandaba-Mpopoma,13,Sizane High School B,School,2,72,2,17,210,1,0,304,303,
Bulawayo,Bulawayo City Council,Mabuthweni/Emganw,nPielandaba-Mpopoma,13,Sizani High School A,School,1,80,0,26,241,5,0,353,348,
Bulawayo,Bulawayo City Council,Mabuthweni/Emganw,nPielandaba-Mpopoma,13,Siziba Youth Centre,Hall,4,68,0,15,237,9,0,333,324,
,,,,,,,,,,,,,,,,
,,,,,,,,,,,,,,,,
,,,,,,,,,,,,,,,,
,,,,,,,,,,,,,,,,
Bulawayo,Bulawayo City Council,Gwabalanda/Masotsh,PNudmlouvlua,17,Amaswazi Primary School A,School,4,54,2,21,210,6,0,297,291,
Bulawayo,Bulawayo City Council,Gwabalanda/Masotsh,PNudmlouvlua,17,Amaswazi Primary School B,School,6,39,1,15,127,2,0,190,188,
Bulawayo,Bulawayo City Council,Gwabalanda/Masotsh,PNudmlouvlua,17,Babambeni Primary School A,School,3,82,0,28,220,3,0,336,333,
Bulawayo,Bulawayo City Council,Gwabalanda/Masotsh,PNudmlouvlua,17,Babambeni Primary School B,School,5,52,0,18,173,2,0,250,248,
Bulawayo,Bulawayo City Council,Gwabalanda/Masotsh,PNudmlouvlua,17,Green Gables  School,School,0,4,1,2,4,0,0,11,11,
Bulawayo,Bulawayo City Council,Gwabalanda/Masotsh,PNudmlouvlua,17,Hyde Park Primary School,School,2,35,1,15,115,2,0,170,168,
Bulawayo,Bulawayo City Council,Gwabalanda/Masotsh,PNudmlouvlua,17,Malindela Primary School A,School,4,51,1,16,218,0,0,290,290,
Bulawayo,Bulawayo City Council,Gwabalanda/Masotsh,PNudmlouvlua,17,Malindela Primary School B,School,9,80,1,27,221,7,0,345,338,
Bulawayo,Bulawayo City Council,Gwabalanda/Masotsh,PNudmlouvlua,17,Pumula High School A,School,5,69,0,15,172,3,0,264,261,
Bulawayo,Bulawayo City Council,Gwabalanda/Masotsh,PNudmlouvlua,17,Pumula High School B,School,2,73,0,10,87,2,0,174,172,
Bulawayo,Bulawayo City Council,Gwabalanda/Masotsh,PNudmlouvlua,17,Pumula Library,School,5,94,0,20,222,7,0,348,341,
Bulawayo,Bulawayo City Council,Gwabalanda/Masotsh,PNudmlouvlua,17,Robert Sinyoka Primary School A,School,1,60,1,14,86,5,0,167,162,
Bulawayo,Bulawayo City Council,Gwabalanda/Masotsh,PNudmlouvlua,17,Robert Sinyoka Primary School B,School,2,47,0,10,82,1,0,142,141,
Bulawayo,Bulawayo City Council,Gwabalanda/Masotsh,PNudmlouvlua,17,Sizalendaba Secondary School,School,0,2,0,3,24,2,0,31,29,
Bulawayo,Bulawayo City Council,Gwabalanda/Masotsh,PNudmlouvlua,17,St Peters Primary School A,School,8,74,1,15,129,3,0,230,227,
Bulawayo,Bulawayo City Council,Gwabalanda/Masotsh,PNudmlouvlua,17,St Peters Primary School B,School,2,38,1,13,63,3,0,120,117,
,,,,,,,,,,,,,,,,
,,,,,,,,,,,,,,,,
Bulawayo,Bulawayo City Council,Gwabalanda/Masotsh,PNudmlouvlua,19,Amhlope Secondary School A,School,8,96,0,20,226,3,0,353,350,
Bulawayo,Bulawayo City Council,Gwabalanda/Masotsh,PNudmlouvlua,19,Amhlope Secondary School B,School,7,53,0,13,92,2,0,167,165,
Bulawayo,Bulawayo City Council,Gwabalanda/Masotsh,PNudmlouvlua,19,Godlwayo Primary School A,School,6,88,1,17,213,6,0,331,325,
Bulawayo,Bulawayo City Council,Gwabalanda/Masotsh,PNudmlouvlua,19,Godlwayo Primary School B,School,3,93,1,22,191,13,0,323,310,
Bulawayo,Bulawayo City Council,Gwabalanda/Masotsh,PNudmlouvlua,19,Ingwegwe Primary School A,School,5,114,0,44,342,5,0,510,505,
Bulawayo,Bulawayo City Council,Gwabalanda/Masotsh,PNudmlouvlua,19,Ingwegwe Primary School B,School,5,101,0,26,271,3,0,406,403,
Bulawayo,Bulawayo City Council,Gwabalanda/Masotsh,PNudmlouvlua,19,Isilwane Youth Club,Hall,4,74,0,16,242,2,0,338,336,
Bulawayo,Bulawayo City Council,Gwabalanda/Masotsh,PNudmlouvlua,19,Pumula East Pre-School,Pre -School,2,59,1,36,242,4,0,344,340,
Bulawayo,Bulawayo City Council,Gwabalanda/Masotsh,PNudmlouvlua,19,Pumula Hall,Hall,6,167,1,43,381,7,0,605,598,
Bulawayo,Bulawayo City Council,Gwabalanda/Masotsh,PNudmlouvlua,19,St. Bernards Primary School A,School,6,31,0,30,168,3,0,238,235,
Bulawayo,Bulawayo City Council,Gwabalanda/Masotsh,PNudmlouvlua,19,St. Bernards Primary School B,School,4,51,0,11,156,3,0,225,222,
,,,,,,,,,,,,,,,,
,,,,,,,,,,,,,,,,
,,,,,,,,,,,,,,,,
,,,,,,,,,,,,,,,,
Bulawayo,Bulawayo City Council,Gwabalanda/Masotsh,PNudmlouvlua,27,Dumezweni Primary School A,School,5,212,0,39,415,0,0,671,671,
Bulawayo,Bulawayo City Council,Gwabalanda/Masotsh,PNudmlouvlua,27,Dumezweni Primary School B,School,4,168,0,33,316,5,0,526,521,
Bulawayo,Bulawayo City Council,Gwabalanda/Masotsh,PNudmlouvlua,27,Ngwalongwalo Primary School A,School,7,70,0,6,117,0,0,200,200,
Bulawayo,Bulawayo City Council,Gwabalanda/Masotsh,PNudmlouvlua,27,Ngwalongwalo Primary School B,School,0,73,0,10,71,1,0,155,154,
Bulawayo,Bulawayo City Council,Gwabalanda/Masotsh,PNudmlouvlua,27,Premier High School A,School,5,71,0,9,167,3,0,255,252,
Bulawayo,Bulawayo City Council,Gwabalanda/Masotsh,PNudmlouvlua,27,Premier High School B,School,3,63,0,9,199,13,0,287,274,
Bulawayo,Bulawayo City Council,Gwabalanda/Masotsh,PNudmlouvlua,27,Pumula Glendenning Hall,Hall,0,48,0,6,92,1,0,147,146,
Bulawayo,Bulawayo City Council,Gwabalanda/Masotsh,PNudmlouvlua,27,Pumula South  Pre School,Pre -School,3,114,0,44,387,6,0,554,548,
Bulawayo,Bulawayo City Council,Gwabalanda/Masotsh,PNudmlouvlua,27,Pumula South Emthunzini,Tent,0,11,0,5,22,0,0,38,38,
Bulawayo,Bulawayo City Council,Gwabalanda/Masotsh,PNudmlouvlua,27,Pumula South Habbek,Tent,1,54,0,9,111,3,0,178,175,
Bulawayo,Bulawayo City Council,Gwabalanda/Masotsh,PNudmlouvlua,27,Pumula South Hall,Hall,9,121,1,32,324,9,0,496,487,
Bulawayo,Bulawayo City Council,Gwabalanda/Masotsh,PNudmlouvlua,27,Venture High School (Skies of Hope),School,2,116,3,36,327,3,0,487,484,
