Province,District,Local Authority,Constituency,Ward No.,Polling Station Facility,, Dabengwa Dumiso (ZAPU),Mugabe Robert Gabriel (ZANU PF),Mukwazhe Munodei Kisinoti (ZDP),Ncube Welshman (MDC), Tsvangirayi Morgan (MDC-T), Total Votes Rejected, Ballot Papers Unaccounted for,  Total Votes Cast, Total Valid Votes Cast
Mash Central,Bindura,Bindura Municipality,Bindura North,1,Bindura Primary Primary School,,2,519,0,1,385,6,0,913,907
Mash Central,Bindura,Bindura Municipality,Bindura North,1,Bindura Hospital Tent,,0,525,0,8,521,11,0,1065,1054
,,,,,,,,,,,,,,,
Mash Central,Bindura,Bindura Municipality,Bindura North,2,Bindura University New Site,,0,183,2,1,86,2,0,274,272
Mash Central,Bindura,Bindura Municipality,Bindura North,2,Shashi Primary Primary School,,0,84,0,2,60,2,0,148,146
Mash Central,Bindura,Bindura Municipality,Bindura North,2,Zimbabwe Open UniversiTtyent,,2,286,1,4,166,5,0,464,459
,,,,,,,,,,,,,,,
Mash Central,Bindura,Bindura Municipality,Bindura North,3,Chipindura High Secondary School,,2,80,0,0,81,1,2,164,163
Mash Central,Bindura,Bindura Municipality,Bindura North,3,DA’s Campus Tent,,1,192,0,7,242,2,0,444,442
,,,,,,,,,,,,,,,
Mash Central,Bindura,Bindura Municipality,Bindura North,4,Salvation Army Primary School,,1,447,0,7,387,12,0,854,842
,,,,,,,,,,,,,,,
Mash Central,Bindura,Bindura Municipality,Bindura North,5,Chipadze A Primary School ‘A’,,0,186,2,0,160,4,0,352,348
Mash Central,Bindura,Bindura Municipality,Bindura North,5,Chipadze B Primary School ‘B’,,2,279,0,10,355,5,0,651,646
,,,,,,,,,,,,,,,
Mash Central,Bindura,Bindura Municipality,Bindura North,6,Chipindura A Primary School ‘A’,,1,263,0,6,291,13,0,574,561
Mash Central,Bindura,Bindura Municipality,Bindura North,6,Chipindura B Primary School ‘B’,,0,249,2,9,272,9,0,541,532
,,,,,,,,,,,,,,,
Mash Central,Bindura,Bindura Municipality,Bindura North,7,Chipadze High Secondary School,,2,316,1,3,338,9,0,669,660
,,,,,,,,,,,,,,,
Mash Central,Bindura,Bindura Municipality,Bindura North,8,Aerodrome  Shopping CenTternet,,3,304,1,7,339,2,0,656,654
Mash Central,Bindura,Bindura Municipality,Bindura North,8,Marian Primary Primary School,,1,302,0,8,327,12,0,650,638
,,,,,,,,,,,,,,,
Mash Central,Bindura,Bindura Municipality,Bindura North,9,Chiwaridzo New School BSueilcdoingdary School,,2,311,0,5,216,8,0,542,534
Mash Central,Bindura,Bindura Municipality,Bindura North,9,Chiwaridzo New Service CTeennttre,,0,219,0,5,355,11,0,590,579
,,,,,,,,,,,,,,,
Mash Central,Bindura,Bindura Municipality,Bindura North,10,Chiwaridzo Bus Stop Tent,,1,291,0,20,417,10,0,739,729
Mash Central,Bindura,Bindura Municipality,Bindura North,10,Hermann Gmeiner Secondary School,,0,181,0,9,318,5,0,513,508
,,,,,,,,,,,,,,,
Mash Central,Bindura,Bindura Municipality,Bindura North,11,Makwinja Street Open SpTaecnet,,3,521,0,17,462,27,0,1030,1003
,,,,,,,,,,,,,,,
Mash Central,Bindura,Bindura Municipality,Bindura North,12,Chiwaridzo 2 Shopping CeTnetnret,,3,854,1,16,746,28,0,1648,1620
,,,,,,,,,,,,,,,
Mash Central,Bindura,Bindura RDC,Bindura North,1,Banwell Farm Tent,,1,396,0,0,1,1,0,399,398
Mash Central,Bindura,Bindura RDC,Bindura North,1,Chumbere Primary Primary School,,1,375,1,0,6,3,0,386,383
Mash Central,Bindura,Bindura RDC,Bindura North,1,Dimitra Primary Primary School,,1,502,0,0,13,3,0,519,516
Mash Central,Bindura,Bindura RDC,Bindura North,1,Manga Primary Primary School,,0,1014,0,0,7,11,2,1032,1021
,,,,,,,,,,,,,,,
,,,,,,,,,,,,,,,
,,,,,,,,,,,,,,,
,,,,,,,,,,,,,,,
Mash Central,Bindura,Bindura RDC,Bindura North,2,Ashcott Primary Primary School,,1,240,0,0,1,1,0,243,242
Mash Central,Bindura,Bindura RDC,Bindura North,2,Azikara Farm Tent,,0,397,1,0,1,0,0,399,399
Mash Central,Bindura,Bindura RDC,Bindura North,2,Frinton Farm Tent,,6,461,1,0,2,5,0,475,470
Mash Central,Bindura,Bindura RDC,Bindura North,2,Matepatepa Country ClubCountry Club,,1,592,0,0,5,1,0,599,598
Mash Central,Bindura,Bindura RDC,Bindura North,2,Mazunga Primary Primary School,,1,542,0,0,3,7,0,553,546
Mash Central,Bindura,Bindura RDC,Bindura North,2,Terragwaai Farm Tent,,0,120,0,0,0,0,0,120,120
,,,,,,,,,,,,,,,
Mash Central,Bindura,Bindura RDC,Bindura North,3,Chomukute Farm Tent,,4,427,0,0,10,4,0,445,441
Mash Central,Bindura,Bindura RDC,Bindura North,3,Duntarvie Farm Tent,,0,234,0,0,4,5,0,243,238
Mash Central,Bindura,Bindura RDC,Bindura North,3,Felton Farm Tent,,1,332,0,0,9,1,0,343,342
Mash Central,Bindura,Bindura RDC,Bindura North,3,Hinton Estates Tent,,3,382,0,0,5,34,0,424,390
Mash Central,Bindura,Bindura RDC,Bindura North,3,Lagnaha Farm Tent,,3,274,0,0,6,3,0,286,283
Mash Central,Bindura,Bindura RDC,Bindura North,3,Mabwemachena SecondaSreycondary School,,2,687,0,2,9,3,0,703,700
Mash Central,Bindura,Bindura RDC,Bindura North,3,Makori Range Primary Primary School,,2,245,0,0,2,1,0,250,249
Mash Central,Bindura,Bindura RDC,Bindura North,3,Rosetta Rust Primary Primary School,,1,830,0,1,34,10,0,876,866
,,,,,,,,,,,,,,,
Mash Central,Bindura,Bindura RDC,Bindura North,4,Bodele Farm Tent,,1,91,0,0,0,2,0,94,92
Mash Central,Bindura,Bindura RDC,Bindura North,4,Chevakadzi ResettlementTent,,4,184,0,1,1,1,0,191,190
Mash Central,Bindura,Bindura RDC,Bindura North,4,Chiveri Farm Tent,,1,328,0,0,3,2,0,334,332
Mash Central,Bindura,Bindura RDC,Bindura North,4,Guitingwood Farm Tent,,1,314,0,2,22,4,0,343,339
Mash Central,Bindura,Bindura RDC,Bindura North,4,Hurlingham Farm Tent,,0,101,0,0,0,0,0,101,101
Mash Central,Bindura,Bindura RDC,Bindura North,4,Mupfurudzi ResettlementTent,,0,411,1,2,23,4,0,441,437
Mash Central,Bindura,Bindura RDC,Bindura North,4,Retreat/ Kambira PrimaryPrimary School,,9,552,0,3,14,13,0,591,578
,,,,,,,,,,,,,,,
Mash Central,Bindura,Bindura RDC,Bindura North,5,Craigside Farm Tent,,7,315,1,2,22,4,0,351,347
Mash Central,Bindura,Bindura RDC,Bindura North,5,Dondori Primary Primary School,,3,494,0,0,3,9,0,509,500
Mash Central,Bindura,Bindura RDC,Bindura North,5,St Basil Primary Primary School,,7,578,2,2,14,19,0,622,603
Mash Central,Bindura,Bindura RDC,Bindura North,5,Tarlington Farm Tent,,0,151,0,0,1,1,0,153,152
,,,,,,,,,,,,,,,
Mash Central,Bindura,Bindura RDC,Bindura North,7,Chipadze Farm SecondarySecondary School,,4,426,0,0,6,4,0,440,436
Mash Central,Bindura,Bindura RDC,Bindura North,7,Chiwaridza Farm Tent,,1,802,0,0,7,7,1,817,810
Mash Central,Bindura,Bindura RDC,Bindura North,7,Uronga South Primary Primary School,,2,345,1,6,64,13,0,431,418
,,,,,,,,,,,,,,,
Mash Central,Bindura,Bindura RDC,Bindura North,19,Benwell Farm Tent,,3,296,0,0,7,7,0,313,306
Mash Central,Bindura,Bindura RDC,Bindura North,19,Foothills Primary Primary School,,1,295,0,7,120,4,0,427,423
Mash Central,Bindura,Bindura RDC,Bindura North,19,Irenedale Farm Tent,,3,478,0,0,6,4,0,491,487
Mash Central,Bindura,Bindura RDC,Bindura North,19,Jesmond Deane Estate Tent,,5,319,0,0,3,2,0,329,327
Mash Central,Bindura,Bindura RDC,Bindura North,19,Riverview Farm Tent,,1,176,0,0,32,1,0,210,209
Mash Central,Bindura,Bindura RDC,Bindura North,19,Sydenham Farm Tent,,1,88,1,0,7,0,0,97,97
,,,,,,,,,,,,,,,
Mash Central,Bindura,Bindura RDC,Bindura North,20,Avocca  Primary Primary School,,1,133,0,0,10,3,0,147,144
Mash Central,Bindura,Bindura RDC,Bindura North,20,Cleverhill Farm Tent,,2,112,0,1,28,4,0,147,143
Mash Central,Bindura,Bindura RDC,Bindura North,20,Melfort Farm Tent,,0,92,0,3,19,2,0,116,114
Mash Central,Bindura,Bindura RDC,Bindura North,20,Nethergreen Primary Primary School,,0,477,1,0,34,3,0,515,512
Mash Central,Bindura,Bindura RDC,Bindura North,20,Selwood Farm Tent,,0,76,0,0,16,0,0,92,92
Mash Central,Bindura,Bindura RDC,Bindura North,20,Zvakwana Primary Primary School,,2,276,0,1,11,16,0,306,290
,,,,,,,,,,,,,,,
,,,,,,,,,,,,,,,
,,,,,,,,,,,,,,,
,,,,,,,,,,,,,,,
,,,,,,,,,,,,,,,
,,,,,,,,,,,,,,,
Mash Central,Bindura,Bindura RDC,Bindura South,6,Brickburn Farm Tent,,0,170,0,1,43,0,0,214,214
Mash Central,Bindura,Bindura RDC,Bindura South,6,Gosforth Farm Tent,,0,133,0,0,8,0,0,141,141
Mash Central,Bindura,Bindura RDC,Bindura South,6,Kingstone Farm Tent,,1,229,1,3,18,2,0,254,252
Mash Central,Bindura,Bindura RDC,Bindura South,6,Kippendale Farm Tent,,0,40,0,0,9,1,0,50,49
Mash Central,Bindura,Bindura RDC,Bindura South,6,Trojan Primary A Primary School ‘A’,,2,191,1,15,761,8,0,978,970
Mash Central,Bindura,Bindura RDC,Bindura South,6,Trojan Primary B Primary School ‘B’,,2,249,1,14,638,18,0,922,904
,,,,,,,,,,,,,,,
Mash Central,Bindura,Bindura RDC,Bindura South,8,Burnside Primary Primary School,,0,408,1,1,12,3,0,425,422
Mash Central,Bindura,Bindura RDC,Bindura South,8,Ruwanga Farm Tent,,1,402,0,0,13,10,0,426,416
Mash Central,Bindura,Bindura RDC,Bindura South,8,S.O.S Maizelands PrimaryPrimary School,,1,625,1,1,17,3,0,648,645
Mash Central,Bindura,Bindura RDC,Bindura South,8,The Vale Farm Tent,,1,347,1,1,14,1,0,365,364
,,,,,,,,,,,,,,,
Mash Central,Bindura,Bindura RDC,Bindura South,9,Chireka Primary Primary School,,1,324,2,9,146,10,0,492,482
Mash Central,Bindura,Bindura RDC,Bindura South,9,Chirikadzi B.C Tent,,4,267,2,7,86,7,0,373,366
Mash Central,Bindura,Bindura RDC,Bindura South,9,Matapi B.C Tent,,5,418,2,11,137,17,0,590,573
,,,,,,,,,,,,,,,
Mash Central,Bindura,Bindura RDC,Bindura South,10,Dengu Primary Primary School,,1,211,0,5,51,5,0,273,268
Mash Central,Bindura,Bindura RDC,Bindura South,10,Manhenga Pre School Council Offices,,12,540,4,24,240,20,0,840,820
Mash Central,Bindura,Bindura RDC,Bindura South,10,Wayerera Primary Primary School,,2,307,3,20,131,13,0,476,463
,,,,,,,,,,,,,,,
Mash Central,Bindura,Bindura RDC,Bindura South,11,Besa B.C Tent,,0,221,0,8,69,4,0,302,298
Mash Central,Bindura,Bindura RDC,Bindura South,11,Chigiji Primary Primary School,,4,231,1,7,104,7,0,354,347
Mash Central,Bindura,Bindura RDC,Bindura South,11,Chiriseri Primary Primary School,,0,144,1,5,71,3,0,224,221
Mash Central,Bindura,Bindura RDC,Bindura South,11,Chitunhu/Chitauro B.C Tent,,2,191,0,5,48,0,0,246,246
Mash Central,Bindura,Bindura RDC,Bindura South,11,Jingo Primary Primary School,,1,168,0,7,61,3,0,240,237
,,,,,,,,,,,,,,,
Mash Central,Bindura,Bindura RDC,Bindura South,12,Maravanyika Primary Primary School,,1,294,1,3,87,6,0,392,386
Mash Central,Bindura,Bindura RDC,Bindura South,12,Masembura Primary Primary School,,7,755,1,22,126,9,0,920,911
,,,,,,,,,,,,,,,
Mash Central,Bindura,Bindura RDC,Bindura South,13,Chiveso Primary Primary School,,5,353,1,21,157,8,0,545,537
Mash Central,Bindura,Bindura RDC,Bindura South,13,Murembe Secondary Secondary School,,3,357,0,7,107,6,0,480,474
,,,,,,,,,,,,,,,
Mash Central,Bindura,Bindura RDC,Bindura South,14,Muchapondwa B.C Tent,,4,302,2,12,158,4,0,482,478
Mash Central,Bindura,Bindura RDC,Bindura South,14,Muchapondwa Primary Primary School,,0,453,1,2,115,2,0,573,571
Mash Central,Bindura,Bindura RDC,Bindura South,14,Musana Primary Primary School,,1,398,0,6,116,7,0,528,521
,,,,,,,,,,,,,,,
Mash Central,Bindura,Bindura RDC,Bindura South,15,Chakanyemba Primary School,,0,129,0,9,75,3,0,216,213
Mash Central,Bindura,Bindura RDC,Bindura South,15,Nyava Primary Primary School,,6,438,2,22,230,9,0,707,698
Mash Central,Bindura,Bindura RDC,Bindura South,15,Nyava Secondary Secondary School,,2,450,2,10,181,6,0,651,645
,,,,,,,,,,,,,,,
Mash Central,Bindura,Bindura RDC,Bindura South,16,Chindotwe Primary Primary School,,1,235,0,15,179,11,0,441,430
Mash Central,Bindura,Bindura RDC,Bindura South,16,Gwaze Primary Primary School,,2,349,0,4,98,7,0,460,453
Mash Central,Bindura,Bindura RDC,Bindura South,16,Mumurwi Primary Primary School,,2,419,0,9,89,5,0,524,519
Mash Central,Bindura,Bindura RDC,Bindura South,16,Rutope Clinic Tent,,4,479,2,15,200,15,0,715,700
,,,,,,,,,,,,,,,
,,,,,,,,,,,,,,,
,,,,,,,,,,,,,,,
,,,,,,,,,,,,,,,
,,,,,,,,,,,,,,,
Mash Central,Bindura,Bindura RDC,Bindura South,17,Mupandira Primary Primary School,,8,581,2,42,280,20,0,933,913
Mash Central,Bindura,Bindura RDC,Bindura South,17,Nzirawa B.C Tent,,7,437,0,22,275,17,0,758,741
,,,,,,,,,,,,,,,
Mash Central,Bindura,Bindura RDC,Bindura South,18,Gorwa Primary Primary School,,1,165,0,17,155,3,0,341,338
Mash Central,Bindura,Bindura RDC,Bindura South,18,Mashambanhaka PrimaryPrimary School,,4,339,1,16,207,12,0,579,567
,,,,,,,,,,,,,,,
Mash Central,Bindura,Bindura RDC,Bindura South,21,Batanai Community Hall Community Hall,,0,178,0,5,333,5,0,521,516
Mash Central,Bindura,Bindura RDC,Bindura South,21,Geluk  Farm Tent,,3,544,0,1,6,1,0,555,554
Mash Central,Bindura,Bindura RDC,Bindura South,21,Mapunga Primary Primary School,,0,160,0,2,17,1,0,180,179
Mash Central,Bindura,Bindura RDC,Bindura South,21,Pednor Primary Primary School,,2,140,0,1,76,4,0,223,219
Mash Central,Bindura,Bindura RDC,Bindura South,21,Pimento Park Primary Primary School,,0,54,1,0,7,0,0,62,62
Mash Central,Bindura,Bindura RDC,Bindura South,21,Saimona Primary Primary School,,4,654,0,1,22,8,0,689,681
Mash Central,Bindura,Bindura RDC,Bindura South,21,Thrums Primary Primary School,,2,230,0,1,24,5,0,262,257
,,,,,,,,,,,,,,,
,,,,,,,,,,,,,,,
Mash Central,Guruve,Guruve RDC,Guruve North,2,Chikwidibe Primary Primary School,,5,914,0,0,2,10,0,931,921
Mash Central,Guruve,Guruve RDC,Guruve North,2,Matare Primary Primary School,,1,403,2,0,2,4,0,412,408
Mash Central,Guruve,Guruve RDC,Guruve North,2,Nyamanji Primary Primary School,,2,457,2,0,8,5,0,474,469
,,,,,,,,,,,,,,,
Mash Central,Guruve,Guruve RDC,Guruve North,4,Chimfombo Primary Primary School,,6,299,0,3,59,2,0,369,367
Mash Central,Guruve,Guruve RDC,Guruve North,4,Matsvitsi Secondary Secondary School,,2,334,0,4,24,0,0,364,364
Mash Central,Guruve,Guruve RDC,Guruve North,4,Mukaera Art Centre Tent,,4,545,0,1,12,9,0,571,562
Mash Central,Guruve,Guruve RDC,Guruve North,4,Mukwenya Primary Primary School,,0,444,0,1,30,4,0,479,475
,,,,,,,,,,,,,,,
Mash Central,Guruve,Guruve RDC,Guruve North,5,Chipangura Primary Primary School,,3,631,1,21,138,8,0,802,794
Mash Central,Guruve,Guruve RDC,Guruve North,5,Museka Business Centre Tent,,4,314,0,5,70,4,0,397,393
Mash Central,Guruve,Guruve RDC,Guruve North,5,Museka Dip Tank Tent,,2,528,3,5,34,4,0,576,572
Mash Central,Guruve,Guruve RDC,Guruve North,5,Tembure Pre School Pre School,,0,344,1,7,106,6,0,464,458
,,,,,,,,,,,,,,,
Mash Central,Guruve,Guruve RDC,Guruve North,6,Chimanikire Primary Primary School,,8,411,3,23,273,13,0,731,718
Mash Central,Guruve,Guruve RDC,Guruve North,6,Guruve District Registry New Complex,,7,1216,2,11,352,23,0,1611,1588
Mash Central,Guruve,Guruve RDC,Guruve North,6,Muzika Primary Primary School,,2,353,2,20,188,9,0,574,565
,,,,,,,,,,,,,,,
Mash Central,Guruve,Guruve RDC,Guruve North,16,Kaminza B.C Tent,,1,325,1,1,5,4,0,337,333
Mash Central,Guruve,Guruve RDC,Guruve North,16,Mamini Primary Primary School,,5,724,3,16,51,5,0,804,799
Mash Central,Guruve,Guruve RDC,Guruve North,16,Murimbika Village Tent,,2,402,0,1,27,5,0,437,432
,,,,,,,,,,,,,,,
Mash Central,Guruve,Guruve RDC,Guruve North,17,Gota Primary Primary School,,1,227,0,0,26,2,0,256,254
Mash Central,Guruve,Guruve RDC,Guruve North,17,Rungudzi Clinic Tent,,0,324,1,1,1,2,0,329,327
,,,,,,,,,,,,,,,
,,,,,,,,,,,,,,,
,,,,,,,,,,,,,,,
,,,,,,,,,,,,,,,
Mash Central,Guruve,Guruve RDC,Guruve North,18,Chemachinda Primary Primary School,,4,208,0,3,56,4,0,275,271
Mash Central,Guruve,Guruve RDC,Guruve North,18,Chingwaro Primary Primary School,,4,529,0,3,21,15,0,572,557
Mash Central,Guruve,Guruve RDC,Guruve North,18,Chiweshe Business CentreTent,,4,328,1,1,9,1,0,344,343
Mash Central,Guruve,Guruve RDC,Guruve North,18,Kachuta Clinic Tent,,1,217,0,1,67,6,0,292,286
,,,,,,,,,,,,,,,
Mash Central,Guruve,Guruve RDC,Guruve North,19,Chiropa Business Centre Tent,,3,521,3,3,13,6,0,549,543
Mash Central,Guruve,Guruve RDC,Guruve North,19,Negomo Primary Primary School,,19,1045,6,3,21,17,0,1111,1094
Mash Central,Guruve,Guruve RDC,Guruve North,19,Nyagumbo Primary Primary School,,6,698,1,2,10,10,0,727,717
,,,,,,,,,,,,,,,
Mash Central,Guruve,Guruve RDC,Guruve North,20,Hamadziripi Village Tent,,0,204,0,9,63,6,0,282,276
Mash Central,Guruve,Guruve RDC,Guruve North,20,Kadzimwenje Primary Primary School,,1,681,2,9,58,4,0,755,751
Mash Central,Guruve,Guruve RDC,Guruve North,20,Mushoshoma Primary Primary School,,3,359,2,15,157,13,0,549,536
Mash Central,Guruve,Guruve RDC,Guruve North,20,Ruzvidzo Village Tent,,3,377,3,2,31,3,0,419,416
,,,,,,,,,,,,,,,
Mash Central,Guruve,Guruve RDC,Guruve North,21,Gwakwe Primary Primary School,,4,1134,0,4,23,12,0,1177,1165
Mash Central,Guruve,Guruve RDC,Guruve North,21,Manovi Farm Tent,,1,200,0,0,1,6,0,208,202
Mash Central,Guruve,Guruve RDC,Guruve North,21,Mutota Primary Primary School,,1,395,0,1,2,2,0,401,399
Mash Central,Guruve,Guruve RDC,Guruve North,21,Nyamuseve Secondary Secondary School,,5,636,3,0,3,2,0,649,647
Mash Central,Guruve,Guruve RDC,Guruve North,21,Red Lichen Primary Primary School,,0,125,0,0,3,0,0,128,128
,,,,,,,,,,,,,,,
Mash Central,Guruve,Guruve RDC,Guruve North,23,Kemutamba Primary Primary School,,5,815,0,1,11,13,0,845,832
Mash Central,Guruve,Guruve RDC,Guruve North,23,Mudhindo Primary Primary School,,8,344,0,8,18,11,0,389,378
Mash Central,Guruve,Guruve RDC,Guruve North,23,Mudhindo Village Tent,,5,323,1,5,21,6,0,361,355
,,,,,,,,,,,,,,,
Mash Central,Guruve,Guruve RDC,Guruve North,24,Goromonzi Business CentTrent,,1,368,1,11,74,6,0,461,455
Mash Central,Guruve,Guruve RDC,Guruve North,24,Mushongahande BusinessT eCnetntre,,3,374,2,6,46,10,0,441,431
Mash Central,Guruve,Guruve RDC,Guruve North,24,Mushongahande PrimaryPrimary School,,4,223,1,3,17,3,0,251,248
Mash Central,Guruve,Guruve RDC,Guruve North,24,Vira Primary Primary School,,6,254,1,4,19,9,0,293,284
,,,,,,,,,,,,,,,
Mash Central,Mbire,Mbire RDC,Guruve North,6,Gurupira Village Tent,,9,507,3,9,42,3,0,573,570
Mash Central,Mbire,Mbire RDC,Guruve North,6,Kasuwo Primary Primary School,,3,524,1,17,108,13,0,666,653
,,,,,,,,,,,,,,,
Mash Central,Mbire,Mbire RDC,Guruve North,14,Gera Village Tent,,0,196,0,2,26,2,0,226,224
Mash Central,Mbire,Mbire RDC,Guruve North,14,Masomo Primary Primary School,,10,701,4,16,70,27,0,828,801
Mash Central,Mbire,Mbire RDC,Guruve North,14,Nyatsengwa Primary Primary School,,5,328,2,0,24,4,0,363,359
,,,,,,,,,,,,,,,
Mash Central,,,,,Guruve North Constituency Totals,,173,21809,58,258,2422,333,0,25053,24720
Mash Central,Guruve,Guruve RDC,Guruve South,1,Chengoma Farm Tent,,1,217,0,2,18,3,0,241,238
Mash Central,Guruve,Guruve RDC,Guruve South,1,Horseshoe Primary Primary School,,4,944,0,3,16,10,0,977,967
Mash Central,Guruve,Guruve RDC,Guruve South,1,Manyika Primary Primary School,,5,489,1,2,19,3,0,519,516
Mash Central,Guruve,Guruve RDC,Guruve South,1,Muroyiwa Primary Primary School,,0,525,0,1,8,10,0,544,534
Mash Central,Guruve,Guruve RDC,Guruve South,1,Siyalima Primary Primary School,,5,983,2,2,8,11,0,1011,1000
Mash Central,Guruve,Guruve RDC,Guruve South,1,Tengenenge Art Centre Tent,,1,276,1,0,16,6,0,300,294
,,,,,,,,,,,,,,,
,,,,,,,,,,,,,,,
,,,,,,,,,,,,,,,
,,,,,,,,,,,,,,,
Mash Central,Guruve,Guruve RDC,Guruve South,3,Maware Primary Primary School,,0,111,0,0,4,1,0,116,115
Mash Central,Guruve,Guruve RDC,Guruve South,3,Mbizimwenje Primary Primary School,,2,151,0,2,14,2,0,171,169
Mash Central,Guruve,Guruve RDC,Guruve South,3,Muzura Primary Primary School,,5,165,1,2,21,12,0,206,194
Mash Central,Guruve,Guruve RDC,Guruve South,3,Nyakapupu Primary Primary School,,0,138,0,0,22,2,0,162,160
,,,,,,,,,,,,,,,
Mash Central,Guruve,Guruve RDC,Guruve South,7,Kugotsi Primary Primary School,,1,238,0,9,94,9,0,351,342
Mash Central,Guruve,Guruve RDC,Guruve South,7,Kugotsi Secondary Secondary School,,2,325,0,20,156,8,0,511,503
Mash Central,Guruve,Guruve RDC,Guruve South,7,Magwenya Primary Primary School,,4,362,1,17,123,10,0,517,507
Mash Central,Guruve,Guruve RDC,Guruve South,7,Ruwinga BC Hall,,2,272,1,6,67,3,0,351,348
Mash Central,Guruve,Guruve RDC,Guruve South,7,Ruwinga Primary Primary School,,2,219,1,5,48,12,0,287,275
,,,,,,,,,,,,,,,
Mash Central,Guruve,Guruve RDC,Guruve South,8,Chakaodza Primary Primary School,,5,124,0,7,59,9,0,204,195
Mash Central,Guruve,Guruve RDC,Guruve South,8,Chatiza Primary Primary School,,3,297,1,6,38,11,0,356,345
Mash Central,Guruve,Guruve RDC,Guruve South,8,Chikwenya B.C Tent,,2,288,2,5,50,4,0,351,347
Mash Central,Guruve,Guruve RDC,Guruve South,8,Chimbumu Primary Primary School,,2,344,0,6,47,7,0,406,399
Mash Central,Guruve,Guruve RDC,Guruve South,8,Gangarahwe Clinic Tent,,1,85,0,0,37,3,0,126,123
Mash Central,Guruve,Guruve RDC,Guruve South,8,Shayabvudzi B.C Tent,,3,421,0,7,89,15,0,535,520
,,,,,,,,,,,,,,,
Mash Central,Guruve,Guruve RDC,Guruve South,9,Hozo BC Tent,,6,136,0,0,8,1,0,151,150
Mash Central,Guruve,Guruve RDC,Guruve South,9,Hwadaya BC Tent,,3,228,0,5,70,3,0,309,306
Mash Central,Guruve,Guruve RDC,Guruve South,9,Magaya Primary School,,8,340,1,4,20,15,0,388,373
Mash Central,Guruve,Guruve RDC,Guruve South,9,Nyamasaki Dip Tank Tent,,5,213,1,3,21,10,0,253,243
Mash Central,Guruve,Guruve RDC,Guruve South,9,Nyanhunzi Primary Primary School,,6,263,0,4,35,7,0,315,308
,,,,,,,,,,,,,,,
Mash Central,Guruve,Guruve RDC,Guruve South,10,Chiwanzamarara BC Tent,,0,228,2,7,38,3,0,278,275
Mash Central,Guruve,Guruve RDC,Guruve South,10,Dzvukamanja BC Tent,,0,323,0,8,42,7,,380,373
Mash Central,Guruve,Guruve RDC,Guruve South,10,Nyandoro Primary Primary School,,3,135,0,8,72,10,0,228,218
Mash Central,Guruve,Guruve RDC,Guruve South,10,St Joseph Catholic ChurchTent,,2,156,3,7,38,6,0,212,206
,,,,,,,,,,,,,,,
Mash Central,Guruve,Guruve RDC,Guruve South,11,Kamuchanyu Business CeTnetrnet,,5,258,0,6,41,2,0,312,310
Mash Central,Guruve,Guruve RDC,Guruve South,11,Kapiri Cooperative Tent,,2,377,1,5,47,9,0,441,432
Mash Central,Guruve,Guruve RDC,Guruve South,11,Mupinyuri Primary Primary School,,4,353,4,7,75,4,0,447,443
Mash Central,Guruve,Guruve RDC,Guruve South,11,Nyamhondoro Primary Primary School,,15,756,3,23,91,40,0,928,888
,,,,,,,,,,,,,,,
Mash Central,Guruve,Guruve RDC,Guruve South,12,Chifamba Primary Primary School,,5,610,4,13,95,22,0,749,727
Mash Central,Guruve,Guruve RDC,Guruve South,12,Chikwirandaombera PrimPariymary School,,1,250,1,6,29,4,0,291,287
Mash Central,Guruve,Guruve RDC,Guruve South,12,Gracemoore BC Tent,,6,225,1,4,17,7,0,260,253
Mash Central,Guruve,Guruve RDC,Guruve South,12,Mucherengi Primary Primary School,,9,518,3,11,54,13,0,608,595
Mash Central,Guruve,Guruve RDC,Guruve South,12,White Moore B.C Tent,,0,248,0,2,23,6,0,279,273
,,,,,,,,,,,,,,,
Mash Central,Guruve,Guruve RDC,Guruve South,13,Brandon Primary Primary School,,0,249,0,0,10,1,0,260,259
Mash Central,Guruve,Guruve RDC,Guruve South,13,Kelstone 1 Primary Primary School,,6,556,1,1,10,15,0,589,574
Mash Central,Guruve,Guruve RDC,Guruve South,13,Mswite Farm Tent,,4,323,0,5,19,6,0,357,351
Mash Central,Guruve,Guruve RDC,Guruve South,13,Mt Fatigue Farm Tent,,3,413,0,0,6,5,0,427,422
Mash Central,Guruve,Guruve RDC,Guruve South,13,Mutendamambo PrimaryPrimary School,,1,458,1,0,4,6,0,470,464
Mash Central,Guruve,Guruve RDC,Guruve South,13,Vilvelkia Primary Primary School,,4,333,0,2,5,6,0,350,344
,,,,,,,,,,,,,,,
,,,,,,,,,,,,,,,
,,,,,,,,,,,,,,,
,,,,,,,,,,,,,,,
Mash Central,Guruve,Guruve RDC,Guruve South,14,Birkdale Primary Primary School,,1,466,0,1,25,10,0,503,493
Mash Central,Guruve,Guruve RDC,Guruve South,14,Chikonyora Farm Tent,,2,95,0,0,4,14,0,115,101
Mash Central,Guruve,Guruve RDC,Guruve South,14,Disi 2 Farm Tent,,3,442,0,1,16,9,0,471,462
Mash Central,Guruve,Guruve RDC,Guruve South,14,Impinge Pre School Pre School,,0,114,0,1,29,4,0,148,144
Mash Central,Guruve,Guruve RDC,Guruve South,14,Kazilo Farm Tent,,1,55,1,2,14,0,0,73,73
Mash Central,Guruve,Guruve RDC,Guruve South,14,Nrowe Farm Tent,,0,67,0,0,8,0,0,75,75
Mash Central,Guruve,Guruve RDC,Guruve South,14,Runsgate Mine Tent,,0,70,1,1,69,2,0,143,141
,,,,,,,,,,,,,,,
Mash Central,Guruve,Guruve RDC,Guruve South,15,Chihwe Primary Primary School,,1,362,0,1,4,3,0,371,368
Mash Central,Guruve,Guruve RDC,Guruve South,15,Nyamangore Primary Primary School,,3,597,0,1,7,8,0,616,608
,,,,,,,,,,,,,,,
Mash Central,Guruve,Guruve RDC,Guruve South,22,Chikokonya Business CenTtreent,,14,437,3,34,88,20,0,596,576
Mash Central,Guruve,Guruve RDC,Guruve South,22,Gezi Business Centre Tent,,6,484,0,7,89,15,0,601,586
Mash Central,Guruve,Guruve RDC,Guruve South,22,Kondo Primary Primary School,,6,569,3,27,147,14,0,766,752
,,,,,,,,,,,,,,,
Mash Central,,,,,Guruve South Constituency Totals,,185,18681,45,309,2324,458,0,22002,21544
Mash Central,Mazowe,Mazowe RDC,Mazowe Central,5,Marongwe Secondary Secondary School,,3,354,0,13,74,4,0,448,444
Mash Central,Mazowe,Mazowe RDC,Mazowe Central,5,Mukodzongi Primary Primary School,,14,776,2,8,64,11,0,875,864
Mash Central,Mazowe,Mazowe RDC,Mazowe Central,5,Shopo Primary Primary School,,3,290,0,7,86,4,0,390,386
,,,,,,,,,,,,,,,
Mash Central,Mazowe,Mazowe RDC,Mazowe Central,6,Gombekombe Bus CentreTent,,6,305,0,13,78,12,0,414,402
Mash Central,Mazowe,Mazowe RDC,Mazowe Central,6,Gunguwe Primary Primary School,,8,605,6,29,188,12,0,848,836
Mash Central,Mazowe,Mazowe RDC,Mazowe Central,6,Jaji Primary Primary School,,1,86,0,3,38,4,0,132,128
,,,,,,,,,,,,,,,
Mash Central,Mazowe,Mazowe RDC,Mazowe Central,7,Nyakudya Secondary Secondary School,,8,779,2,13,249,16,0,1067,1051
Mash Central,Mazowe,Mazowe RDC,Mazowe Central,7,Shutu Primary Primary School,,5,490,2,17,293,13,0,820,807
,,,,,,,,,,,,,,,
Mash Central,Mazowe,Mazowe RDC,Mazowe Central,8,Kawanzaruwa B.C Tent,,8,384,1,10,142,15,0,560,545
Mash Central,Mazowe,Mazowe RDC,Mazowe Central,8,Maodzwa Primary Primary School,,1,151,0,9,49,2,0,212,210
Mash Central,Mazowe,Mazowe RDC,Mazowe Central,8,Muchirikuenda Primary Primary School,,6,464,4,31,242,27,0,774,747
Mash Central,Mazowe,Mazowe RDC,Mazowe Central,8,Nzvimbo Secondary Secondary School,,8,551,0,27,380,18,0,984,966
,,,,,,,,,,,,,,,
Mash Central,Mazowe,Mazowe RDC,Mazowe Central,9,Kanhukamwe Irrigation ScShemd e,,2,249,0,10,171,6,0,438,432
Mash Central,Mazowe,Mazowe RDC,Mazowe Central,9,Kanhukamwe Primary Primary School,,4,464,2,10,117,17,0,614,597
Mash Central,Mazowe,Mazowe RDC,Mazowe Central,9,Majome  Primary Primary School,,2,212,0,3,85,9,0,311,302
Mash Central,Mazowe,Mazowe RDC,Mazowe Central,9,Musarara Primary Primary School,,2,322,1,18,194,19,0,556,537
,,,,,,,,,,,,,,,
Mash Central,Mazowe,Mazowe RDC,Mazowe Central,10,Bellrock  Primary Primary School,,4,568,1,22,263,45,0,903,858
Mash Central,Mazowe,Mazowe RDC,Mazowe Central,10,Kakora Secondary Secondary School,,8,737,4,31,344,34,0,1158,1124
,,,,,,,,,,,,,,,
,,,,,,,,,,,,,,,
,,,,,,,,,,,,,,,
,,,,,,,,,,,,,,,
Mash Central,Mazowe,Mazowe RDC,Mazowe Central,11,Manomano B.C Tent,,10,468,3,28,175,20,0,704,684
Mash Central,Mazowe,Mazowe RDC,Mazowe Central,11,Mufuka B.C Tent,,7,489,2,11,97,15,0,621,606
Mash Central,Mazowe,Mazowe RDC,Mazowe Central,11,Nyachuru Secondary Secondary School,,3,541,0,23,314,12,0,893,881
,,,,,,,,,,,,,,,
Mash Central,Mazowe,Mazowe RDC,Mazowe Central,12,Godzi B.C Tent,,4,374,3,14,254,20,0,669,649
Mash Central,Mazowe,Mazowe RDC,Mazowe Central,12,Gweshe B.C Tent,,6,493,2,24,190,13,0,728,715
Mash Central,Mazowe,Mazowe RDC,Mazowe Central,12,Gweshe Secondary  Secondary School,,4,382,1,23,298,28,0,736,708
,,,,,,,,,,,,,,,
Mash Central,,,,,Mazowe Central Constituency Totals,,127,10534,36,397,4385,376,0,15855,15479
Mash Central,Mazowe,Mazowe RDC,Mazowe North,1,Bhobho –Garande PrimarPyrimary School,,4,338,2,7,66,7,0,424,417
Mash Central,Mazowe,Mazowe RDC,Mazowe North,1,Goteka Primary Primary School,,13,446,7,15,100,25,0,606,581
Mash Central,Mazowe,Mazowe RDC,Mazowe North,1,Gwingwizha Primary Primary School,,3,190,1,4,31,4,0,233,229
,,,,,,,,,,,,,,,
Mash Central,Mazowe,Mazowe RDC,Mazowe North,2,Chaona Primary Primary School,,7,462,0,6,75,10,0,560,550
Mash Central,Mazowe,Mazowe RDC,Mazowe North,2,Chigwida Primary Primary School,,7,391,0,3,19,8,0,428,420
Mash Central,Mazowe,Mazowe RDC,Mazowe North,2,Jingamvura Primary Primary School,,3,553,0,1,37,8,0,602,594
,,,,,,,,,,,,,,,
Mash Central,Mazowe,Mazowe RDC,Mazowe North,3,Bare Secondary Secondary School,,10,624,1,17,128,46,0,826,780
Mash Central,Mazowe,Mazowe RDC,Mazowe North,3,Chideu Primary Primary School,,5,226,0,0,11,6,0,248,242
Mash Central,Mazowe,Mazowe RDC,Mazowe North,3,Chinehasha Primary Primary School,,7,596,1,6,78,11,0,699,688
,,,,,,,,,,,,,,,
Mash Central,Mazowe,Mazowe RDC,Mazowe North,4,Gombekombe SecondarySecondary School,,10,250,1,4,44,7,0,316,309
Mash Central,Mazowe,Mazowe RDC,Mazowe North,4,Madombwe Primary Primary School,,5,281,0,4,32,21,0,343,322
Mash Central,Mazowe,Mazowe RDC,Mazowe North,4,Mukunyadzi Primary  Primary School,,8,181,1,9,77,8,0,284,276
Mash Central,Mazowe,Mazowe RDC,Mazowe North,4,Rwere Primary Primary School,,6,305,2,3,39,8,0,363,355
,,,,,,,,,,,,,,,
Mash Central,Mazowe,Mazowe RDC,Mazowe North,26,Kubatana Primary Primary School,,5,728,1,2,31,20,0,787,767
Mash Central,Mazowe,Mazowe RDC,Mazowe North,26,Mandindindi Secondary Secondary School,,2,386,2,1,10,14,0,415,401
Mash Central,Mazowe,Mazowe RDC,Mazowe North,26,Pembichase Farm Tent,,6,326,1,5,16,7,0,361,354
Mash Central,Mazowe,Mazowe RDC,Mazowe North,26,Sandford Farm Tent,,8,289,1,1,10,6,0,315,309
,,,,,,,,,,,,,,,
Mash Central,Mazowe,Mazowe RDC,Mazowe North,27,Chimurenga 3 Primary Primary School,,10,674,1,3,17,15,0,720,705
Mash Central,Mazowe,Mazowe RDC,Mazowe North,27,Forester D Estate PrimaryPrimary School,,4,131,0,1,5,2,0,143,141
Mash Central,Mazowe,Mazowe RDC,Mazowe North,27,Forrester A Primary Primary School,,2,124,0,2,26,5,0,159,154
Mash Central,Mazowe,Mazowe RDC,Mazowe North,27,Forrester E Primary Primary School,,2,335,0,0,15,2,0,354,352
Mash Central,Mazowe,Mazowe RDC,Mazowe North,27,Forrester F Primary Primary School,,1,335,0,0,30,4,0,370,366
Mash Central,Mazowe,Mazowe RDC,Mazowe North,27,Forrester J Primary Primary School,,3,376,0,2,16,2,0,399,397
Mash Central,Mazowe,Mazowe RDC,Mazowe North,27,Rumanje Farm Tent,,3,232,2,0,7,3,0,247,244
,,,,,,,,,,,,,,,
Mash Central,Mazowe,Mazowe RDC,Mazowe North,28,Mvurwi Community Hall Hall,,3,842,3,21,462,23,0,1354,1331
Mash Central,Mazowe,Mazowe RDC,Mazowe North,28,Umvukwesi Primary SchoPorlimary School,,7,827,0,15,601,33,0,1483,1450
,,,,,,,,,,,,,,,
,,,,,,,,,,,,,,,
,,,,,,,,,,,,,,,
,,,,,,,,,,,,,,,
Mash Central,Mazowe,Mazowe RDC,Mazowe North,29,Craiglea Farm Shed,,3,648,1,3,22,5,0,682,677
Mash Central,Mazowe,Mazowe RDC,Mazowe North,29,Ealing Primary Primary School,,4,207,1,2,20,13,0,247,234
Mash Central,Mazowe,Mazowe RDC,Mazowe North,29,Edmon Storn Primary Primary School,,1,274,0,0,3,5,0,283,278
Mash Central,Mazowe,Mazowe RDC,Mazowe North,29,Holland Primary Primary School,,2,829,0,0,21,8,0,860,852
Mash Central,Mazowe,Mazowe RDC,Mazowe North,29,Mvurwi Country Club Country Club,,1,388,0,0,17,2,0,408,406
,,,,,,,,,,,,,,,
Mash Central,,,,,Mazowe North Constituency Totals,,155,12794,29,137,2066,338,0,15519,15181
Mash Central,Mazowe,Mazowe RDC,Mazowe South,13,Kanyemba Primary Primary School,,4,315,1,20,190,20,0,550,530
Mash Central,Mazowe,Mazowe RDC,Mazowe South,13,Kanyemba Secondary Secondary School,,5,444,4,10,164,12,0,639,627
Mash Central,Mazowe,Mazowe RDC,Mazowe South,13,St Albans Primary Primary School,,12,707,6,25,187,34,0,971,937
,,,,,,,,,,,,,,,
Mash Central,Mazowe,Mazowe RDC,Mazowe South,14,Amelroy Farm Tent,,2,189,2,2,22,4,0,221,217
Mash Central,Mazowe,Mazowe RDC,Mazowe South,14,Batanai Secondary Secondary School,,3,348,1,3,40,3,0,398,395
Mash Central,Mazowe,Mazowe RDC,Mazowe South,14,Bellrock STUD Farm Tent,,2,236,0,1,5,0,0,244,244
Mash Central,Mazowe,Mazowe RDC,Mazowe South,14,Davaar Farm Tent,,1,247,1,0,5,6,0,260,254
Mash Central,Mazowe,Mazowe RDC,Mazowe South,14,Foothills Primary Primary School,,0,405,1,1,11,14,0,432,418
Mash Central,Mazowe,Mazowe RDC,Mazowe South,14,Heyshott Primary Primary School,,1,198,1,8,66,0,0,274,274
Mash Central,Mazowe,Mazowe RDC,Mazowe South,14,Villa Franca Farm Tent,,2,242,2,3,49,10,0,308,298
,,,,,,,,,,,,,,,
Mash Central,Mazowe,Mazowe RDC,Mazowe South,16,Bahunia Farm Tent,,2,98,0,3,68,3,0,174,171
Mash Central,Mazowe,Mazowe RDC,Mazowe South,16,Duncombe Farm Tent,,0,73,0,8,61,2,0,144,142
Mash Central,Mazowe,Mazowe RDC,Mazowe South,16,Glengrey Primary Primary School,,2,247,2,12,72,12,0,347,335
Mash Central,Mazowe,Mazowe RDC,Mazowe South,16,Harmony Farm Tent,,0,44,0,2,29,1,0,76,75
Mash Central,Mazowe,Mazowe RDC,Mazowe South,16,Kwaedza Primary Primary School,,4,164,3,14,75,10,0,270,260
Mash Central,Mazowe,Mazowe RDC,Mazowe South,16,Summerdale Farm Tent,,1,78,0,1,22,2,0,104,102
,,,,,,,,,,,,,,,
Mash Central,Mazowe,Mazowe RDC,Mazowe South,17,Glendale Sports Club Sports Club,,3,383,0,6,428,8,0,828,820
Mash Central,Mazowe,Mazowe RDC,Mazowe South,17,Tsungubvi Community HaCllommunity,,3,531,2,16,284,8,0,844,836
,,,,,,,,,,,,,,,
Mash Central,Mazowe,Mazowe RDC,Mazowe South,18,Brecon Farm Tent,,1,264,0,1,10,8,0,284,276
Mash Central,Mazowe,Mazowe RDC,Mazowe South,18,Iron Duke Mine Primary Primary School,,0,194,0,2,129,3,0,328,325
Mash Central,Mazowe,Mazowe RDC,Mazowe South,18,Vonabo Primary Primary School,,7,730,4,16,98,14,0,869,855
,,,,,,,,,,,,,,,
Mash Central,Mazowe,Mazowe RDC,Mazowe South,19,Kushinga Primary Primary School,,1,127,0,2,46,2,0,178,176
Mash Central,Mazowe,Mazowe RDC,Mazowe South,19,Mazowe Citrus Estate Community Hall,,8,340,7,25,343,14,0,737,723
Mash Central,Mazowe,Mazowe RDC,Mazowe South,19,Mazowe Citrus SecondarySecondary,,0,75,0,1,24,2,,102,100
Mash Central,Mazowe,Mazowe RDC,Mazowe South,19,Mazowe Flowers Shed,,2,230,0,5,61,9,0,307,298
Mash Central,Mazowe,Mazowe RDC,Mazowe South,19,Wagner Mine (Munyoro)Tent,,11,545,0,4,33,6,0,599,593
,,,,,,,,,,,,,,,
,,,,,,,,,,,,,,,
,,,,,,,,,,,,,,,
,,,,,,,,,,,,,,,
Mash Central,Mazowe,Mazowe RDC,Mazowe South,20,Calgary Primary Primary School,,0,93,0,0,26,2,0,121,119
Mash Central,Mazowe,Mazowe RDC,Mazowe South,20,Christon Bank Primary Primary School,,3,287,0,8,154,8,0,460,452
Mash Central,Mazowe,Mazowe RDC,Mazowe South,20,Eskbank Primary Primary School,,3,196,0,3,103,3,0,308,305
Mash Central,Mazowe,Mazowe RDC,Mazowe South,20,Glenara Primary Primary School,,4,270,0,11,121,14,0,420,406
Mash Central,Mazowe,Mazowe RDC,Mazowe South,20,Lowdale Primary Primary School,,1,246,0,14,103,5,0,369,364
Mash Central,Mazowe,Mazowe RDC,Mazowe South,20,Oldbury Primary Primary School,,0,109,1,10,158,8,0,286,278
Mash Central,Mazowe,Mazowe RDC,Mazowe South,20,University Farm Tent,,1,281,1,3,149,7,0,442,435
,,,,,,,,,,,,,,,
Mash Central,Mazowe,Mazowe RDC,Mazowe South,22,Mazowe Mine Primary Primary School,,4,266,3,17,649,12,0,951,939
Mash Central,Mazowe,Mazowe RDC,Mazowe South,22,Normandale Farm Tent,,2,162,1,1,79,4,0,249,245
Mash Central,Mazowe,Mazowe RDC,Mazowe South,22,Stories Mine Primary Primary School,,4,453,3,12,244,16,0,732,716
,,,,,,,,,,,,,,,
Mash Central,Mazowe,Mazowe RDC,Mazowe South,33,Rujeko Secondary Secondary School,,1,555,3,15,461,12,0,1047,1035
Mash Central,Mazowe,Mazowe RDC,Mazowe South,33,Rusununguko Primary Primary School,,0,529,0,12,398,5,0,944,939
,,,,,,,,,,,,,,,
Mash Central,,,,,Mazowe South Constituency Totals,,100,10901,49,297,5167,303,0,16817,16514
Mash Central,Mazowe,Mazowe RDC,Mazowe West,15,Amandas Primary Primary School,,3,425,0,12,315,5,0,760,755
Mash Central,Mazowe,Mazowe RDC,Mazowe West,15,Dandamera Community HCaolml munity Hall,,4,452,1,14,253,9,0,733,724
,,,,,,,,,,,,,,,
Mash Central,Mazowe,Mazowe RDC,Mazowe West,21,Belgownie Primary Primary School,,2,269,1,1,55,5,0,333,328
Mash Central,Mazowe,Mazowe RDC,Mazowe West,21,Berea Primary Primary School,,4,186,1,3,26,1,0,221,220
Mash Central,Mazowe,Mazowe RDC,Mazowe West,21,Estes Park Primary Primary School,,0,252,3,3,88,2,0,348,346
Mash Central,Mazowe,Mazowe RDC,Mazowe West,21,Mbembi Primary Primary School,,2,307,1,3,68,6,0,387,381
Mash Central,Mazowe,Mazowe RDC,Mazowe West,21,Sigaro Primary Primary School,,0,181,0,6,50,3,0,240,237
Mash Central,Mazowe,Mazowe RDC,Mazowe West,21,Spa Farm Tent,,0,154,0,0,5,4,0,163,159
,,,,,,,,,,,,,,,
Mash Central,Mazowe,Mazowe RDC,Mazowe West,23,Barwick Farm Tent,,1,85,0,0,12,1,0,99,98
Mash Central,Mazowe,Mazowe RDC,Mazowe West,23,Blackforby Institute Institute,,2,233,2,1,30,10,0,278,268
Mash Central,Mazowe,Mazowe RDC,Mazowe West,23,Goedehoop Farm Shed,,0,136,1,1,10,1,0,149,148
Mash Central,Mazowe,Mazowe RDC,Mazowe West,23,Masasa Primary Primary School,,2,369,0,0,12,8,0,391,383
Mash Central,Mazowe,Mazowe RDC,Mazowe West,23,Sandringham Primary Primary School,,2,237,0,0,33,7,0,279,272
,,,,,,,,,,,,,,,
Mash Central,Mazowe,Mazowe RDC,Mazowe West,24,Caesar Mine Secondary Secondary School,,3,424,1,7,148,7,0,590,583
Mash Central,Mazowe,Mazowe RDC,Mazowe West,24,Chaddesley Primary Primary School,,1,318,1,0,12,6,0,338,332
Mash Central,Mazowe,Mazowe RDC,Mazowe West,24,Chemutamba Primary Primary School,,4,134,0,0,3,3,0,144,141
Mash Central,Mazowe,Mazowe RDC,Mazowe West,24,Horta Primary Primary School,,2,318,0,0,18,4,0,342,338
Mash Central,Mazowe,Mazowe RDC,Mazowe West,24,Mapere Primary Primary School,,3,292,1,1,29,6,0,332,326
Mash Central,Mazowe,Mazowe RDC,Mazowe West,24,Willisbridge Farm Tent,,0,62,0,1,9,2,0,74,72
,,,,,,,,,,,,,,,
Mash Central,Mazowe,Mazowe RDC,Mazowe West,25,Copley Primary Primary School,,3,300,0,1,16,6,0,326,320
Mash Central,Mazowe,Mazowe RDC,Mazowe West,25,Earlyworm Primary Primary School,,1,297,0,1,13,1,0,313,312
Mash Central,Mazowe,Mazowe RDC,Mazowe West,25,Glenbrook Farm Shed,,4,239,1,1,8,4,0,257,253
Mash Central,Mazowe,Mazowe RDC,Mazowe West,25,Maori Range Primary Primary School,,4,720,0,2,23,20,0,769,749
Mash Central,Mazowe,Mazowe RDC,Mazowe West,25,Nangura Primary Primary School,,3,299,0,0,11,4,0,317,313
Mash Central,Mazowe,Mazowe RDC,Mazowe West,25,The Rivers Primary Primary School,,0,203,0,0,2,3,0,208,205
,,,,,,,,,,,,,,,
,,,,,,,,,,,,,,,
,,,,,,,,,,,,,,,
,,,,,,,,,,,,,,,
Mash Central,Mazowe,Mazowe RDC,Mazowe West,30,Farai Primary Primary School,,3,829,0,1,18,18,0,869,851
Mash Central,Mazowe,Mazowe RDC,Mazowe West,30,Harian Primary Primary School,,0,301,0,0,4,5,0,310,305
Mash Central,Mazowe,Mazowe RDC,Mazowe West,30,Lucknow Primary Primary School,,6,736,1,6,21,25,0,795,770
Mash Central,Mazowe,Mazowe RDC,Mazowe West,30,Waddon Chase Primary Primary School,,3,427,2,6,30,4,0,472,468
,,,,,,,,,,,,,,,
Mash Central,Mazowe,Mazowe RDC,Mazowe West,31,Collinghood Farm Shed,,3,148,0,4,19,6,0,180,174
Mash Central,Mazowe,Mazowe RDC,Mazowe West,31,Cranham  Secondary Secondary School,,1,436,1,0,15,5,0,458,453
Mash Central,Mazowe,Mazowe RDC,Mazowe West,31,Howickridge Primary Primary School,,1,183,2,2,12,1,0,201,200
Mash Central,Mazowe,Mazowe RDC,Mazowe West,31,Ivador Primary Primary School,,6,343,2,5,58,10,0,424,414
Mash Central,Mazowe,Mazowe RDC,Mazowe West,31,Kachere Farm Tent,,4,163,0,4,61,8,0,240,232
Mash Central,Mazowe,Mazowe RDC,Mazowe West,31,Luxarflor Roses Farm Shed,,0,119,0,2,13,0,0,134,134
Mash Central,Mazowe,Mazowe RDC,Mazowe West,31,Somerset Primary Primary School,,2,93,0,1,46,3,0,145,142
,,,,,,,,,,,,,,,
Mash Central,Mazowe,Mazowe RDC,Mazowe West,32,Craigngower Secondary Secondary School,,5,506,3,6,84,10,0,614,604
Mash Central,Mazowe,Mazowe RDC,Mazowe West,32,Hermistone Primary Primary School,,6,516,1,5,29,16,0,573,557
Mash Central,Mazowe,Mazowe RDC,Mazowe West,32,Thorncreek Farm Shed,,1,445,1,0,16,12,0,475,463
,,,,,,,,,,,,,,,
Mash Central,Mazowe,Mazowe RDC,Mazowe West,34,Doxford Farm Tent,,2,372,0,4,34,5,0,417,412
Mash Central,Mazowe,Mazowe RDC,Mazowe West,34,Pentland Farm Tent,,0,182,0,3,15,4,0,204,200
Mash Central,Mazowe,Mazowe RDC,Mazowe West,34,Tavydale Farm Shed,,0,180,0,0,8,3,0,191,188
Mash Central,Mazowe,Mazowe RDC,Mazowe West,34,Umsasa Farm Tent,,3,91,0,0,8,0,0,102,102
Mash Central,Mazowe,Mazowe RDC,Mazowe West,34,Watakai Primary Primary School,,2,237,2,1,22,2,0,266,264
,,,,,,,,,,,,,,,
Mash Central,Mazowe,Mazowe RDC,Mazowe West,35,Henderson Research StatRioensearch Station,,0,208,0,13,203,5,0,429,424
Mash Central,Mazowe,Mazowe RDC,Mazowe West,35,Mazowe Vet College Vet College,,2,202,0,4,89,6,0,303,297
Mash Central,Mazowe,Mazowe RDC,Mazowe West,35,Pearson Primary Primary School,,0,139,0,2,77,3,0,221,218
Mash Central,Mazowe,Mazowe RDC,Mazowe West,35,Selby Farm Tent,,0,138,0,0,29,4,0,171,167
,,,,,,,,,,,,,,,
Mash Central,,,,,Mazowe West Constituency Totals,,100,13886,29,127,2160,283,0,16585,16302
Mash Central,Mbire,Mbire RDC,Mbire,1,Chapoto Primary Primary School,,4,281,2,8,56,12,0,363,351
Mash Central,Mbire,Mbire RDC,Mbire,1,Chapoto Store Tent,,2,98,2,14,70,2,0,188,186
Mash Central,Mbire,Mbire RDC,Mbire,1,Chinzato Village Tent,,6,291,1,6,38,5,0,347,342
Mash Central,Mbire,Mbire RDC,Mbire,1,Roads Camp Kanyemba Tent,,0,20,0,1,5,1,0,27,26
,,,,,,,,,,,,,,,
Mash Central,Mbire,Mbire RDC,Mbire,2,Angwa Secondary Secondary School,,0,92,1,2,23,6,0,124,118
Mash Central,Mbire,Mbire RDC,Mbire,2,Chisunga Primary Primary School,,0,551,2,9,48,8,0,618,610
Mash Central,Mbire,Mbire RDC,Mbire,2,Chitima Primary Primary School,,4,248,0,3,45,8,0,308,300
Mash Central,Mbire,Mbire RDC,Mbire,2,Mazambara Primary Primary School,,7,237,0,7,64,7,0,322,315
Mash Central,Mbire,Mbire RDC,Mbire,2,Mupedzapasi Primary Primary School,,9,318,2,4,34,9,0,376,367
,,,,,,,,,,,,,,,
Mash Central,Mbire,Mbire RDC,Mbire,3,Kanongo Primary Primary School,,12,637,0,9,45,20,0,723,703
Mash Central,Mbire,Mbire RDC,Mbire,3,Madzomba Primary Primary School,,9,553,6,13,80,26,0,687,661
Mash Central,Mbire,Mbire RDC,Mbire,3,Shange Primary Primary School,,3,333,4,12,67,24,0,443,419
,,,,,,,,,,,,,,,
,,,,,,,,,,,,,,,
,,,,,,,,,,,,,,,
,,,,,,,,,,,,,,,
Mash Central,Mbire,Mbire RDC,Mbire,4,Gonono Primary Primary School,,8,483,2,25,156,25,0,699,674
Mash Central,Mbire,Mbire RDC,Mbire,4,Kadzi Primary Primary School,,12,733,3,6,47,14,0,815,801
Mash Central,Mbire,Mbire RDC,Mbire,4,Kapururira Primary Primary School,,5,227,0,2,20,3,0,257,254
Mash Central,Mbire,Mbire RDC,Mbire,4,Majinga Primary Primary School,,6,236,1,9,54,7,0,313,306
,,,,,,,,,,,,,,,
Mash Central,Mbire,Mbire RDC,Mbire,5,Chidodo Primary Primary School,,14,1010,3,6,64,29,0,1126,1097
Mash Central,Mbire,Mbire RDC,Mbire,5,DDF Camp Chidodo Turn OTeffnt,,0,127,2,3,15,5,0,152,147
Mash Central,Mbire,Mbire RDC,Mbire,5,Musengezi Primary Primary School,,2,422,2,5,37,22,0,490,468
,,,,,,,,,,,,,,,
Mash Central,Mbire,Mbire RDC,Mbire,7,Chirunya Market Tent,,6,297,0,6,23,30,0,362,332
Mash Central,Mbire,Mbire RDC,Mbire,7,Hambe Primary Primary School,,3,520,2,9,76,23,0,633,610
Mash Central,Mbire,Mbire RDC,Mbire,7,Nyagonye Primary Primary School,,1,118,0,2,26,3,0,150,147
,,,,,,,,,,,,,,,
Mash Central,Mbire,Mbire RDC,Mbire,8,Chirunya Primary Primary School,,4,462,1,2,46,10,0,525,515
Mash Central,Mbire,Mbire RDC,Mbire,8,Karai Primary Primary School,,9,514,3,13,77,32,0,648,616
Mash Central,Mbire,Mbire RDC,Mbire,8,Karai Secondary Secondary School,,3,503,1,15,48,14,0,584,570
Mash Central,Mbire,Mbire RDC,Mbire,8,Mhokwe Primary Primary School,,7,367,0,2,33,8,0,417,409
,,,,,,,,,,,,,,,
Mash Central,Mbire,Mbire RDC,Mbire,9,Arda Mushumbi Compound,,6,223,1,15,18,21,0,284,263
Mash Central,Mbire,Mbire RDC,Mbire,9,Mubvundika Village Tent,,3,96,0,6,86,1,0,192,191
Mash Central,Mbire,Mbire RDC,Mbire,9,Mushumbi Primary Primary School,,5,301,1,10,198,16,0,531,515
Mash Central,Mbire,Mbire RDC,Mbire,9,Neshangwe Primary Primary School,,0,238,2,6,70,13,0,329,316
,,,,,,,,,,,,,,,
Mash Central,Mbire,Mbire RDC,Mbire,10,Chivichegora Business CeTnetrnet,,2,484,1,6,35,8,0,536,528
Mash Central,Mbire,Mbire RDC,Mbire,10,Kabvuma Primary Primary School,,1,638,0,11,57,11,0,718,707
Mash Central,Mbire,Mbire RDC,Mbire,10,Makuwatsine Primary Primary School,,6,980,0,21,118,27,0,1152,1125
,,,,,,,,,,,,,,,
Mash Central,Mbire,Mbire RDC,Mbire,11,Chaukura Village Tent,,6,237,0,0,5,5,0,253,248
Mash Central,Mbire,Mbire RDC,Mbire,11,Masoka Primary Primary School,,5,367,2,1,8,8,0,391,383
,,,,,,,,,,,,,,,
Mash Central,Mbire,Mbire RDC,Mbire,12,Bwazi Village Tent,,4,280,1,3,33,10,0,331,321
Mash Central,Mbire,Mbire RDC,Mbire,12,Chikafa Primary Primary School,,3,467,1,4,62,13,0,550,537
Mash Central,Mbire,Mbire RDC,Mbire,12,Chimukoko /Jurujena A VTilleangte,,14,294,2,19,196,27,0,552,525
Mash Central,Mbire,Mbire RDC,Mbire,12,Nyambudzi Primary Primary School,,12,482,4,10,95,66,0,669,603
,,,,,,,,,,,,,,,
Mash Central,Mbire,Mbire RDC,Mbire,13,Kasemberere Primary Primary School,,4,441,0,4,18,9,0,476,467
Mash Central,Mbire,Mbire RDC,Mbire,13,Sapa Primary Primary School,,2,492,2,6,94,43,0,639,596
,,,,,,,,,,,,,,,
Mash Central,Mbire,Mbire RDC,Mbire,15,Bhande Village Tent,,12,514,3,11,83,10,0,633,623
Mash Central,Mbire,Mbire RDC,Mbire,15,Chombe Village Tent,,0,125,0,4,47,4,0,180,176
Mash Central,Mbire,Mbire RDC,Mbire,15,Mahuhwe Primary Primary School,,12,694,2,17,209,12,0,946,934
,,,,,,,,,,,,,,,
,,,,,,,,,,,,,,,
,,,,,,,,,,,,,,,
,,,,,,,,,,,,,,,
Mash Central,Mbire,Mbire RDC,Mbire,16,Gunja Village Tent,,2,411,2,1,11,3,0,430,427
Mash Central,Mbire,Mbire RDC,Mbire,16,Monozi Primary Primary School,,13,692,0,12,72,30,0,819,789
,,,,,,,,,,,,,,,
Mash Central,Mbire,Mbire RDC,Mbire,17,Majongwe Primary Primary School,,11,593,2,21,137,21,0,785,764
Mash Central,Mbire,Mbire RDC,Mbire,17,Murere Village Tent,,5,254,3,9,121,26,0,418,392
,,,,,,,,,,,,,,,
Mash Central,,,,,Mbire Constituency Totals,,264,18981,69,390,3070,737,0,23511,22774
Mash Central,Mt Darwin,Pfura RDC,Mount Darwin East,10,Chimanja Primary Primary School,,3,369,0,6,57,9,0,444,435
Mash Central,Mt Darwin,Pfura RDC,Mount Darwin East,10,Chitumbuko Primary Primary School,,0,584,0,2,19,6,0,611,605
Mash Central,Mt Darwin,Pfura RDC,Mount Darwin East,10,Mangare Primary Primary School,,2,1038,1,3,44,10,0,1098,1088
Mash Central,Mt Darwin,Pfura RDC,Mount Darwin East,10,Murota Primary Primary School,,4,388,3,4,30,8,0,437,429
Mash Central,Mt Darwin,Pfura RDC,Mount Darwin East,10,Sohwe Primary Primary School,,7,624,1,5,56,17,0,710,693
,,,,,,,,,,,,,,,
Mash Central,Mt Darwin,Pfura RDC,Mount Darwin East,11,Hondoyedzomba Village Tent,,2,340,0,2,16,3,0,363,360
Mash Central,Mt Darwin,Pfura RDC,Mount Darwin East,11,Kajokoto Primary Primary School,,11,859,4,3,25,3,0,905,902
Mash Central,Mt Darwin,Pfura RDC,Mount Darwin East,11,Kanyoka Primary Primary School,,2,438,0,3,20,3,0,466,463
Mash Central,Mt Darwin,Pfura RDC,Mount Darwin East,11,Pachanza Primary Primary School,,6,576,4,7,46,18,0,657,639
,,,,,,,,,,,,,,,
Mash Central,Mt Darwin,Pfura RDC,Mount Darwin East,12,Chitsato Primary Primary School,,7,662,2,4,26,5,0,706,701
Mash Central,Mt Darwin,Pfura RDC,Mount Darwin East,12,Nyamazizi Primary Primary School,,5,579,0,8,53,10,0,655,645
Mash Central,Mt Darwin,Pfura RDC,Mount Darwin East,12,Tsengurwe Primary Primary School,,9,898,2,5,43,3,0,960,957
,,,,,,,,,,,,,,,
Mash Central,Mt Darwin,Pfura RDC,Mount Darwin East,14,Chimumvuri Primary Primary School,,5,1106,1,10,106,49,0,1277,1228
Mash Central,Mt Darwin,Pfura RDC,Mount Darwin East,14,Chironga Primary Primary School,,11,1006,0,4,47,10,0,1078,1068
Mash Central,Mt Darwin,Pfura RDC,Mount Darwin East,14,Karanda Community HallTent,,4,848,2,3,82,10,0,949,939
,,,,,,,,,,,,,,,
Mash Central,Mt Darwin,Pfura RDC,Mount Darwin East,15,Chawanda Primary Primary School,,4,553,3,7,48,14,0,629,615
Mash Central,Mt Darwin,Pfura RDC,Mount Darwin East,15,Chibara Primary Primary School,,1,637,0,2,29,5,0,674,669
Mash Central,Mt Darwin,Pfura RDC,Mount Darwin East,15,Chokuveza BC Tent,,4,674,0,3,34,14,0,729,715
Mash Central,Mt Darwin,Pfura RDC,Mount Darwin East,15,Kambamura Primary Primary School,,9,868,1,2,14,8,1,902,894
,,,,,,,,,,,,,,,
Mash Central,Mt Darwin,Pfura RDC,Mount Darwin East,37,Chivisi Pre School Tent,,1,217,0,0,10,2,0,230,228
Mash Central,Mt Darwin,Pfura RDC,Mount Darwin East,37,Chizeza Primary Primary School,,2,448,1,1,2,6,0,460,454
Mash Central,Mt Darwin,Pfura RDC,Mount Darwin East,37,Pfunyanguwo Secondary Secondary  School,,3,389,0,4,26,9,0,431,422
,,,,,,,,,,,,,,,
Mash Central,Mt Darwin,Pfura RDC,Mount Darwin East,38,Date Primary Primary School,,4,780,0,5,27,7,0,823,816
Mash Central,Mt Darwin,Pfura RDC,Mount Darwin East,38,Gumbeze Primary Primary School,,5,729,0,8,35,6,0,783,777
,,,,,,,,,,,,,,,
Mash Central,Mt Darwin,Rushinga RDC,Mount Darwin East,11,Chongoma Primary Primary School,,2,539,3,4,35,1,0,584,583
Mash Central,Mt Darwin,Rushinga RDC,Mount Darwin East,11,Gwashure Primary Primary School,,1,333,0,0,7,3,0,344,341
Mash Central,Mt Darwin,Rushinga RDC,Mount Darwin East,11,Mutematsaka Pre SchoolTent,,0,219,1,0,2,1,0,223,222
,,,,,,,,,,,,,,,
,,,,,,,,,,,,,,,
,,,,,,,,,,,,,,,
,,,,,,,,,,,,,,,
Mash Central,Rushinga,Rushinga RDC,Mount Darwin East,8,Ganganyama Primary Primary School,,2,182,1,1,7,1,0,194,193
Mash Central,Rushinga,Rushinga RDC,Mount Darwin East,8,Jiwa Primary Primary School,,2,307,0,0,7,3,0,319,316
Mash Central,Rushinga,Rushinga RDC,Mount Darwin East,8,Katakura Primary Primary School,,2,705,1,8,24,4,0,744,740
Mash Central,Rushinga,Rushinga RDC,Mount Darwin East,8,Pfara Village Tent,,0,310,0,0,18,2,0,330,328
,,,,,,,,,,,,,,,
Mash Central,Rushinga,Rushinga RDC,Mount Darwin East,9,Machiti Primary Primary School,,1,134,0,0,7,2,0,144,142
Mash Central,Rushinga,Rushinga RDC,Mount Darwin East,9,Runwa Primary Primary School,,2,614,0,3,34,16,0,669,653
Mash Central,Rushinga,Rushinga RDC,Mount Darwin East,9,Rutuka Primary Primary School,,1,318,1,0,17,19,0,356,337
,,,,,,,,,,,,,,,
Mash Central,Rushinga,Rushinga RDC,Mount Darwin East,10,Bungwe Community CentTrent,,5,257,0,3,24,5,0,294,289
Mash Central,Rushinga,Rushinga RDC,Mount Darwin East,10,Bungwe Primary Primary School,,1,437,1,2,27,12,0,480,468
Mash Central,Rushinga,Rushinga RDC,Mount Darwin East,10,Maname Primary Primary School,,0,254,1,3,30,11,0,299,288
Mash Central,Rushinga,Rushinga RDC,Mount Darwin East,10,Manyodzo D.D.F Tent,,3,202,3,4,18,2,0,232,230
Mash Central,Rushinga,Rushinga RDC,Mount Darwin East,10,Nyamarodza Primary Primary School,,2,414,1,6,22,9,0,454,445
Mash Central,Rushinga,Rushinga RDC,Mount Darwin East,10,Wara Village Tent,,1,132,1,0,3,2,0,139,137
,,,,,,,,,,,,,,,
Mash Central,,,,,Mt Darwin East Constituency Totals,,136,20967,39,135,1177,328,1,22782,22454
Mash Central,Mt Darwin,Pfura RDC,Mt Darwin North,1,Kachuwaire Village Tent,,2,413,0,0,4,10,0,429,419
Mash Central,Mt Darwin,Pfura RDC,Mt Darwin North,1,Kaitano Primary Primary School,,1,433,1,1,27,24,0,487,463
Mash Central,Mt Darwin,Pfura RDC,Mt Darwin North,1,Kaitano Secondary Secondary  School,,2,234,0,3,28,4,0,271,267
,,,,,,,,,,,,,,,
Mash Central,Mt Darwin,Pfura RDC,Mt Darwin North,2,Chisecha Primary Primary School,,0,1305,0,0,17,8,0,1330,1322
Mash Central,Mt Darwin,Pfura RDC,Mt Darwin North,2,Chiutsi BC Tent,,3,357,1,2,31,3,0,397,394
Mash Central,Mt Darwin,Pfura RDC,Mt Darwin North,2,Kapfudza BC Tent,,1,324,0,1,4,9,0,339,330
Mash Central,Mt Darwin,Pfura RDC,Mt Darwin North,2,Katarira Primary Primary School,,1,541,2,3,50,15,0,612,597
Mash Central,Mt Darwin,Pfura RDC,Mt Darwin North,2,Katarira Secondary Secondary School,,2,350,0,4,20,10,0,386,376
Mash Central,Mt Darwin,Pfura RDC,Mt Darwin North,2,Mukumbura Primary Primary School,,4,556,2,4,51,8,0,625,617
Mash Central,Mt Darwin,Pfura RDC,Mt Darwin North,2,Mukumbura Secondary Secondary School,,1,599,2,3,41,5,0,651,646
,,,,,,,,,,,,,,,
Mash Central,Mt Darwin,Pfura RDC,Mt Darwin North,3,Gomo Primary Primary School,,4,709,2,12,94,84,0,905,821
Mash Central,Mt Darwin,Pfura RDC,Mt Darwin North,3,Kapfudza Primary Primary School,,1,349,3,4,83,12,0,452,440
,,,,,,,,,,,,,,,
Mash Central,Mt Darwin,Pfura RDC,Mt Darwin North,4,Kapiripiri Primary Primary School,,4,913,2,13,51,20,0,1003,983
Mash Central,Mt Darwin,Pfura RDC,Mt Darwin North,4,Mazvidza Pre School Pre School,,0,289,0,0,13,7,0,309,302
Mash Central,Mt Darwin,Pfura RDC,Mt Darwin North,4,Nohumba Pre School Pre School,,2,472,0,4,13,13,0,504,491
,,,,,,,,,,,,,,,
Mash Central,Mt Darwin,Pfura RDC,Mt Darwin North,5,Chiswiti Primary Primary School,,4,556,0,0,14,13,0,587,574
Mash Central,Mt Darwin,Pfura RDC,Mt Darwin North,5,Tsenga Pre School Pre School,,1,643,0,1,9,5,0,659,654
,,,,,,,,,,,,,,,
Mash Central,Mt Darwin,Pfura RDC,Mt Darwin North,6,Chahumana Primary Primary School,,0,111,0,0,0,1,0,112,111
Mash Central,Mt Darwin,Pfura RDC,Mt Darwin North,6,Kapanda Primary Primary School,,3,692,0,2,6,12,0,715,703
Mash Central,Mt Darwin,Pfura RDC,Mt Darwin North,6,Mutasa Primary Primary School,,2,656,0,2,6,9,0,675,666
,,,,,,,,,,,,,,,
,,,,,,,,,,,,,,,
,,,,,,,,,,,,,,,
,,,,,,,,,,,,,,,
Mash Central,Mt Darwin,Pfura RDC,Mt Darwin North,31,Chimbuwe Primary Primary School,,8,1041,3,8,35,16,0,1111,1095
Mash Central,Mt Darwin,Pfura RDC,Mt Darwin North,31,Marongwe Primary Primary School,,1,390,0,1,5,6,0,403,397
Mash Central,Mt Darwin,Pfura RDC,Mt Darwin North,31,Mutasa 3 Pre School Pre School,,1,571,0,0,4,6,0,582,576
,,,,,,,,,,,,,,,
Mash Central,Mt Darwin,Pfura RDC,Mt Darwin North,32,Chatadza Village A Tent,,3,468,0,5,18,7,0,501,494
Mash Central,Mt Darwin,Pfura RDC,Mt Darwin North,32,Mukoma Primary Primary School,,1,607,1,4,19,9,0,641,632
,,,,,,,,,,,,,,,
Mash Central,Mt Darwin,Pfura RDC,Mt Darwin North,33,Bandimba Primary Primary School,,0,685,3,4,17,13,0,722,709
Mash Central,Mt Darwin,Pfura RDC,Mt Darwin North,33,Chigango Primary Primary School,,7,939,3,8,33,32,0,1022,990
Mash Central,Mt Darwin,Pfura RDC,Mt Darwin North,33,Gungwa Primary Primary School,,1,407,0,0,10,9,0,427,418
Mash Central,Mt Darwin,Pfura RDC,Mt Darwin North,33,Zambezi Primary Primary School,,1,186,0,1,13,3,0,204,201
,,,,,,,,,,,,,,,
Mash Central,Mt Darwin,Pfura RDC,Mt Darwin North,34,Kamutsenzere DDF DDF Camp,,6,572,0,3,34,13,0,628,615
Mash Central,Mt Darwin,Pfura RDC,Mt Darwin North,34,Kamutsenzere Primary Primary School,,1,437,5,5,22,8,0,478,470
Mash Central,Mt Darwin,Pfura RDC,Mt Darwin North,34,Mavhuradonha High High School,,1,266,0,3,16,6,0,292,286
Mash Central,Mt Darwin,Pfura RDC,Mt Darwin North,34,Zambara Primary Primary School,,2,596,0,9,48,7,0,662,655
,,,,,,,,,,,,,,,
Mash Central,,,,,Mt Darwin North Constituency Totals,,71,17667,30,110,836,407,0,19121,18714
Mash Central,Mt Darwin,Pfura RDC,Mt Darwin South,13,Kujawara Primary Primary School,,2,131,0,5,63,3,0,204,201
Mash Central,Mt Darwin,Pfura RDC,Mt Darwin South,13,Nhoro Primary Primary School,,0,269,0,4,64,7,0,344,337
,,,,,,,,,,,,,,,
Mash Central,Mt Darwin,Pfura RDC,Mt Darwin South,22,Amanda Village Hall Hall,,6,518,1,0,3,4,0,532,528
Mash Central,Mt Darwin,Pfura RDC,Mt Darwin South,22,Bemberi Primary Primary School,,1,410,1,0,3,0,0,415,415
Mash Central,Mt Darwin,Pfura RDC,Mt Darwin South,22,Chibondo BC Tent,,0,870,0,0,5,8,0,883,875
Mash Central,Mt Darwin,Pfura RDC,Mt Darwin South,22,Chipa BC Tent,,0,632,0,0,7,8,0,647,639
Mash Central,Mt Darwin,Pfura RDC,Mt Darwin South,22,Lismore Village Tent,,0,205,0,0,2,3,0,210,207
Mash Central,Mt Darwin,Pfura RDC,Mt Darwin South,22,Tangenhamo Secondary Secondary  School,,2,625,0,1,9,4,0,641,637
Mash Central,Mt Darwin,Pfura RDC,Mt Darwin South,22,Tsakare Community Hall Community Hall,,3,918,0,0,10,6,0,937,931
,,,,,,,,,,,,,,,
Mash Central,Mt Darwin,Pfura RDC,Mt Darwin South,23,Kabade Village Tent,,1,554,0,3,53,10,0,621,611
Mash Central,Mt Darwin,Pfura RDC,Mt Darwin South,23,Kandeya Primary Primary School,,2,711,2,5,40,23,0,783,760
Mash Central,Mt Darwin,Pfura RDC,Mt Darwin South,23,Mahuje Village Tent,,1,238,1,3,21,7,0,271,264
Mash Central,Mt Darwin,Pfura RDC,Mt Darwin South,23,Ruya Primary Primary School,,2,432,0,7,102,5,0,548,543
,,,,,,,,,,,,,,,
Mash Central,Mt Darwin,Pfura RDC,Mt Darwin South,24,Chatumbama Primary Primary School,,2,663,3,2,28,4,0,702,698
Mash Central,Mt Darwin,Pfura RDC,Mt Darwin South,24,Chisora Village Tent,,1,397,0,3,28,5,0,434,429
Mash Central,Mt Darwin,Pfura RDC,Mt Darwin South,24,Chiunye Primary Primary School,,0,732,3,6,67,14,0,822,808
Mash Central,Mt Darwin,Pfura RDC,Mt Darwin South,24,Matope Primary Primary School,,3,356,0,1,13,1,0,374,373
Mash Central,Mt Darwin,Pfura RDC,Mt Darwin South,24,Mazonde Village Tent,,2,605,1,5,22,23,0,658,635
Mash Central,Mt Darwin,Pfura RDC,Mt Darwin South,24,Mutondwe Secondary Secondary  School,,2,550,0,0,39,6,0,597,591
,,,,,,,,,,,,,,,
Mash Central,Mt Darwin,Pfura RDC,Mt Darwin South,25,Nyajenje BC Tent,,0,121,0,6,35,1,0,163,162
Mash Central,Mt Darwin,Pfura RDC,Mt Darwin South,25,Nyakasikana Secondary Secondary  School,,1,299,0,12,94,8,0,414,406
,,,,,,,,,,,,,,,
,,,,,,,,,,,,,,,
,,,,,,,,,,,,,,,
,,,,,,,,,,,,,,,
Mash Central,Mt Darwin,Pfura RDC,Mt Darwin South,26,I & K\Agribank Open SpacTeent,,1,538,0,7,180,24,0,750,726
Mash Central,Mt Darwin,Pfura RDC,Mt Darwin South,26,Kandeya B.C. Tent,,2,719,2,10,75,15,0,823,808
Mash Central,Mt Darwin,Pfura RDC,Mt Darwin South,26,Mt Darwin Hospital Clinic,,1,350,2,2,180,14,0,549,535
Mash Central,Mt Darwin,Pfura RDC,Mt Darwin South,26,Mt Darwin Pfura Pre SchoPoflura Hall,,0,696,0,8,164,16,0,884,868
,,,,,,,,,,,,,,,
Mash Central,Mt Darwin,Pfura RDC,Mt Darwin South,27,Chindunduma High High  School,,1,504,0,2,24,9,0,540,531
Mash Central,Mt Darwin,Pfura RDC,Mt Darwin South,27,Chiwenga Primary Primary School,,0,56,0,4,16,0,0,76,76
Mash Central,Mt Darwin,Pfura RDC,Mt Darwin South,27,Gwetera Pre School Pre  School,,0,465,0,0,14,5,0,484,479
Mash Central,Mt Darwin,Pfura RDC,Mt Darwin South,27,Mutasa-Magunje Open spTaecnet,,1,249,0,0,37,1,0,288,287
Mash Central,Mt Darwin,Pfura RDC,Mt Darwin South,27,Nyajenje Primary Primary School,,0,192,0,3,88,3,0,286,283
,,,,,,,,,,,,,,,
Mash Central,Mt Darwin,Pfura RDC,Mt Darwin South,28,Manyuchi Primary Primary School,,1,111,0,4,15,0,0,131,131
Mash Central,Mt Darwin,Pfura RDC,Mt Darwin South,28,Mutaku Primary Primary School,,2,279,0,3,53,4,0,341,337
,,,,,,,,,,,,,,,
Mash Central,Mt Darwin,Pfura RDC,Mt Darwin South,29,Kangaire Primary Primary School,,0,100,0,0,57,2,0,159,157
Mash Central,Mt Darwin,Pfura RDC,Mt Darwin South,29,Nyamahobogo Primary Primary School,,0,99,0,5,67,2,0,173,171
Mash Central,Mt Darwin,Pfura RDC,Mt Darwin South,29,Nyamhara Primary Primary School,,1,159,0,1,37,2,0,200,198
,,,,,,,,,,,,,,,
Mash Central,Mt Darwin,Pfura RDC,Mt Darwin South,30,Kongiri Dam Open space Tent,,1,170,0,2,45,2,0,220,218
Mash Central,Mt Darwin,Pfura RDC,Mt Darwin South,30,Nyamahobogo B.C. OpenT sepnatce,,0,105,0,4,67,3,0,179,176
,,,,,,,,,,,,,,,
Mash Central,Mt Darwin,Pfura RDC,Mt Darwin South,39,Ravine Village Tent,,1,824,0,1,9,4,0,839,835
Mash Central,Mt Darwin,Pfura RDC,Mt Darwin South,39,Tsakare Primary Primary School  “’A”’,,0,1113,0,0,12,7,0,1132,1125
,,,,,,,,,,,,,,,
Mash Central,Mt Darwin,Pfura RDC,Mt Darwin South,40,Chaminuka Training CentrTeraining Centre,,2,764,2,0,9,7,0,784,777
Mash Central,Mt Darwin,Pfura RDC,Mt Darwin South,40,Chomagora Primary Primary School,,0,1032,0,1,12,19,0,1064,1045
Mash Central,Mt Darwin,Pfura RDC,Mt Darwin South,40,Manhondo BC Tent,,1,545,0,1,19,13,0,579,566
,,,,,,,,,,,,,,,
Mash Central,,,,,Mt Darwin South Constituency Totals,,46,19306,18,121,1888,302,0,21681,21379
Mash Central,Mt Darwin,Pfura RDC,Mt Darwin West,7,Chikwira Primary Primary School,,4,423,2,9,71,3,0,512,509
Mash Central,Mt Darwin,Pfura RDC,Mt Darwin West,7,Maripfonde Village Tent,,2,328,3,2,19,4,0,358,354
Mash Central,Mt Darwin,Pfura RDC,Mt Darwin West,7,Nembire Primary Primary School,,18,777,0,18,94,36,0,943,907
,,,,,,,,,,,,,,,
Mash Central,Mt Darwin,Pfura RDC,Mt Darwin West,8,Chakoma Primary Primary School,,6,594,2,9,58,14,0,683,669
Mash Central,Mt Darwin,Pfura RDC,Mt Darwin West,8,Mauswa BC Tent,,2,497,1,3,19,13,0,535,522
Mash Central,Mt Darwin,Pfura RDC,Mt Darwin West,8,Nharira Primary Primary School,,0,470,0,1,30,11,0,512,501
Mash Central,Mt Darwin,Pfura RDC,Mt Darwin West,8,Nowedza Village Tent,,6,510,3,5,34,6,0,564,558
Mash Central,Mt Darwin,Pfura RDC,Mt Darwin West,8,Ruwani Primary Primary School,,11,567,1,0,25,7,0,611,604
,,,,,,,,,,,,,,,
Mash Central,Mt Darwin,Pfura RDC,Mt Darwin West,9,Dotito Primary Primary School,,1,506,1,5,89,8,0,610,602
Mash Central,Mt Darwin,Pfura RDC,Mt Darwin West,9,Dotito Secondary Secondary  School,,1,353,0,2,38,1,0,395,394
,,,,,,,,,,,,,,,
,,,,,,,,,,,,,,,
,,,,,,,,,,,,,,,
,,,,,,,,,,,,,,,
Mash Central,Mt Darwin,Pfura RDC,Mt Darwin West,16,Chiromo Primary Primary School,,3,734,1,1,72,10,0,821,811
Mash Central,Mt Darwin,Pfura RDC,Mt Darwin West,16,Kapatamoyo Primary Primary School,,4,685,2,4,49,9,0,753,744
Mash Central,Mt Darwin,Pfura RDC,Mt Darwin West,16,Sosera Primary Primary School,,4,616,1,4,68,21,0,714,693
,,,,,,,,,,,,,,,
Mash Central,Mt Darwin,Pfura RDC,Mt Darwin West,17,Chiutsa Primary Primary School,,3,792,0,6,66,2,0,869,867
Mash Central,Mt Darwin,Pfura RDC,Mt Darwin West,17,Kazai Primary Primary School,,2,411,2,0,9,3,0,427,424
Mash Central,Mt Darwin,Pfura RDC,Mt Darwin West,17,Mudzengerere SecondarySecondary  School,,4,946,0,4,35,2,0,991,989
,,,,,,,,,,,,,,,
Mash Central,Mt Darwin,Pfura RDC,Mt Darwin West,18,Chakanetsa Primary Primary School,,3,586,1,0,6,2,0,598,596
Mash Central,Mt Darwin,Pfura RDC,Mt Darwin West,18,Mutungagore Primary Primary School,,7,693,0,0,9,4,0,713,709
Mash Central,Mt Darwin,Pfura RDC,Mt Darwin West,18,Mutungagore Secondary Secondary  School,,3,799,1,0,12,3,0,818,815
Mash Central,Mt Darwin,Pfura RDC,Mt Darwin West,18,Nyamasvau Primary Primary School,,2,515,0,0,8,9,0,534,525
Mash Central,Mt Darwin,Pfura RDC,Mt Darwin West,18,Nyamhara Village Tent,,8,394,0,0,10,2,0,414,412
,,,,,,,,,,,,,,,
Mash Central,Mt Darwin,Pfura RDC,Mt Darwin West,19,Binga Primary Primary School,,1,434,0,0,2,4,0,441,437
Mash Central,Mt Darwin,Pfura RDC,Mt Darwin West,19,Chibuli Primary Primary School,,1,653,0,0,4,5,0,663,658
Mash Central,Mt Darwin,Pfura RDC,Mt Darwin West,19,Chitepo A Village Tent,,0,257,0,0,2,3,0,262,259
Mash Central,Mt Darwin,Pfura RDC,Mt Darwin West,19,Dolphine Park Primary Primary School,,1,630,0,1,9,5,0,646,641
Mash Central,Mt Darwin,Pfura RDC,Mt Darwin West,19,Glassalla Farm Tent,,1,247,1,0,2,3,0,254,251
Mash Central,Mt Darwin,Pfura RDC,Mt Darwin West,19,Mutwa Estate Village Tent,,5,482,0,0,0,1,0,488,487
Mash Central,Mt Darwin,Pfura RDC,Mt Darwin West,19,Neuveld/ Mudzinge Hall Hall,,3,406,1,0,2,26,0,438,412
Mash Central,Mt Darwin,Pfura RDC,Mt Darwin West,19,Nyamaridza Village Tent,,0,241,0,0,0,2,0,243,241
Mash Central,Mt Darwin,Pfura RDC,Mt Darwin West,19,Panorama TC Training Centre,,0,279,0,0,3,2,0,284,282
Mash Central,Mt Darwin,Pfura RDC,Mt Darwin West,19,Tongogara C Village Tent,,1,269,0,0,4,0,0,274,274
,,,,,,,,,,,,,,,
Mash Central,Mt Darwin,Pfura RDC,Mt Darwin West,20,Gandwenherera  Village Tent,,1,345,0,0,10,5,0,361,356
Mash Central,Mt Darwin,Pfura RDC,Mt Darwin West,20,Kuedza Village Tent,,1,631,0,0,6,5,0,643,638
Mash Central,Mt Darwin,Pfura RDC,Mt Darwin West,20,Mutwa Primary Primary School,,0,505,0,0,2,5,0,512,507
Mash Central,Mt Darwin,Pfura RDC,Mt Darwin West,20,Mutwa Secondary Secondary School,,1,279,0,0,1,4,0,285,281
Mash Central,Mt Darwin,Pfura RDC,Mt Darwin West,20,Tsamvi Primary Primary School,,0,450,1,1,5,11,0,468,457
,,,,,,,,,,,,,,,
Mash Central,Mt Darwin,Pfura RDC,Mt Darwin West,21,Karuyana BC Tent,,0,147,0,1,26,1,0,175,174
Mash Central,Mt Darwin,Pfura RDC,Mt Darwin West,21,Karuyana Primary Primary School,,0,177,0,1,5,0,0,183,183
,,,,,,,,,,,,,,,
Mash Central,Mt Darwin,Pfura RDC,Mt Darwin West,35,Chizura Primary Primary School,,3,461,1,5,34,1,0,505,504
Mash Central,Mt Darwin,Pfura RDC,Mt Darwin West,35,Fort  Misery  BC Tent,,1,243,0,2,18,3,0,267,264
Mash Central,Mt Darwin,Pfura RDC,Mt Darwin West,35,Kuhondo Primary Primary School,,0,459,0,4,39,11,0,513,502
,,,,,,,,,,,,,,,
Mash Central,Mt Darwin,Pfura RDC,Mt Darwin West,36,Burira Village Tent,,4,335,1,1,14,7,0,362,355
Mash Central,Mt Darwin,Pfura RDC,Mt Darwin West,36,Chihoko Primary Primary School,,0,798,0,5,43,14,0,860,846
Mash Central,Mt Darwin,Pfura RDC,Mt Darwin West,36,Kadohwata Primary Primary School,,1,588,1,8,45,13,0,656,643
Mash Central,Mt Darwin,Pfura RDC,Mt Darwin West,36,Karaga Village Tent,,1,557,0,2,9,9,0,578,569
Mash Central,Mt Darwin,Pfura RDC,Mt Darwin West,36,Madzivanzira Village Tent,,1,466,0,9,47,12,0,535,523
,,,,,,,,,,,,,,,
Mash Central,,,,,Mt Darwin West Constituency Totals,,121,22535,27,113,1153,322,0,24271,23949
,,,,,,,,,,,,,,,
,,,,,,,,,,,,,,,
,,,,,,,,,,,,,,,
Mash Central,Muzarabani,Muzarabani RDC,Muzarabani North,1,Chadereka Primary Primary School,,2,405,0,2,15,6,0,430,424
Mash Central,Muzarabani,Muzarabani RDC,Muzarabani North,1,Chadereka Secondary Secondary School,,1,305,0,1,15,6,0,328,322
Mash Central,Muzarabani,Muzarabani RDC,Muzarabani North,1,Chimoio Primary Primary School,,3,341,0,5,24,4,0,377,373
Mash Central,Muzarabani,Muzarabani RDC,Muzarabani North,1,Gunduza Primary Primary School,,0,348,1,1,11,4,0,365,361
Mash Central,Muzarabani,Muzarabani RDC,Muzarabani North,1,Kanyaya Village Tent,,2,145,0,3,4,9,0,163,154
Mash Central,Muzarabani,Muzarabani RDC,Muzarabani North,1,Musingwa Primary Primary School,,1,305,0,0,16,7,0,329,322
Mash Central,Muzarabani,Muzarabani RDC,Muzarabani North,1,Sone Primary Primary School,,0,133,0,0,8,3,0,144,141
,,,,,,,,,,,,,,,
Mash Central,Muzarabani,Muzarabani RDC,Muzarabani North,2,Chiridza Primary Primary School,,1,639,1,2,12,2,0,657,655
Mash Central,Muzarabani,Muzarabani RDC,Muzarabani North,2,Gumbochuma Primary Primary  School,,0,300,0,1,19,3,0,323,320
Mash Central,Muzarabani,Muzarabani RDC,Muzarabani North,2,Guni Village Tent,,1,417,0,0,2,0,0,420,420
Mash Central,Muzarabani,Muzarabani RDC,Muzarabani North,2,Musengezi Turn off BC Tent,,1,359,0,2,18,5,0,385,380
,,,,,,,,,,,,,,,
Mash Central,Muzarabani,Muzarabani RDC,Muzarabani North,3,Chibaya BC Tent,,2,195,1,1,12,2,0,213,211
Mash Central,Muzarabani,Muzarabani RDC,Muzarabani North,3,Chirimbwa Village Tent,,1,242,1,3,21,1,0,269,268
Mash Central,Muzarabani,Muzarabani RDC,Muzarabani North,3,Machaya Secondary Sec. School,,1,286,0,0,24,4,0,315,311
Mash Central,Muzarabani,Muzarabani RDC,Muzarabani North,3,Nyadukutu Primary Primary School,,0,350,0,2,15,0,0,367,367
,,,,,,,,,,,,,,,
Mash Central,Muzarabani,Muzarabani RDC,Muzarabani North,4,Batanai Primary Primary School,,2,403,2,5,50,4,0,466,462
Mash Central,Muzarabani,Muzarabani RDC,Muzarabani North,4,Dambakurima Primary Primary School,,0,563,0,4,22,1,0,590,589
Mash Central,Muzarabani,Muzarabani RDC,Muzarabani North,4,Mukombwe B.C. Tent,,2,448,2,7,52,7,0,518,511
,,,,,,,,,,,,,,,
Mash Central,Muzarabani,Muzarabani RDC,Muzarabani North,5,Kapembere Primary Primary School,,3,341,0,1,35,6,0,386,380
Mash Central,Muzarabani,Muzarabani RDC,Muzarabani North,5,Kapembere Secondary Secondary  School,,2,172,0,3,22,4,0,203,199
Mash Central,Muzarabani,Muzarabani RDC,Muzarabani North,5,Mufudzi Primary Primary School,,1,327,0,1,25,6,0,360,354
Mash Central,Muzarabani,Muzarabani RDC,Muzarabani North,5,Mutunda BC Tent,,4,304,1,2,36,5,0,352,347
,,,,,,,,,,,,,,,
Mash Central,Muzarabani,Muzarabani RDC,Muzarabani North,6,Gutsa-Kahungwe PrimaryPrimary School,,1,324,0,5,32,9,0,371,362
Mash Central,Muzarabani,Muzarabani RDC,Muzarabani North,6,Hwata Primary Primary School,,1,395,1,3,18,6,0,424,418
,,,,,,,,,,,,,,,
Mash Central,Muzarabani,Muzarabani RDC,Muzarabani North,7,Hwata-Kapatamukombe Primary School,,1,261,1,9,36,7,0,315,308
Mash Central,Muzarabani,Muzarabani RDC,Muzarabani North,7,Muganhi Village Tent,,0,108,0,0,0,2,0,110,108
Mash Central,Muzarabani,Muzarabani RDC,Muzarabani North,7,Nyahwanga Secondary Secondary  School,,0,69,0,0,6,2,0,77,75
,,,,,,,,,,,,,,,
Mash Central,Muzarabani,Muzarabani RDC,Muzarabani North,8,Muringazuva Primary Primary School,,0,292,1,1,11,3,0,308,305
Mash Central,Muzarabani,Muzarabani RDC,Muzarabani North,8,Muringazuva Village Tent,,0,231,0,0,10,2,0,243,241
Mash Central,Muzarabani,Muzarabani RDC,Muzarabani North,8,Mushinye Village Tent,,1,341,0,0,4,2,0,348,346
Mash Central,Muzarabani,Muzarabani RDC,Muzarabani North,8,Muzarabani Community HCaolml munity Hall,,6,1173,0,6,114,16,0,1315,1299
,,,,,,,,,,,,,,,
,,,,,,,,,,,,,,,
,,,,,,,,,,,,,,,
,,,,,,,,,,,,,,,
Mash Central,Muzarabani,Muzarabani RDC,Muzarabani North,19,Bore Primary Primary School,,1,427,0,3,11,3,0,445,442
Mash Central,Muzarabani,Muzarabani RDC,Muzarabani North,19,Tandare Village Tent,,0,124,0,1,2,2,0,129,127
Mash Central,Muzarabani,Muzarabani RDC,Muzarabani North,19,Utete Primary Primary School,,4,630,3,7,20,12,0,676,664
,,,,,,,,,,,,,,,
Mash Central,Muzarabani,Muzarabani RDC,Muzarabani North,23,Huni Village Tent,,1,421,2,1,23,8,0,456,448
Mash Central,Muzarabani,Muzarabani RDC,Muzarabani North,23,Kaerezi Primary Primary School,,6,659,3,1,19,6,0,694,688
Mash Central,Muzarabani,Muzarabani RDC,Muzarabani North,23,Kakonono primary Primary School,,3,442,0,1,19,3,3,468,465
,,,,,,,,,,,,,,,
Mash Central,Muzarabani,Muzarabani RDC,Muzarabani North,24,Chibombo Primary Primary School,,1,450,0,0,17,4,0,472,468
Mash Central,Muzarabani,Muzarabani RDC,Muzarabani North,24,Chiwenga Primary Primary School,,3,624,1,2,13,5,0,648,643
Mash Central,Muzarabani,Muzarabani RDC,Muzarabani North,24,Keche Primary Primary School,,3,575,2,2,23,3,0,608,605
Mash Central,Muzarabani,Muzarabani RDC,Muzarabani North,24,Machakwa Village Tent,,1,269,0,1,7,0,0,278,278
,,,,,,,,,,,,,,,
Mash Central,Muzarabani,Muzarabani RDC,Muzarabani North,27,Machaya Primary Primary School,,3,467,0,6,47,6,0,529,523
Mash Central,Muzarabani,Muzarabani RDC,Muzarabani North,27,Museredza Primary Primary School,,0,679,0,0,13,5,0,697,692
,,,,,,,,,,,,,,,
Mash Central,,,,,Muzarabani North Constituency Totals,,66,16289,23,95,903,195,3,17571,17376
Mash Central,Muzarabani,Muzarabani RDC,Muzarabani South,9,Chiwashira Primary Primary School,,4,547,0,3,11,6,0,571,565
Mash Central,Muzarabani,Muzarabani RDC,Muzarabani South,9,Mhene  Primary Primary School,,5,361,2,0,21,11,0,400,389
,,,,,,,,,,,,,,,
Mash Central,Muzarabani,Muzarabani RDC,Muzarabani South,10,Chiweshe Primary Primary School,,5,391,1,5,27,16,0,445,429
Mash Central,Muzarabani,Muzarabani RDC,Muzarabani South,10,St Alberts Primary Primary School,,9,780,3,10,115,21,0,938,917
Mash Central,Muzarabani,Muzarabani RDC,Muzarabani South,10,Uchachacha DDF Tent,,2,497,0,1,13,7,0,520,513
,,,,,,,,,,,,,,,
Mash Central,Muzarabani,Muzarabani RDC,Muzarabani South,11,Chiripiro Primary Primary School,,1,265,0,0,2,2,0,270,268
Mash Central,Muzarabani,Muzarabani RDC,Muzarabani South,11,Munhenga Primary Primary School,,2,682,1,2,27,14,0,728,714
Mash Central,Muzarabani,Muzarabani RDC,Muzarabani South,11,Sable Heights Primary Primary School,,0,159,0,0,7,2,0,168,166
,,,,,,,,,,,,,,,
Mash Central,Muzarabani,Muzarabani RDC,Muzarabani South,12,Chikale  Farm Primary Primary School,,0,463,1,0,4,3,0,471,468
Mash Central,Muzarabani,Muzarabani RDC,Muzarabani South,12,Hilbre Primary Primary School,,3,262,0,1,1,1,0,268,267
Mash Central,Muzarabani,Muzarabani RDC,Muzarabani South,12,Samanyanga Primary Primary School,,0,442,1,1,5,1,0,450,449
Mash Central,Muzarabani,Muzarabani RDC,Muzarabani South,12,Trinity rock Farm Tent,,2,340,1,0,12,7,0,362,355
,,,,,,,,,,,,,,,
Mash Central,Muzarabani,Muzarabani RDC,Muzarabani South,13,Jee-Jay Primary Primary School,,1,167,0,1,5,2,0,176,174
Mash Central,Muzarabani,Muzarabani RDC,Muzarabani South,13,Kilkeran Farm Tent,,1,141,0,0,3,2,0,147,145
Mash Central,Muzarabani,Muzarabani RDC,Muzarabani South,13,Maware Primary Primary School,,5,428,0,2,8,6,0,449,443
Mash Central,Muzarabani,Muzarabani RDC,Muzarabani South,13,Silverstroom Primary Primary School,,2,272,0,1,8,3,0,286,283
,,,,,,,,,,,,,,,
,,,,,,,,,,,,,,,
,,,,,,,,,,,,,,,
,,,,,,,,,,,,,,,
Mash Central,Muzarabani,Muzarabani RDC,Muzarabani South,14,Ashford Primary,Primary School,7,563,0,1,9,9,0,589,580
Mash Central,Muzarabani,Muzarabani RDC,Muzarabani South,14,Chipiri Farm,Shed,5,319,1,3,12,7,0,347,340
Mash Central,Muzarabani,Muzarabani RDC,Muzarabani South,14,Clearmorning Primary,Primary School,4,638,2,0,20,18,0,682,664
Mash Central,Muzarabani,Muzarabani RDC,Muzarabani South,14,Goromokwa Primary,Primary School,2,397,0,0,4,4,0,407,403
Mash Central,Muzarabani,Muzarabani RDC,Muzarabani South,14,Mwonga Farm,Shed,6,199,0,0,3,4,0,212,208
Mash Central,Muzarabani,Muzarabani RDC,Muzarabani South,14,Tekwane Farm,Tent,0,154,0,0,9,1,0,164,163
,,,,,,,,,,,,,,,
Mash Central,Muzarabani,Muzarabani RDC,Muzarabani South,15,Gato Primary,Primary School,5,1034,2,9,195,23,0,1268,1245
,,,,,,,,,,,,,,,
Mash Central,Muzarabani,Muzarabani RDC,Muzarabani South,16,Mukwengure Primary,Primary School,2,697,1,3,11,8,0,722,714
,,,,,,,,,,,,,,,
Mash Central,Muzarabani,Muzarabani RDC,Muzarabani South,17,Charunda Primary,Primary School,2,407,0,1,11,4,0,425,421
Mash Central,Muzarabani,Muzarabani RDC,Muzarabani South,17,Hoya Primary,Secondary  School,2,692,0,0,19,5,0,718,713
Mash Central,Muzarabani,Muzarabani RDC,Muzarabani South,17,Kambudzi Primary,Primary School,2,487,0,1,4,2,0,496,494
Mash Central,Muzarabani,Muzarabani RDC,Muzarabani South,17,Mangurenje Primary,Primary School,2,390,0,0,2,1,0,395,394
Mash Central,Muzarabani,Muzarabani RDC,Muzarabani South,17,Muchembere Primary,Primary School,0,206,0,2,9,2,0,219,217
,,,,,,,,,,,,,,,
Mash Central,Muzarabani,Muzarabani RDC,Muzarabani South,18,Mufuka Village,Tent,1,39,0,0,0,0,0,40,40
Mash Central,Muzarabani,Muzarabani RDC,Muzarabani South,18,Murimo BC,Tent,0,339,1,1,1,4,0,346,342
Mash Central,Muzarabani,Muzarabani RDC,Muzarabani South,18,Mutemakungu Primary,Primary School,2,483,0,0,7,4,0,496,492
,,,,,,,,,,,,,,,
Mash Central,Muzarabani,Muzarabani RDC,Muzarabani South,20,Chawarura Primary,Primary School,8,847,2,11,61,10,0,939,929
,,,,,,,,,,,,,,,
Mash Central,Muzarabani,Muzarabani RDC,Muzarabani South,21,Chawarura PFDC,Clinic,2,281,0,0,10,6,0,299,293
Mash Central,Muzarabani,Muzarabani RDC,Muzarabani South,21,Chitemamuswe Primary,Primary School,4,443,0,1,8,5,0,461,456
Mash Central,Muzarabani,Muzarabani RDC,Muzarabani South,21,Mavhuradonha Farm,Tent,0,137,0,0,3,0,0,140,140
,,,,,,,,,,,,,,,
Mash Central,Muzarabani,Muzarabani RDC,Muzarabani South,22,Chaona Resettlement,Tent,5,403,0,3,32,8,0,451,443
Mash Central,Muzarabani,Muzarabani RDC,Muzarabani South,22,Nyamaridza Secondary,Secondary School,2,291,1,0,34,9,0,337,328
,,,,,,,,,,,,,,,
Mash Central,Muzarabani,Muzarabani RDC,Muzarabani South,25,The Range,Tent,3,414,0,0,7,8,0,432,424
Mash Central,Muzarabani,Muzarabani RDC,Muzarabani South,25,Westburry  Farm,Tent,8,520,0,0,6,14,0,548,534
,,,,,,,,,,,,,,,
Mash Central,Muzarabani,Muzarabani RDC,Muzarabani South,26,Dunbarton Farm,Tent,4,656,1,2,11,14,0,688,674
Mash Central,Muzarabani,Muzarabani RDC,Muzarabani South,26,Takunda Primary,Primary School,2,794,1,1,7,11,0,816,805
,,,,,,,,,,,,,,,
Mash Central,Muzarabani,Muzarabani RDC,Muzarabani South,28,Aranbira Primary,Primary School,3,417,0,0,10,3,0,433,430
Mash Central,Muzarabani,Muzarabani RDC,Muzarabani South,28,Chidikamwedzi Primary,Primary School,3,604,0,3,15,13,0,638,625
Mash Central,Muzarabani,Muzarabani RDC,Muzarabani South,28,Chiparta Primary,Primary School,1,180,0,1,3,5,0,190,185
Mash Central,Muzarabani,Muzarabani RDC,Muzarabani South,28,Mutorazeni Farm,Shed,0,432,0,1,3,3,0,439,436
Mash Central,Muzarabani,Muzarabani RDC,Muzarabani South,28,Sulugulu Farm,Shed,0,301,0,0,12,3,0,316,313
,,,,,,,,,,,,,,,
,,,,,,,,,,,,,,,
,,,,,,,,,,,,,,,
,,,,,,,,,,,,,,,
Mash Central,Muzarabani,Muzarabani RDC,Muzarabani South,29,Aurellia Farm Shed,,2,244,0,0,2,0,0,248,248
Mash Central,Muzarabani,Muzarabani RDC,Muzarabani South,29,Minda Primary Primary School,,4,578,0,0,3,13,0,598,585
Mash Central,Muzarabani,Muzarabani RDC,Muzarabani South,29,Ruindi Primary Primary School,,2,175,0,0,0,1,1,178,177
,,,,,,,,,,,,,,,
Mash Central,,,,,Muzarabani South Constituency Totals,,137,20958,22,71,812,326,1,22326,22000
Mash Central,Rushinga,Rushinga RDC,Rushinga,1,Chabooka Village Tent,,0,286,0,1,4,4,0,295,291
Mash Central,Rushinga,Rushinga RDC,Rushinga,1,Mukosa Primary Primary School,,2,460,1,2,9,15,0,489,474
Mash Central,Rushinga,Rushinga RDC,Rushinga,1,Nyabawa Primary Primary School,,1,272,0,0,4,8,0,285,277
,,,,,,,,,,,,,,,
Mash Central,Rushinga,Rushinga RDC,Rushinga,2,Chapinduka Primary Primary School,,0,222,0,1,11,9,0,243,234
Mash Central,Rushinga,Rushinga RDC,Rushinga,2,Mukosa Village Tent,,0,190,0,0,10,3,0,203,200
Mash Central,Rushinga,Rushinga RDC,Rushinga,2,Nyamuzeya Primary Primary School,,0,322,0,0,7,2,0,331,329
,,,,,,,,,,,,,,,
Mash Central,Rushinga,Rushinga RDC,Rushinga,3,Chimandau Primary Primary School,,0,301,1,0,13,4,0,319,315
Mash Central,Rushinga,Rushinga RDC,Rushinga,3,Chitange Primary Primary School,,6,476,1,2,8,12,0,505,493
Mash Central,Rushinga,Rushinga RDC,Rushinga,3,Machirinje Primary Primary School,,0,513,0,0,12,12,0,537,525
,,,,,,,,,,,,,,,
Mash Central,Rushinga,Rushinga RDC,Rushinga,4,Kunyeti Village Tent,,3,324,1,2,8,6,0,344,338
Mash Central,Rushinga,Rushinga RDC,Rushinga,4,Marymount Hospital Hospital,,0,223,0,0,5,2,0,230,228
Mash Central,Rushinga,Rushinga RDC,Rushinga,4,Marymount Secondary Secondary School,,1,530,0,1,13,6,0,551,545
,,,,,,,,,,,,,,,
Mash Central,Rushinga,Rushinga RDC,Rushinga,5,Makuni Primary Primary School,,1,176,0,0,5,0,0,182,182
Mash Central,Rushinga,Rushinga RDC,Rushinga,5,Makuni Secondary Secondary  School,,1,293,0,0,5,5,0,304,299
Mash Central,Rushinga,Rushinga RDC,Rushinga,5,Mukonde Primary Primary School,,2,433,1,0,3,3,0,442,439
,,,,,,,,,,,,,,,
Mash Central,Rushinga,Rushinga RDC,Rushinga,6,Kasenzi B.C. Tent,,0,347,0,1,5,9,0,362,353
Mash Central,Rushinga,Rushinga RDC,Rushinga,6,Kasenzi Primary Primary School,,0,244,0,3,6,2,0,255,253
Mash Central,Rushinga,Rushinga RDC,Rushinga,6,Nyabvedzi Village Tent,,0,206,0,0,1,9,0,216,207
Mash Central,Rushinga,Rushinga RDC,Rushinga,6,Nyanhoto Village Tent,,0,91,0,0,0,5,0,96,91
,,,,,,,,,,,,,,,
Mash Central,Rushinga,Rushinga RDC,Rushinga,7,Chipamuriwo Pre School Tent,,0,122,0,0,4,0,0,126,126
Mash Central,Rushinga,Rushinga RDC,Rushinga,7,Chomutukutu Secondary Secondary School,,6,701,1,4,29,15,0,756,741
Mash Central,Rushinga,Rushinga RDC,Rushinga,7,Kanzara Pre School Tent,,1,170,0,2,2,6,0,181,175
Mash Central,Rushinga,Rushinga RDC,Rushinga,7,Mandendera BC Tent,,0,304,0,3,9,5,0,321,316
Mash Central,Rushinga,Rushinga RDC,Rushinga,7,Mukazika Village Tent,,3,434,0,2,11,4,0,454,450
,,,,,,,,,,,,,,,
Mash Central,Rushinga,Rushinga RDC,Rushinga,12,Chitimbe Village Tent,,3,456,1,2,32,12,0,506,494
Mash Central,Rushinga,Rushinga RDC,Rushinga,12,Magaranhewe Primary Primary School,,5,696,0,9,59,12,0,781,769
Mash Central,Rushinga,Rushinga RDC,Rushinga,12,Magaranhewe Village Tent,,0,201,0,1,23,5,0,230,225
Mash Central,Rushinga,Rushinga RDC,Rushinga,12,Musvaire Primary Primary School,,0,365,0,0,18,3,0,386,383
,,,,,,,,,,,,,,,
,,,,,,,,,,,,,,,
,,,,,,,,,,,,,,,
,,,,,,,,,,,,,,,
Mash Central,Rushinga,Rushinga RDC,Rushinga,13,Chimhanda Clinic Clinic,,2,284,0,1,36,7,0,330,323
Mash Central,Rushinga,Rushinga RDC,Rushinga,13,Humbasha Pre School Pre School,,1,227,0,2,16,9,0,255,246
Mash Central,Rushinga,Rushinga RDC,Rushinga,13,Kademeteme Village Tent,,0,330,0,2,19,9,0,360,351
Mash Central,Rushinga,Rushinga RDC,Rushinga,13,Kasanga Primary Primary School,,2,269,3,1,22,7,0,304,297
Mash Central,Rushinga,Rushinga RDC,Rushinga,13,Nyamakamba BC Tent,,3,200,0,2,41,6,0,252,246
,,,,,,,,,,,,,,,
Mash Central,Rushinga,Rushinga RDC,Rushinga,14,Chiripai Village Tent,,2,329,1,2,9,1,0,344,343
Mash Central,Rushinga,Rushinga RDC,Rushinga,14,Gwangwava Primary Primary School,,2,290,1,1,32,3,0,329,326
Mash Central,Rushinga,Rushinga RDC,Rushinga,14,Harumbwi Village Tent,,1,159,0,2,15,1,0,178,177
Mash Central,Rushinga,Rushinga RDC,Rushinga,14,Mubvumba Village Tent,,1,197,0,1,14,0,0,213,213
,,,,,,,,,,,,,,,
Mash Central,Rushinga,Rushinga RDC,Rushinga,15,Chimhanda Secondary Secondary  School,,1,390,0,1,74,6,0,472,466
Mash Central,Rushinga,Rushinga RDC,Rushinga,15,Chimhanda Water WorksTent,,2,246,0,3,8,5,0,264,259
Mash Central,Rushinga,Rushinga RDC,Rushinga,15,Maguwo BC Tent,,2,248,1,1,12,4,0,268,264
Mash Central,Rushinga,Rushinga RDC,Rushinga,15,Manetsera Primary Primary School,,0,301,0,1,11,3,0,316,313
,,,,,,,,,,,,,,,
Mash Central,Rushinga,Rushinga RDC,Rushinga,16,Bheti Village Tent,,1,120,0,0,4,2,0,127,125
Mash Central,Rushinga,Rushinga RDC,Rushinga,16,Chaparadza Primary Primary School,,1,438,0,0,9,2,0,450,448
Mash Central,Rushinga,Rushinga RDC,Rushinga,16,Chaparadza Village Tent,,2,206,0,0,4,1,0,213,212
Mash Central,Rushinga,Rushinga RDC,Rushinga,16,Huruma Primary Primary School,,0,479,0,0,9,3,1,491,488
Mash Central,Rushinga,Rushinga RDC,Rushinga,16,Mubvundudzi Primary Primary School,,0,295,0,0,4,0,0,299,299
,,,,,,,,,,,,,,,
Mash Central,Rushinga,Rushinga RDC,Rushinga,17,Chinaka Pre School Tent,,0,138,1,0,9,1,0,149,148
Mash Central,Rushinga,Rushinga RDC,Rushinga,17,Guti Village Tent,,0,121,0,0,16,2,0,139,137
Mash Central,Rushinga,Rushinga RDC,Rushinga,17,Mudzikatiri Village Tent,,2,328,0,0,6,6,0,342,336
Mash Central,Rushinga,Rushinga RDC,Rushinga,17,Rusambo Primary Primary School,,0,320,0,2,19,3,0,344,341
,,,,,,,,,,,,,,,
Mash Central,Rushinga,Rushinga RDC,Rushinga,18,Kamanika Primary Primary School,,2,585,3,2,13,3,0,608,605
Mash Central,Rushinga,Rushinga RDC,Rushinga,18,Mazowe Bridge V T C Hall,,2,419,1,1,8,6,0,437,431
Mash Central,Rushinga,Rushinga RDC,Rushinga,18,Musengu Village Tent,,3,208,0,1,1,12,0,225,213
Mash Central,Rushinga,Rushinga RDC,Rushinga,18,Nyamazizi Primary Primary School,,1,230,0,2,10,0,0,243,243
Mash Central,Rushinga,Rushinga RDC,Rushinga,18,Tungwengwe Village Tent,,1,170,1,0,6,1,0,179,178
,,,,,,,,,,,,,,,
Mash Central,Rushinga,Rushinga RDC,Rushinga,19,Chiromba Primary Primary School,,1,226,1,0,3,0,0,231,231
Mash Central,Rushinga,Rushinga RDC,Rushinga,19,Chizondo Village Tent,,1,249,0,1,6,3,0,260,257
Mash Central,Rushinga,Rushinga RDC,Rushinga,19,Madzinga Village Tent,,0,194,0,1,4,2,0,201,199
Mash Central,Rushinga,Rushinga RDC,Rushinga,19,Nyamanyanya Primary Primary School,,2,503,1,2,25,1,0,534,533
,,,,,,,,,,,,,,,
Mash Central,Rushinga,Rushinga RDC,Rushinga,20,Kasika Pre School Tent,,0,281,1,0,1,1,0,284,283
Mash Central,Rushinga,Rushinga RDC,Rushinga,20,Murehwa  Village  Tent,,3,305,0,0,1,2,0,311,309
,,,,,,,,,,,,,,,
Mash Central,Rushinga,Rushinga RDC,Rushinga,21,Chipwere Village Tent,,0,95,0,0,1,0,0,96,96
Mash Central,Rushinga,Rushinga RDC,Rushinga,21,Mazengera Village Tent,,0,366,1,0,4,2,0,373,371
Mash Central,Rushinga,Rushinga RDC,Rushinga,21,Nyanhewe Primary Primary School,,8,578,0,1,16,5,0,608,603
,,,,,,,,,,,,,,,
,,,,,,,,,,,,,,,
,,,,,,,,,,,,,,,
,,,,,,,,,,,,,,,
Mash Central,Rushinga,Rushinga RDC,Rushinga,22,Gonzo Village Tent,,1,373,2,1,8,2,0,387,385
Mash Central,Rushinga,Rushinga RDC,Rushinga,22,Jangwa Village Tent,,0,280,0,0,1,1,0,282,281
Mash Central,Rushinga,Rushinga RDC,Rushinga,22,Karombe Village Tent,,3,261,0,0,3,6,0,273,267
Mash Central,Rushinga,Rushinga RDC,Rushinga,22,Maparepare Primary Primary School,,1,195,0,0,2,1,0,199,198
Mash Central,Rushinga,Rushinga RDC,Rushinga,22,Matoto Pre School Tent,,1,206,0,0,1,4,0,212,208
Mash Central,Rushinga,Rushinga RDC,Rushinga,22,Nyatsato Primary Primary School,,0,318,0,0,7,0,0,325,325
,,,,,,,,,,,,,,,
Mash Central,Rushinga,Rushinga RDC,Rushinga,23,Chipandire Pre School Pre  School,,2,183,0,0,2,3,0,190,187
Mash Central,Rushinga,Rushinga RDC,Rushinga,23,Katoni Primary Primary School,,0,334,0,0,2,3,0,339,336
Mash Central,Rushinga,Rushinga RDC,Rushinga,23,Mushongahande Village Tent,,0,365,1,0,5,12,0,383,371
,,,,,,,,,,,,,,,
Mash Central,Rushinga,Rushinga RDC,Rushinga,24,Rushinga District Public WPourbklsic Works Office,,1,435,1,7,146,8,0,598,590
Mash Central,Rushinga,Rushinga RDC,Rushinga,24,Rushinga Primary Primary School,,2,394,0,5,124,6,0,531,525
,,,,,,,,,,,,,,,
Mash Central,Rushinga,Rushinga RDC,Rushinga,25,Makachi Primary Primary School,,1,324,0,2,25,3,0,355,352
Mash Central,Rushinga,Rushinga RDC,Rushinga,25,Nyamasanga Pre School Pre  School,,1,261,0,1,12,7,0,282,275
Mash Central,Rushinga,Rushinga RDC,Rushinga,25,Nyamatikiti High School High  School,,0,186,0,0,14,3,0,203,200
Mash Central,Rushinga,Rushinga RDC,Rushinga,25,Nyamatikiti Primary Primary School,,2,235,0,3,19,6,0,265,259
,,,,,,,,,,,,,,,
Mash Central,,,,,Rushinga Constituency Totals,,99,24032,27,88,1175,362,1,25783,25421
Mash Central,Shamva,Chaminuka RDC,Shamva North,1,Chihuri Clinic Clinic,,4,659,0,11,69,10,0,753,743
Mash Central,Shamva,Chaminuka RDC,Shamva North,1,Chihuri Secondary Secondary  School,,1,773,2,12,72,7,0,867,860
,,,,,,,,,,,,,,,
Mash Central,Shamva,Chaminuka RDC,Shamva North,2,Mupfure Secondary Secondary  School,,3,652,0,3,21,12,0,691,679
,,,,,,,,,,,,,,,
Mash Central,Shamva,Chaminuka RDC,Shamva North,3,Bvuma BC Tent,,0,646,0,2,20,4,0,672,668
Mash Central,Shamva,Chaminuka RDC,Shamva North,3,Chizanga Village Tent,,0,179,1,0,3,3,0,186,183
Mash Central,Shamva,Chaminuka RDC,Shamva North,3,Madziwa Secondary Secondary  School,,3,1110,2,6,66,13,0,1200,1187
,,,,,,,,,,,,,,,
Mash Central,Shamva,Chaminuka RDC,Shamva North,4,Chiimbira Primary Primary School,,2,227,0,3,23,2,0,257,255
Mash Central,Shamva,Chaminuka RDC,Shamva North,4,Nyamaruro Clinic Clinic,,4,274,1,5,50,7,0,341,334
Mash Central,Shamva,Chaminuka RDC,Shamva North,4,Nyamaruro Primary Primary School,,5,317,2,3,47,5,0,379,374
,,,,,,,,,,,,,,,
Mash Central,Shamva,Chaminuka RDC,Shamva North,5,Kariwo Village Tent,,1,556,3,6,60,25,0,651,626
Mash Central,Shamva,Chaminuka RDC,Shamva North,5,Manyara Village Tent,,0,345,1,3,13,1,0,363,362
Mash Central,Shamva,Chaminuka RDC,Shamva North,5,Mushowani Primary Primary School,,1,634,1,2,27,13,0,678,665
,,,,,,,,,,,,,,,
Mash Central,Shamva,Chaminuka RDC,Shamva North,6,Chidabwe BC Tent,,3,723,0,6,35,17,0,784,767
Mash Central,Shamva,Chaminuka RDC,Shamva North,6,Kasukuwere Village Tent,,8,380,0,0,6,6,0,400,394
Mash Central,Shamva,Chaminuka RDC,Shamva North,6,Nyarukunda Secondary Secondary School,,2,403,1,5,45,20,0,476,456
,,,,,,,,,,,,,,,
,,,,,,,,,,,,,,,
,,,,,,,,,,,,,,,
,,,,,,,,,,,,,,,
Mash Central,Shamva,Chaminuka RDC,Shamva North,7,Bradley High Secondary  School,,4,819,4,24,179,39,0,1069,1030
,,,,,,,,,,,,,,,
Mash Central,Shamva,Chaminuka RDC,Shamva North,8,Hore B.C. Tent,,1,187,2,2,25,2,0,219,217
Mash Central,Shamva,Chaminuka RDC,Shamva North,8,Mupfurudzi Primary Primary  School,,2,533,1,5,63,13,0,617,604
Mash Central,Shamva,Chaminuka RDC,Shamva North,8,Mupfurudzi Secondary Secondary  School,,1,368,1,2,24,3,0,399,396
,,,,,,,,,,,,,,,
Mash Central,Shamva,Chaminuka RDC,Shamva North,9,Chidembo Primary Primary School,,4,295,1,2,41,2,0,345,343
Mash Central,Shamva,Chaminuka RDC,Shamva North,9,Chidembo Secondary Secondary  School,,1,439,0,3,52,6,0,501,495
Mash Central,Shamva,Chaminuka RDC,Shamva North,9,Kasimbwi B.C. Tent,,4,298,3,6,47,7,0,365,358
Mash Central,Shamva,Chaminuka RDC,Shamva North,9,Rusununguko Primary School,,2,501,3,10,109,13,0,638,625
,,,,,,,,,,,,,,,
Mash Central,Shamva,Chaminuka RDC,Shamva North,10,Nyamaropa Clinic Clinic,,4,568,0,3,29,8,0,612,604
Mash Central,Shamva,Chaminuka RDC,Shamva North,10,Nyamaropa Primary Primary School,,4,592,1,9,80,25,0,711,686
,,,,,,,,,,,,,,,
Mash Central,Shamva,Chaminuka RDC,Shamva North,14,Chindunduma Primary Primary School,,2,292,0,0,7,6,0,307,301
Mash Central,Shamva,Chaminuka RDC,Shamva North,14,Magadzi Primary Primary School,,2,705,3,0,8,9,0,727,718
Mash Central,Shamva,Chaminuka RDC,Shamva North,14,Mukwari Primary Primary School,,1,508,1,1,1,5,0,517,512
Mash Central,Shamva,Chaminuka RDC,Shamva North,14,Ponesai Vanhu Tech. ColleTgeech. College,,0,511,0,1,23,7,0,542,535
Mash Central,Shamva,Chaminuka RDC,Shamva North,14,Simba Village Shed,,3,558,0,0,7,22,0,590,568
Mash Central,Shamva,Chaminuka RDC,Shamva North,14,Zvomanyanga Primary Primary School,,0,434,0,0,7,3,0,444,441
,,,,,,,,,,,,,,,
Mash Central,Shamva,Chaminuka RDC,Shamva North,16,Batsirai Primary Primary School,,3,600,0,0,10,5,0,618,613
Mash Central,Shamva,Chaminuka RDC,Shamva North,16,Madziva Mine SecondarySecondary School,,2,630,0,4,87,13,0,736,723
Mash Central,Shamva,Chaminuka RDC,Shamva North,16,Mudzinge Primary Primary School,,2,337,0,1,10,8,0,358,350
Mash Central,Shamva,Chaminuka RDC,Shamva North,16,Muringamombe Primary Primary School,,0,323,0,0,6,7,0,336,329
,,,,,,,,,,,,,,,
Mash Central,Shamva,Chaminuka RDC,Shamva North,25,Kaziro Primary Primary School,,3,756,0,5,79,13,0,856,843
,,,,,,,,,,,,,,,
Mash Central,Shamva,Chaminuka RDC,Shamva North,26,Madziva Council Hall Council boardroom,,2,313,2,3,109,8,0,437,429
Mash Central,Shamva,Chaminuka RDC,Shamva North,26,Mutumba High Secondary  School,,0,353,4,9,73,8,0,447,439
Mash Central,Shamva,Chaminuka RDC,Shamva North,26,Mutumba Primary Primary School,,1,240,0,4,84,2,0,331,329
,,,,,,,,,,,,,,,
Mash Central,,,,,Shamva North Constituency Totals,,85,19038,40,161,1717,379,0,21420,21041
Mash Central,Shamva,Chaminuka RDC,Shamva South,11,Chakonda Council BoardrBooamrd room,,7,740,4,10,89,27,0,877,850
Mash Central,Shamva,Chaminuka RDC,Shamva South,11,Gono Primary Primary School,,12,658,1,9,69,89,1,838,749
,,,,,,,,,,,,,,,
Mash Central,Shamva,Chaminuka RDC,Shamva South,12,Jiti Primary Primary School,,3,610,1,14,103,13,0,744,731
Mash Central,Shamva,Chaminuka RDC,Shamva South,12,Nanazi Village Tent,,2,362,0,0,10,9,0,383,374
Mash Central,Shamva,Chaminuka RDC,Shamva South,12,Sindura Village Tent,,6,505,1,2,22,29,0,565,536
,,,,,,,,,,,,,,,
,,,,,,,,,,,,,,,
,,,,,,,,,,,,,,,
,,,,,,,,,,,,,,,
Mash Central,Shamva,Chaminuka RDC,Shamva South,13,Bushu Primary Primary School,,2,532,0,4,36,4,0,578,574
Mash Central,Shamva,Chaminuka RDC,Shamva South,13,Chishapa Primary Primary School,,3,705,0,2,23,9,0,742,733
,,,,,,,,,,,,,,,
Mash Central,Shamva,Chaminuka RDC,Shamva South,15,Chemhanza Primary Primary School,,0,470,0,0,1,3,0,474,471
Mash Central,Shamva,Chaminuka RDC,Shamva South,15,Chemhondoro Primary Primary School,,0,173,0,0,1,0,0,174,174
Mash Central,Shamva,Chaminuka RDC,Shamva South,15,Chevakadzi Private Primary School,,4,1069,1,0,16,8,0,1098,1090
Mash Central,Shamva,Chaminuka RDC,Shamva South,15,Utsigi Lot 10 Village Tent,,1,377,0,0,4,9,0,391,382
,,,,,,,,,,,,,,,
Mash Central,Shamva,Chaminuka RDC,Shamva South,17,Mugagau Village Tent,,0,397,0,0,4,6,0,407,401
Mash Central,Shamva,Chaminuka RDC,Shamva South,17,Nyamahumbe Primary Primary School,,4,626,0,0,3,13,0,646,633
Mash Central,Shamva,Chaminuka RDC,Shamva South,17,Pfumvuti Primary Primary School,,2,1098,0,3,17,27,0,1147,1120
Mash Central,Shamva,Chaminuka RDC,Shamva South,17,Rustington Primary Primary School,,0,500,0,0,6,8,0,514,506
,,,,,,,,,,,,,,,
Mash Central,Shamva,Chaminuka RDC,Shamva South,18,Golden Star ResettlementTent,,3,511,1,0,4,2,0,521,519
Mash Central,Shamva,Chaminuka RDC,Shamva South,18,Pote store Tent,,0,412,0,0,13,10,0,435,425
Mash Central,Shamva,Chaminuka RDC,Shamva South,18,Soma Primary Primary School,,2,294,0,0,2,5,0,303,298
Mash Central,Shamva,Chaminuka RDC,Shamva South,18,SOS Engineering Hall,,1,344,0,2,21,11,0,379,368
,,,,,,,,,,,,,,,
Mash Central,Shamva,Chaminuka RDC,Shamva South,19,Mont Dor Mine Tent,,5,697,0,4,8,5,0,719,714
Mash Central,Shamva,Chaminuka RDC,Shamva South,19,Musau ResettlementT  e  nt,,0,183,0,0,0,1,0,184,183
Mash Central,Shamva,Chaminuka RDC,Shamva South,19,Nherera Primary Primary School,,7,543,0,0,29,7,0,586,579
Mash Central,Shamva,Chaminuka RDC,Shamva South,19,Shamva Mine Centre Tent,,3,450,0,0,8,4,0,465,461
,,,,,,,,,,,,,,,
Mash Central,Shamva,Chaminuka RDC,Shamva South,20,Carriers Rest ResettlemenTtent,,0,379,0,1,6,1,0,387,386
Mash Central,Shamva,Chaminuka RDC,Shamva South,20,Chiraramo Primary Primary School,,0,395,0,0,11,4,0,410,406
Mash Central,Shamva,Chaminuka RDC,Shamva South,20,Enterprise Primary Primary School,,3,358,1,1,32,19,0,414,395
Mash Central,Shamva,Chaminuka RDC,Shamva South,20,Mushambanyama PrimarPyrimary School,,3,955,0,2,23,4,0,987,983
,,,,,,,,,,,,,,,
Mash Central,Shamva,Chaminuka RDC,Shamva South,21,Chewarika Pre School Pre  School,,0,126,0,0,1,2,0,129,127
Mash Central,Shamva,Chaminuka RDC,Shamva South,21,Kushinga Primary Primary School,,0,511,0,0,14,9,0,534,525
Mash Central,Shamva,Chaminuka RDC,Shamva South,21,Nyamadombe ResettlemeTnetnt,,1,261,0,0,4,1,0,267,266
Mash Central,Shamva,Chaminuka RDC,Shamva South,21,Palmgroove Store Tent,,0,228,0,1,8,7,0,244,237
,,,,,,,,,,,,,,,
Mash Central,Shamva,Chaminuka RDC,Shamva South,22,Marimira B.C. Tent,,1,494,2,15,200,30,0,742,712
Mash Central,Shamva,Chaminuka RDC,Shamva South,22,Wadzanai Welfare Hall Welfare Hall,,2,536,0,11,134,16,0,699,683
,,,,,,,,,,,,,,,
Mash Central,Shamva,Chaminuka RDC,Shamva South,23,Chaminuka Sub Council Boardroom,,3,420,1,4,137,9,0,574,565
,,,,,,,,,,,,,,,
Mash Central,Shamva,Chaminuka RDC,Shamva South,24,Wadzanai Primary Primary School,,1,400,0,6,113,30,0,550,520
Mash Central,Shamva,Chaminuka RDC,Shamva South,24,Wadzanai Secondary Secondary  School,,1,385,0,5,67,7,0,465,458
,,,,,,,,,,,,,,,
,,,,,,,,,,,,,,,
,,,,,,,,,,,,,,,
,,,,,,,,,,,,,,,
Mash Central,Shamva,Chaminuka RDC,Shamva South ,27,Mashambe Primary Primary School,,1,375,0,0,7,3,0,386,383
Mash Central,Shamva,Chaminuka RDC,Shamva South ,27,Principe Irrigation SchemeTent,,1,503,1,1,3,5,0,514,509
Mash Central,Shamva,Chaminuka RDC,Shamva South ,27,Sanye Primary Primary School,,1,698,0,0,13,4,0,716,712
,,,,,,,,,,,,,,,
Mash Central,Shamva,Chaminuka RDC,Shamva South ,28,Tafuna Cargil Depot Cargill Depot,,1,575,0,2,70,8,0,656,648
Mash Central,Shamva,Chaminuka RDC,Shamva South ,28,Windemere Store (Gaparast)ore,,2,402,2,7,41,9,0,463,454
,,,,,,,,,,,,,,,
Mash Central,Shamva,Chaminuka RDC,Shamva South ,29,Annandale Farm Shed,,2,348,0,0,10,3,0,363,360
Mash Central,Shamva,Chaminuka RDC,Shamva South ,29,Maxton Resettlement Shed,,2,411,0,3,20,9,0,445,436
Mash Central,Shamva,Chaminuka RDC,Shamva South ,29,Shamva Gold Mine PrimaPryrimary School,,0,167,0,11,319,7,0,504,497
Mash Central,Shamva,Chaminuka RDC,Shamva South ,29,Shamva Mine Comm. HalCl ommunity Hall,,2,181,1,7,392,15,0,598,583
Mash Central,Shamva,Chaminuka RDC,Shamva South ,29,Tipperary Farm Shed,,1,452,0,2,52,13,0,520,507
