Province,LOCAL AUTHORITY,DISTRICT,CONSTITUENCY,WARD NO.,POLLING STATIONS,FACILITY,"DabengwaDumiso ZAPU","Mugabe RobertGabriel ZANU PF","MukwazheMunodei KisinotiZDP","NcubeWelshman MDC","Tsvangirayi MorganMDC-T","Total VotesRejected","Ballot PaperUnaccounted for",Total Votes Cast,"TotalValidVotesCast"
Mat South,Beitbridge RDC,Beitbridge,Beitbridge East,1,Chikwalakwala Pry School,School,4,99,2,9,22,13,0,149,136
Mat South,Beitbridge RDC,Beitbridge,Beitbridge East,1,Chipise Pry School,School,2,118,1,5,18,30,0,174,144
Mat South,Beitbridge RDC,Beitbridge,Beitbridge East,1,Chitulipasi Pry School,School,3,296,2,4,35,10,0,350,340
Mat South,Beitbridge RDC,Beitbridge,Beitbridge East,1,Lungowe Pry School,School,0,180,5,3,20,12,0,220,208
Mat South,Beitbridge RDC,Beitbridge,Beitbridge East,1,Malabe Pry School,School,1,168,0,3,6,2,0,180,178
,,,,,,,,,,,,,,,
,,,,,,,,,,,,,,,
Mat South,Beitbridge RDC,Beitbridge,Beitbridge East,2,Chabili Pry School,School,7,332,1,6,9,1,0,356,355
Mat South,Beitbridge RDC,Beitbridge,Beitbridge East,2,Chapongwe Pry School,School,0,52,0,1,10,0,0,63,63
Mat South,Beitbridge RDC,Beitbridge,Beitbridge East,2,Dite Pry School,School,6,267,2,2,17,9,0,303,294
Mat South,Beitbridge RDC,Beitbridge,Beitbridge East,2,Lukange Pry School,School,1,184,2,3,14,3,0,207,204
Mat South,Beitbridge RDC,Beitbridge,Beitbridge East,2,Lukumbwe Dip Tank,Tent,1,77,0,1,5,2,0,86,84
Mat South,Beitbridge RDC,Beitbridge,Beitbridge East,2,Panda Mine,Tent,1,27,0,3,2,1,0,34,33
,,,,,,,,,,,,,,,
,,,,,,,,,,,,,,,
Mat South,Beitbridge RDC,Beitbridge,Beitbridge East,3,Chaswingo Pry School,School,8,482,5,11,35,28,0,569,541
Mat South,Beitbridge RDC,Beitbridge,Beitbridge East,3,Fula Pry School,School,2,171,0,5,24,3,0,205,202
Mat South,Beitbridge RDC,Beitbridge,Beitbridge East,3,Madaulo Pry School,School,2,488,5,10,24,22,0,551,529
Mat South,Beitbridge RDC,Beitbridge,Beitbridge East,3,Makombe Pry School,School,0,333,2,1,6,25,0,367,342
Mat South,Beitbridge RDC,Beitbridge,Beitbridge East,3,Mandate Pry School,School,1,136,1,1,1,5,0,145,140
,,,,,,,,,,,,,,,
,,,,,,,,,,,,,,,
Mat South,Beitbridge RDC,Beitbridge,Beitbridge East,5,Chamnanga Pry School,School,4,250,3,21,105,9,0,392,383
Mat South,Beitbridge RDC,Beitbridge,Beitbridge East,5,Chapfuche Pry School,School,12,284,1,6,40,17,0,360,343
Mat South,Beitbridge RDC,Beitbridge,Beitbridge East,5,Elangeni Pry School,School,8,302,4,16,97,10,0,437,427
Mat South,Beitbridge RDC,Beitbridge,Beitbridge East,5,Lutumba Pry School,School,14,474,9,22,113,29,0,661,632
,,,,,,,,,,,,,,,
,,,,,,,,,,,,,,,
Mat South,Beitbridge RDC,Beitbridge,Beitbridge East,6,"Auridium Mine/BubyeMinerals",School,0,40,0,2,15,2,0,59,57
Mat South,Beitbridge RDC,Beitbridge,Beitbridge East,6,Makakavhule Pry School,School,12,321,4,12,108,8,0,465,457
Mat South,Beitbridge RDC,Beitbridge,Beitbridge East,6,Malala Pry School,School,8,445,6,18,68,15,0,560,545
Mat South,Beitbridge RDC,Beitbridge,Beitbridge East,6,Mtetengwe Pry School,School,4,253,2,6,25,1,0,291,290
Mat South,Beitbridge RDC,Beitbridge,Beitbridge East,6,Umzingwane Pry School,School,1,286,0,4,11,8,0,310,302
,,,,,,,,,,,,,,,
,,,,,,,,,,,,,,,
Mat South,Beitbridge RDC,Beitbridge,Beitbridge East,13,"Bubi Village (Tshomwazi)Pry School",School,5,111,0,3,18,3,0,140,137
Mat South,Beitbridge RDC,Beitbridge,Beitbridge East,13,Joko Pry School,School,0,159,1,0,2,3,0,165,162
Mat South,Beitbridge RDC,Beitbridge,Beitbridge East,13,"Kayansee (Matizwi) PrySchool",School,1,134,0,0,1,3,0,139,136
Mat South,Beitbridge RDC,Beitbridge,Beitbridge East,13,Lesanth Pry School,School,3,252,1,1,10,4,0,271,267
,,,,,,,,,,,,,,,
,,,,,,,,,,,,,,,
Mat South,Beitbridge RDC,Beitbridge,Beitbridge East,15,Dumba Pry School,School,7,220,3,6,23,10,0,269,259
Mat South,Beitbridge RDC,Beitbridge,Beitbridge East,15,Mapai Pry School,School,1,66,1,13,57,7,0,145,138
Mat South,Beitbridge RDC,Beitbridge,Beitbridge East,15,Old Nuli School,School,2,140,0,4,26,6,0,178,172
Mat South,Beitbridge RDC,Beitbridge,Beitbridge East,15,Nuli Pry School,School,2,213,1,7,38,15,0,276,261
,,,,,,,,,,,,,,,
,,,,,,,,,,,,,,,
Mat South,Beitbridge  Town,Beitbridge,Beitbridge East,1,"Old Customs BuildingCommon Room",Office,7,515,0,23,431,15,0,991,976
,,,,,,,,,,,,,,,
,,,,,,,,,,,,,,,
Mat South,Beitbridge  Town,Beitbridge,Beitbridge East,2,Beitbridge Govt. Pry School,School,1,257,0,10,409,6,0,683,677
,,,,,,,,,,,,,,,
,,,,,,,,,,,,,,,
Mat South,Beitbridge  Town,Beitbridge,Beitbridge East,3,"St Joseph's Catholic PrySchool",School,0,421,0,10,324,17,0,772,755
,,,,,,,,,,,,,,,
,,,,,,,,,,,,,,,
Mat South,Beitbridge  Town,Beitbridge,Beitbridge East,4,"Beitbridge Mission PrySchool",School,12,868,0,47,689,39,0,1655,1616
,,,,,,,,,,,,,,,
,,,,,,,,,,,,,,,
Mat South,Beitbridge  Town,Beitbridge,Beitbridge East,5,Vhembe Sec School,School,11,523,2,38,615,8,0,1197,1189
,,,,,,,,,,,,,,,
,,,,,,,,,,,,,,,
Mat South,Beitbridge  Town,Beitbridge,Beitbridge East,6,"Beitbridge RedevelopmentArea",Tent,6,581,2,26,511,13,0,1139,1126
,,,,,,,,,,,,,,,
,,,,,,,,,,,,,,,
,,,,,,,,,,,,,,,
,,,,,,,,,,,,,,,
Mat South,Beitbridge RDC,Beitbridge,Beitbridge West,4,Jopembe Pry School,School,3,90,0,0,27,6,0,126,120
Mat South,Beitbridge RDC,Beitbridge,Beitbridge West,4,Manazwe Area,Tent,0,60,1,0,16,1,0,78,77
Mat South,Beitbridge RDC,Beitbridge,Beitbridge West,4,Matshiloni Pry School,School,5,167,2,13,54,10,0,251,241
Mat South,Beitbridge RDC,Beitbridge,Beitbridge West,4,Mgaladivha Pry School,School,5,211,2,7,20,12,0,257,245
Mat South,Beitbridge RDC,Beitbridge,Beitbridge West,4,Penemene Pry School,School,2,189,1,3,10,12,0,217,205
Mat South,Beitbridge RDC,Beitbridge,Beitbridge West,4,Tongwe Pry School,School,10,274,3,27,105,33,0,452,419
,,,,,,,,,,,,,,,
,,,,,,,,,,,,,,,
Mat South,Beitbridge RDC,Beitbridge,Beitbridge West,7,Mtsilashokwe Pry School,School,3,132,0,7,49,5,0,196,191
Mat South,Beitbridge RDC,Beitbridge,Beitbridge West,7,Ndambe Pry School,School,10,245,5,15,39,11,0,325,314
Mat South,Beitbridge RDC,Beitbridge,Beitbridge West,7,Number 7 Area,Tent,2,122,0,0,15,3,0,142,139
,,,,,,,,,,,,,,,
,,,,,,,,,,,,,,,
Mat South,Beitbridge RDC,Beitbridge,Beitbridge West,8,Jalukange Pry School,School,0,77,3,3,20,0,0,103,103
Mat South,Beitbridge RDC,Beitbridge,Beitbridge West,8,Limpopo Pry School,School,2,121,3,4,53,2,0,185,183
Mat South,Beitbridge RDC,Beitbridge,Beitbridge West,8,Shashe Number 12,Tent,4,78,1,16,40,7,0,146,139
Mat South,Beitbridge RDC,Beitbridge,Beitbridge West,8,Shashe Pry School,School,3,171,4,13,57,5,0,253,248
Mat South,Beitbridge RDC,Beitbridge,Beitbridge West,8,Shashe Number 15,Tent,2,122,1,10,20,6,0,161,155
,,,,,,,,,,,,,,,
,,,,,,,,,,,,,,,
Mat South,Beitbridge RDC,Beitbridge,Beitbridge West,9,Bili Irrigation,Tent,0,9,0,4,35,1,0,49,48
Mat South,Beitbridge RDC,Beitbridge,Beitbridge West,9,Malibeng Pry School,School,5,106,3,10,86,6,0,216,210
Mat South,Beitbridge RDC,Beitbridge,Beitbridge West,9,Old Machuchuta,Tent,1,36,1,8,69,4,0,119,115
Mat South,Beitbridge RDC,Beitbridge,Beitbridge West,9,Swereki Pry School,School,6,192,3,13,197,4,0,415,411
Mat South,Beitbridge RDC,Beitbridge,Beitbridge West,9,Toporo Pry School,School,5,144,6,6,139,6,0,306,300
Mat South,Beitbridge RDC,Beitbridge,Beitbridge West,9,Tuli Camp,Tent,2,15,1,0,17,1,0,36,35
,,,,,,,,,,,,,,,
,,,,,,,,,,,,,,,
Mat South,Beitbridge RDC,Beitbridge,Beitbridge West,10,Dendele Pry School,School,3,154,2,16,55,5,0,235,230
Mat South,Beitbridge RDC,Beitbridge,Beitbridge West,10,Dombolidenje Bus. Centre,Tent,4,152,1,10,36,5,0,208,203
Mat South,Beitbridge RDC,Beitbridge,Beitbridge West,10,Madali Pry School,School,1,206,3,5,30,5,0,250,245
Mat South,Beitbridge RDC,Beitbridge,Beitbridge West,10,Novhe Area,Tent,8,117,0,4,10,4,0,143,139
Mat South,Beitbridge RDC,Beitbridge,Beitbridge West,10,Vuturura Pry School,School,1,80,1,2,21,4,0,109,105
Mat South,Beitbridge RDC,Beitbridge,Beitbridge West,10,Whunga Pry School,School,2,196,2,9,119,37,0,365,328
Mat South,Beitbridge RDC,Beitbridge,Beitbridge West,10,Zezani Sec School,School,1,81,0,3,48,3,0,136,133
,,,,,,,,,,,,,,,
,,,,,,,,,,,,,,,
Mat South,Beitbridge RDC,Beitbridge,Beitbridge West,11,Bgemula Pry School,School,1,126,1,7,35,2,0,172,170
Mat South,Beitbridge RDC,Beitbridge,Beitbridge West,11,Chabeta Pry School,School,2,51,3,1,25,6,0,88,82
Mat South,Beitbridge RDC,Beitbridge,Beitbridge West,11,Mabhavhule Bus. Centre,Tent,3,151,3,6,16,6,0,185,179
Mat South,Beitbridge RDC,Beitbridge,Beitbridge West,11,Chamnangana Pry School,School,5,261,1,6,40,24,0,337,313
Mat South,Beitbridge RDC,Beitbridge,Beitbridge West,11,Malusungane Pry School,School,5,193,4,13,27,4,0,246,242
Mat South,Beitbridge RDC,Beitbridge,Beitbridge West,11,Msane Pry School,School,6,174,2,10,43,9,0,244,235
Mat South,Beitbridge RDC,Beitbridge,Beitbridge West,11,Zezani Rest Camp,Tent,2,106,1,10,50,5,0,174,169
Mat South,Beitbridge RDC,Beitbridge,Beitbridge West,11,Kwalu Irrigation,Tent,6,99,2,6,29,11,0,153,142
,,,,,,,,,,,,,,,
,,,,,,,,,,,,,,,
Mat South,Beitbridge RDC,Beitbridge,Beitbridge West,12,Madzivhe Pry School,School,3,156,1,13,139,21,0,333,312
Mat South,Beitbridge RDC,Beitbridge,Beitbridge West,12,Majini Pry School,School,13,238,7,19,89,21,0,387,366
Mat South,Beitbridge RDC,Beitbridge,Beitbridge West,12,Mapili Pry School,School,0,251,1,6,27,17,0,302,285
Mat South,Beitbridge RDC,Beitbridge,Beitbridge West,12,Mpande Pry School,School,8,188,1,10,43,13,0,263,250
Mat South,Beitbridge RDC,Beitbridge,Beitbridge West,12,Mtangamchena Pry School,School,7,192,4,6,36,9,0,254,245
,,,,,,,,,,,,,,,
,,,,,,,,,,,,,,,
Mat South,Beitbridge RDC,Beitbridge,Beitbridge West,14,Bishopstone Estate,Tent,2,91,0,4,17,1,0,115,114
Mat South,Beitbridge RDC,Beitbridge,Beitbridge West,14,Luhwade Pry School,School,5,136,2,8,88,8,0,247,239
Mat South,Beitbridge RDC,Beitbridge,Beitbridge West,14,Mazunga Ranch Headquarters,Tent,2,94,0,2,19,3,0,120,117
Mat South,Beitbridge RDC,Beitbridge,Beitbridge West,14,Mudzwiti Pry School,School,3,153,2,0,6,4,0,168,164
Mat South,Beitbridge RDC,Beitbridge,Beitbridge West,14,Nottingham Pry School,School,2,179,3,4,45,4,0,237,233
Mat South,Beitbridge RDC,Beitbridge,Beitbridge West,14,Towla Pry School,School,3,76,1,5,46,8,0,139,131
Mat South,Beitbridge RDC,Beitbridge,Beitbridge West,14,Tshiwonzeni Pry School,Tent,1,37,0,0,1,3,0,42,39
,,,,,,,,,,,,,,,
,,,,,,,,,,,,,,,
,,,,,,,,,,,,,,,
,,,,,,,,,,,,,,,
Mat South,Bulilima  R.D.C,Bulilima,Bulilima East,1,Sheila Farm,Tent,0,70,1,8,92,6,0,177,171
Mat South,Bulilima  R.D.C,Bulilima,Bulilima East,1,Nyabane Pry School,School,8,210,3,16,134,8,0,379,371
Mat South,Bulilima  R.D.C,Bulilima,Bulilima East,1,Sikhathini Sec. School,School,2,89,3,16,151,1,0,262,261
Mat South,Bulilima  R.D.C,Bulilima,Bulilima East,1,"Sikhathini Clinic/ VambaBus. Centre",Tent,4,58,6,16,146,10,0,240,230
,,,,,,,,,,,,,,,
,,,,,,,,,,,,,,,
Mat South,Bulilima  R.D.C,Bulilima,Bulilima East,2,Tshongule Pre School,School,3,30,1,18,47,0,0,99,99
Mat South,Bulilima  R.D.C,Bulilima,Bulilima East,2,Baladza Pry School,School,2,65,1,24,43,7,0,142,135
Mat South,Bulilima  R.D.C,Bulilima,Bulilima East,2,Gwambe Pry School,School,2,67,5,16,59,2,0,151,149
Mat South,Bulilima  R.D.C,Bulilima,Bulilima East,2,Diba Pry School,School,4,78,3,19,96,9,0,209,200
Mat South,Bulilima  R.D.C,Bulilima,Bulilima East,2,Kandane Pry School,School,1,39,0,5,59,2,0,106,104
,,,,,,,,,,,,,,,
,,,,,,,,,,,,,,,
,,,,,,,,,,,,,,,
Mat South,Bulilima  R.D.C,Bulilima,Bulilima East,3,Bezu Pry School,School,6,162,6,30,120,7,0,331,324
Mat South,Bulilima  R.D.C,Bulilima,Bulilima East,3,Mlomwe Pry School,School,3,72,5,11,117,1,0,209,208
Mat South,Bulilima  R.D.C,Bulilima,Bulilima East,3,Ntunungwe Pry School,School,8,161,6,42,43,7,0,267,260
Mat South,Bulilima  R.D.C,Bulilima,Bulilima East,3,Phumuza Pry School,School,6,85,0,18,61,3,0,173,170
,,,,,,,,,,,,,,,
,,,,,,,,,,,,,,,
Mat South,Bulilima  R.D.C,Bulilima,Bulilima East,5,Goba Pre School,Tent,5,40,3,6,120,4,0,178,174
Mat South,Bulilima  R.D.C,Bulilima,Bulilima East,5,Mapango Bus. Centre,Tent,2,56,1,10,57,4,0,130,126
Mat South,Bulilima  R.D.C,Bulilima,Bulilima East,5,Maqhekeni Sec School,School,3,75,3,7,112,2,0,202,200
Mat South,Bulilima  R.D.C,Bulilima,Bulilima East,5,Matjinge Sec. School,School,6,77,6,16,157,6,0,268,262
Mat South,Bulilima  R.D.C,Bulilima,Bulilima East,5,Ngwana Pry School,School,2,36,2,12,133,2,0,187,185
Mat South,Bulilima  R.D.C,Bulilima,Bulilima East,5,Sinotsi Pry School,School,0,53,3,9,113,4,0,182,178
,,,,,,,,,,,,,,,
,,,,,,,,,,,,,,,
Mat South,Bulilima  R.D.C,Bulilima,Bulilima East,6,Kungubo Pry School,School,3,128,0,6,22,1,0,160,159
Mat South,Bulilima  R.D.C,Bulilima,Bulilima East,6,Gala Pry School,School,1,135,1,3,51,12,0,203,191
Mat South,Bulilima  R.D.C,Bulilima,Bulilima East,6,Mangubo Pry School,School,1,127,3,7,101,4,0,243,239
Mat South,Bulilima  R.D.C,Bulilima,Bulilima East,6,Ntoli Pry School,School,3,134,2,19,100,7,0,265,258
,,,,,,,,,,,,,,,
,,,,,,,,,,,,,,,
Mat South,Bulilima  R.D.C,Bulilima,Bulilima East,8,Huwana Pry School,School,9,111,4,15,78,9,0,226,217
Mat South,Bulilima  R.D.C,Bulilima,Bulilima East,8,Malambuka Clinic,Clinic,2,50,0,6,60,5,0,123,118
Mat South,Bulilima  R.D.C,Bulilima,Bulilima East,8,Ndutshwa Pry School,School,8,67,2,9,34,1,0,121,120
Mat South,Bulilima  R.D.C,Bulilima,Bulilima East,8,Ntambana Pre School,Tent,2,13,2,8,76,3,0,104,101
,,,,,,,,,,,,,,,
,,,,,,,,,,,,,,,
Mat South,Bulilima  R.D.C,Bulilima,Bulilima East,17,Norwood Bus. Centre,Tent,0,62,0,4,36,1,0,103,102
,,,,,,,,,,,,,,,
,,,,,,,,,,,,,,,
Mat South,Bulilima  R.D.C,Bulilima,Bulilima East,18,Balule Pry School,School,1,39,0,13,7,1,0,61,60
Mat South,Bulilima  R.D.C,Bulilima,Bulilima East,18,Mayembe Pry School,School,1,42,2,10,14,0,0,69,69
Mat South,Bulilima  R.D.C,Bulilima,Bulilima East,18,Somnene Farmer's Hall,HALL,1,43,0,17,27,4,0,92,88
,,,,,,,,,,,,,,,
,,,,,,,,,,,,,,,
Mat South,Bulilima  R.D.C,Bulilima,Bulilima East,19,Entanjeneni Pry School,School,1,143,0,4,59,28,0,235,207
Mat South,Bulilima  R.D.C,Bulilima,Bulilima East,19,Fairveiw Farm,Tent,3,201,1,2,22,6,0,235,229
Mat South,Bulilima  R.D.C,Bulilima,Bulilima East,19,"Peace and GoodHope PrySchool",School,2,231,1,5,48,8,0,295,287
Mat South,Bulilima  R.D.C,Bulilima,Bulilima East,19,Manda Farm,Tent,4,86,0,0,11,6,0,107,101
Mat South,Bulilima  R.D.C,Bulilima,Bulilima East,19,Watershed Farm,Tent,0,70,0,2,8,1,0,81,80
Mat South,Bulilima  R.D.C,Bulilima,Bulilima East,19,Masotsha Pry School,School,5,154,0,9,84,10,0,262,252
Mat South,Bulilima  R.D.C,Bulilima,Bulilima East,19,Solusi High School,School,0,23,0,3,36,2,0,64,62
Mat South,Bulilima  R.D.C,Bulilima,Bulilima East,19,Usher High School,School,1,25,0,0,30,0,0,56,56
,,,,,,,,,,,,,,,
,,,,,,,,,,,,,,,
Mat South,Bulilima  R.D.C,Bulilima,Bulilima East,21,"Thekwane Mission SecSchool",School,2,30,0,9,49,2,0,92,90
Mat South,Bulilima  R.D.C,Bulilima,Bulilima East,21,Ndiweni Clinic,Tent,1,78,2,10,58,9,0,158,149
Mat South,Bulilima  R.D.C,Bulilima,Bulilima East,21,Bhangani Bus. Centre,Tent,3,103,0,17,87,3,0,213,210
Mat South,Bulilima  R.D.C,Bulilima,Bulilima East,21,Thekwane Pre School,School,1,28,1,11,38,1,0,80,79
,,,,,,,,,,,,,,,
,,,,,,,,,,,,,,,
,,,,,,,,,,,,,,,
Mat South,Bulilima  R.D.C,Bulilima,Bulilima East,22,Gonde Pry School,School,5,46,1,16,59,12,0,139,127
Mat South,Bulilima  R.D.C,Bulilima,Bulilima East,22,Matama Bus. Centre,Tent,2,44,1,2,55,0,0,104,104
,,,,,,,,,,,,,,,
,,,,,,,,,,,,,,,
Mat South,Plumtree Town,Bulilima,Bulilima East,1,Dingumuzi Pry School,School,6,161,0,22,213,9,0,411,402
Mat South,Plumtree Town,Bulilima,Bulilima East,1,Mathendele Complex,Tent,3,174,1,33,254,13,0,478,465
,,,,,,,,,,,,,,,
,,,,,,,,,,,,,,,
Mat South,Plumtree Town,Bulilima,Bulilima East,2,Dingumuzi Hall,Hall,9,89,0,9,200,3,0,310,307
Mat South,Plumtree Town,Bulilima,Bulilima East,2,Mthunduluka,Tent,0,2,0,4,13,0,0,19,19
,,,,,,,,,,,,,,,
,,,,,,,,,,,,,,,
Mat South,Plumtree Town,Bulilima,Bulilima East,3,Dingumuzi Ext Bus. Centre,Tent,9,199,1,31,280,5,0,525,520
Mat South,Plumtree Town,Bulilima,Bulilima East,3,Phakamani Sec School,School,0,117,0,13,183,4,0,317,313
Mat South,Plumtree Town,Bulilima,Bulilima East,3,New Boarder Post,Tent,0,37,0,4,46,0,0,87,87
,,,,,,,,,,,,,,,
,,,,,,,,,,,,,,,
Mat South,Plumtree Town,Bulilima,Bulilima East,4,"Dingumuzi Clinic/PlumtreeHealth Clinic",Tent,7,369,1,25,392,19,0,813,794
,,,,,,,,,,,,,,,
,,,,,,,,,,,,,,,
Mat South,Plumtree Town,Bulilima,Bulilima East,5,Min.of Construction Premises,Tent,3,641,0,7,105,6,0,762,756
,,,,,,,,,,,,,,,
,,,,,,,,,,,,,,,
Mat South,Plumtree Town,Bulilima,Bulilima East,6,Alen Redefern Pry School,School,12,179,1,39,259,10,0,500,490
,,,,,,,,,,,,,,,
,,,,,,,,,,,,,,,
,,,,,,,,,,,,,,,
,,,,,,,,,,,,,,,
Mat South,Bulilima RDC,Bulilima,Bulilima West,4,Tjehanga Pry School,School,5,89,6,30,164,11,0,305,294
Mat South,Bulilima RDC,Bulilima,Bulilima West,4,Nyelele Pry School,School,2,95,1,33,111,2,0,244,242
Mat South,Bulilima RDC,Bulilima,Bulilima West,4,Tokwana Pry School,School,8,148,4,110,112,11,0,393,382
,,,,,,,,,,,,,,,
,,,,,,,,,,,,,,,
Mat South,Bulilima RDC,Bulilima,Bulilima West,7,Masendu Pry School,School,15,241,3,22,125,6,0,412,406
Mat South,Bulilima RDC,Bulilima,Bulilima West,7,Makumbi Pry School,School,2,99,6,12,90,5,0,214,209
Mat South,Bulilima RDC,Bulilima,Bulilima West,7,Muke Pry School,School,5,72,0,5,48,12,0,142,130
Mat South,Bulilima RDC,Bulilima,Bulilima West,7,Nopemano Pry School,School,4,147,2,21,94,4,0,272,268
Mat South,Bulilima RDC,Bulilima,Bulilima West,7,Luvuluma Bus. Centre,Tent,7,78,2,8,14,4,0,113,109
Mat South,Bulilima RDC,Bulilima,Bulilima West,7,Mazwaligwe Pry School,School,7,113,6,12,76,6,0,220,214
,,,,,,,,,,,,,,,
,,,,,,,,,,,,,,,
Mat South,Bulilima RDC,Bulilima,Bulilima West,9,Butshe Pry School,School,2,48,3,29,124,3,0,209,206
Mat South,Bulilima RDC,Bulilima,Bulilima West,9,Dupute Pry School,School,10,29,2,44,98,8,0,191,183
Mat South,Bulilima RDC,Bulilima,Bulilima West,9,Makulela Pry School,School,7,84,6,52,138,15,0,302,287
Mat South,Bulilima RDC,Bulilima,Bulilima West,9,Gwamagwama Pre School,School,1,24,2,7,12,11,0,57,46
,,,,,,,,,,,,,,,
,,,,,,,,,,,,,,,
,,,,,,,,,,,,,,,
Mat South,Bulilima RDC,Bulilima,Bulilima West,10,Bambadzi Pry School,School,3,109,4,134,63,11,0,324,313
Mat South,Bulilima RDC,Bulilima,Bulilima West,10,Mbimba 11 Pry School,School,1,141,0,20,30,3,0,195,192
Mat South,Bulilima RDC,Bulilima,Bulilima West,10,Mbimba 1 Pry School,School,0,168,0,12,71,10,0,261,251
Mat South,Bulilima RDC,Bulilima,Bulilima West,10,Mafa Pre School,Tent,2,101,1,10,66,0,0,180,180
,,,,,,,,,,,,,,,
,,,,,,,,,,,,,,,
Mat South,Bulilima RDC,Bulilima,Bulilima West,11,Madlambudzi High School,School,2,147,6,41,157,8,0,361,353
Mat South,Bulilima RDC,Bulilima,Bulilima West,11,Tsukuru Pry School,School,1,68,3,11,58,1,0,142,141
Mat South,Bulilima RDC,Bulilima,Bulilima West,11,Khandamhlophe Bus. Centre,Tent,2,12,1,6,37,2,0,60,58
Mat South,Bulilima RDC,Bulilima,Bulilima West,11,Madlambudzi Pry School,School,2,155,3,32,45,3,0,240,237
Mat South,Bulilima RDC,Bulilima,Bulilima West,11,Bhangale Bus. Centre,Tent,3,55,1,10,58,0,0,127,127
Mat South,Bulilima RDC,Bulilima,Bulilima West,11,Mkhomeni Bus. Centre,Tent,2,66,4,15,45,4,0,136,132
,,,,,,,,,,,,,,,
,,,,,,,,,,,,,,,
Mat South,Bulilima RDC,Bulilima,Bulilima West,12,Hingwe Pry School,School,4,139,5,50,166,16,0,380,364
Mat South,Bulilima RDC,Bulilima,Bulilima West,12,Gotshombo Pry School,School,3,70,0,21,90,4,0,188,184
Mat South,Bulilima RDC,Bulilima,Bulilima West,12,Mangubo Pry School,School,6,80,2,79,68,12,0,247,235
Mat South,Bulilima RDC,Bulilima,Bulilima West,12,Wanano Pre School,School,4,110,7,31,83,4,0,239,235
,,,,,,,,,,,,,,,
,,,,,,,,,,,,,,,
Mat South,Bulilima RDC,Bulilima,Bulilima West,13,Matilikwe Hall,School,3,58,0,20,51,3,0,135,132
Mat South,Bulilima RDC,Bulilima,Bulilima West,13,Zuzaphi Pry School,School,8,26,3,22,110,10,0,179,169
Mat South,Bulilima RDC,Bulilima,Bulilima West,13,Siyaphambili Sec. School,School,11,73,5,21,105,15,0,230,215
Mat South,Bulilima RDC,Bulilima,Bulilima West,13,Woki Bus. Centre,Tent,2,16,3,9,102,4,0,136,132
,,,,,,,,,,,,,,,
,,,,,,,,,,,,,,,
Mat South,Bulilima RDC,Bulilima,Bulilima West,14,Mafeha Pry School,School,2,39,3,11,92,6,0,153,147
Mat South,Bulilima RDC,Bulilima,Bulilima West,14,Malalume Sec. School,School,2,117,4,14,130,5,0,272,267
Mat South,Bulilima RDC,Bulilima,Bulilima West,14,Malopa Dam Pry School,School,1,46,2,9,110,2,0,170,168
Mat South,Bulilima RDC,Bulilima,Bulilima West,14,Nswazwi Pry School,School,6,74,0,20,130,13,0,243,230
Mat South,Bulilima RDC,Bulilima,Bulilima West,14,Tjaguta Pre School,Tent,3,79,5,24,81,3,0,195,192
,,,,,,,,,,,,,,,
,,,,,,,,,,,,,,,
Mat South,Bulilima RDC,Bulilima,Bulilima West,15,"Village 13 Clinic (NelongweSec School)",Tent,1,60,1,10,52,2,0,126,124
Mat South,Bulilima RDC,Bulilima,Bulilima West,15,Sevako Pry School,School,0,57,2,22,92,3,0,176,173
Mat South,Bulilima RDC,Bulilima,Bulilima West,15,Mboma Pry School,School,1,128,0,3,63,11,0,206,195
,,,,,,,,,,,,,,,
,,,,,,,,,,,,,,,
Mat South,Bulilima RDC,Bulilima,Bulilima West,16,Mbwenda Pry School,School,0,68,3,23,70,9,0,173,164
Mat South,Bulilima RDC,Bulilima,Bulilima West,16,Mathambo Pry School,School,1,91,2,11,105,9,0,219,210
Mat South,Bulilima RDC,Bulilima,Bulilima West,16,Village 18,Tent,1,33,0,4,30,2,0,70,68
,,,,,,,,,,,,,,,
,,,,,,,,,,,,,,,
Mat South,Bulilima RDC,Bulilima,Bulilima West,20,Dombodema High School,School,3,63,1,9,87,3,0,166,163
Mat South,Bulilima RDC,Bulilima,Bulilima West,20,Male P. School,School,2,94,1,9,32,2,0,140,138
Mat South,Bulilima RDC,Bulilima,Bulilima West,20,Tjompani Pry School,School,1,56,1,12,35,1,0,106,105
Mat South,Bulilima RDC,Bulilima,Bulilima West,20,Mnigau Pry  School,School,2,82,0,11,51,4,0,150,146
,,,,,,,,,,,,,,,
,,,,,,,,,,,,,,,
Mat South,Mangwe RDC,Bulilima,Bulilima West,2,Mqegula Bus. Centre,Tent,1,51,0,14,49,4,0,119,115
Mat South,Mangwe RDC,Bulilima,Bulilima West,2,Nxele Pre School,School,2,43,3,11,45,6,0,110,104
Mat South,Mangwe RDC,Bulilima,Bulilima West,2,Vimila High School,School,1,31,2,36,57,12,0,139,127
Mat South,Mangwe RDC,Bulilima,Bulilima West,2,Osabeni Pry School,School,2,186,2,24,60,11,0,285,274
Mat South,Mangwe RDC,Bulilima,Bulilima West,2,Vaka Pry School,School,1,113,1,10,20,3,0,148,145
,,,,,,,,,,,,,,,
,,,,,,,,,,,,,,,
Mat South,Mangwe RDC,Bulilima,Bulilima West,12,Izimnyama Farmer's Hall,Hall,0,23,0,3,23,0,0,49,49
Mat South,Mangwe RDC,Bulilima,Bulilima West,12,Magcingwana Hall,Hall,6,113,1,12,200,15,0,347,332
Mat South,Mangwe RDC,Bulilima,Bulilima West,12,Izimnyama Pry School,School,0,7,0,1,12,1,0,21,20
Mat South,Mangwe RDC,Bulilima,Bulilima West,12,Mqegula Hall,School,0,30,1,5,36,0,0,72,72
Mat South,Mangwe RDC,Bulilima,Bulilima West,12,Msasane Pry,School,0,65,3,9,31,1,0,109,108
,,,,,,,,,,,,,,,
,,,,,,,,,,,,,,,
,,,,,,,,,,,,,,,
,,,,,,,,,,,,,,,
,,,,,,,,,,,,,,,
Mat South,Gwanda Municipality,Gwanda,Gwanda Central,1,"Gwanda GovernmentSecondary School",School,1,174,0,17,156,1,0,349,348
Mat South,Gwanda Municipality,Gwanda,Gwanda Central,1,Mt Cazalet P. School,School,1,110,0,6,103,3,0,223,220
,,,,,,,,,,,,,,,
,,,,,,,,,,,,,,,
Mat South,Gwanda Municipality,Gwanda,Gwanda Central,2,Gwanda Roman Catholic Hall,Hall,1,76,1,26,144,0,0,248,248
Mat South,Gwanda Municipality,Gwanda,Gwanda Central,2,St  Christopher's Pry School,School,0,56,0,7,91,0,0,154,154
,,,,,,,,,,,,,,,
,,,,,,,,,,,,,,,
Mat South,Gwanda Municipality,Gwanda,Gwanda Central,3,"Municipality of GwandaWorkshop",Tent,3,122,0,32,161,3,0,321,318
,,,,,,,,,,,,,,,
,,,,,,,,,,,,,,,
Mat South,Gwanda Municipality,Gwanda,Gwanda Central,4,Jahunda Hall,Hall,1,244,0,47,263,2,0,557,555
Mat South,Gwanda Municipality,Gwanda,Gwanda Central,4,Jahunda Pry School,School,0,204,2,17,165,2,0,390,388
,,,,,,,,,,,,,,,
,,,,,,,,,,,,,,,
Mat South,Gwanda Municipality,Gwanda,Gwanda Central,5,"RedcrossSupermarket(Spitzkop NorthExt)",Tent,2,167,0,17,162,3,0,351,348
,,,,,,,,,,,,,,,
,,,,,,,,,,,,,,,
Mat South,Gwanda Municipality,Gwanda,Gwanda Central,6,Spitzkop Terminus,Tent,9,150,2,36,271,2,0,470,468
Mat South,Gwanda Municipality,Gwanda,Gwanda Central,6,J.M.N. Poly - Old Site,School,1,50,0,9,138,0,0,198,198
,,,,,,,,,,,,,,,
,,,,,,,,,,,,,,,
Mat South,Gwanda Municipality,Gwanda,Gwanda Central,7,Gwanda High School,School,1,75,0,14,91,0,0,181,181
Mat South,Gwanda Municipality,Gwanda,Gwanda Central,7,ZOAGA Church,Tent,1,107,0,31,186,0,0,325,325
Mat South,Gwanda Municipality,Gwanda,Gwanda Central,7,Jahunda Pre School,School,4,78,1,34,144,1,0,262,261
Mat South,Gwanda Municipality,Gwanda,Gwanda Central,7,Jahunda Park,Tent,4,149,0,29,208,5,0,395,390
,,,,,,,,,,,,,,,
,,,,,,,,,,,,,,,
Mat South,Gwanda Municipality,Gwanda,Gwanda Central,8,Phakama Shopping Centre,Tent,6,155,1,29,213,2,0,406,404
Mat South,Gwanda Municipality,Gwanda,Gwanda Central,8,USAID Housing Offices,Office,3,125,1,22,113,1,0,265,264
,,,,,,,,,,,,,,,
,,,,,,,,,,,,,,,
Mat South,Gwanda Municipality,Gwanda,Gwanda Central,9,Senondo Pry School,School,2,142,0,42,206,3,0,395,392
Mat South,Gwanda Municipality,Gwanda,Gwanda Central,9,Ultra High Terminus,Tent,0,57,0,16,100,1,0,174,173
,,,,,,,,,,,,,,,
,,,,,,,,,,,,,,,
Mat South,Gwanda Municipality,Gwanda,Gwanda Central,10,Bar-20 Compound,Tent,0,31,0,4,47,0,0,82,82
Mat South,Gwanda Municipality,Gwanda,Gwanda Central,10,DDF Training Centre,Training Centr,5,96,1,9,104,4,0,219,215
,,,,,,,,,,,,,,,
,,,,,,,,,,,,,,,
,,,,,,,,,,,,,,,
Mat South,Gwanda Rural,Gwanda,Gwanda Central,13,Garanyemba Pry School,School,8,192,1,75,91,6,0,373,367
Mat South,Gwanda Rural,Gwanda,Gwanda Central,13,Mtandawenhema Pry School,School,5,93,0,95,87,4,0,284,280
Mat South,Gwanda Rural,Gwanda,Gwanda Central,13,Zhokwe Pry School,School,2,32,2,69,55,2,0,162,160
Mat South,Gwanda Rural,Gwanda,Gwanda Central,13,Mawane Pry School,School,5,175,3,67,177,5,0,432,427
Mat South,Gwanda Rural,Gwanda,Gwanda Central,13,Nsimbi Pry School,School,3,77,3,41,48,8,0,180,172
Mat South,Gwanda Rural,Gwanda,Gwanda Central,13,Switsha Pry School,School,3,121,4,27,56,2,0,213,211
Mat South,Gwanda Rural,Gwanda,Gwanda Central,13,Paye Pry School,School,2,33,1,41,61,3,0,141,138
Mat South,Gwanda Rural,Gwanda,Gwanda Central,13,Besta Pry School,School,0,14,3,41,13,1,0,72,71
,,,,,,,,,,,,,,,
,,,,,,,,,,,,,,,
Mat South,Gwanda Rural,Gwanda,Gwanda Central,14,Ntepe Pry School,School,4,142,0,61,182,3,0,392,389
Mat South,Gwanda Rural,Gwanda,Gwanda Central,14,Tuli Training Centre,Office,2,96,1,15,78,5,0,197,192
Mat South,Gwanda Rural,Gwanda,Gwanda Central,14,Samlodi Pry School,School,2,108,3,37,150,5,0,305,300
Mat South,Gwanda Rural,Gwanda,Gwanda Central,14,Sengezane Pry School,School,4,95,6,38,88,2,0,233,231
Mat South,Gwanda Rural,Gwanda,Gwanda Central,14,Bhalula Pry School,School,4,55,0,29,30,1,0,119,118
Mat South,Gwanda Rural,Gwanda,Gwanda Central,14,Bethel Pry School,School,2,55,1,51,43,0,0,152,152
,,,,,,,,,,,,,,,
,,,,,,,,,,,,,,,
Mat South,Gwanda Rural,Gwanda,Gwanda Central,21,Sabiwa Pry School,School,1,235,0,15,440,4,0,695,691
Mat South,Gwanda Rural,Gwanda,Gwanda Central,21,Blanket Mine Pre School,School,0,139,0,13,404,9,0,565,556
Mat South,Gwanda Rural,Gwanda,Gwanda Central,21,Konongwe Pre School,School,0,83,0,4,11,1,0,99,98
Mat South,Gwanda Rural,Gwanda,Gwanda Central,21,Moodspruit Pry School,School,0,81,0,3,4,0,0,88,88
Mat South,Gwanda Rural,Gwanda,Gwanda Central,21,Freda Mine,Tent,0,62,0,3,37,0,0,102,102
Mat South,Gwanda Rural,Gwanda,Gwanda Central,21,Insindi Ranch,Tent,3,130,1,20,80,2,0,236,234
,,,,,,,,,,,,,,,
,,,,,,,,,,,,,,,
Mat South,Gwanda Rural,Gwanda,Gwanda Central,22,SouthHill Pry School,School,2,150,0,6,15,1,0,174,173
Mat South,Gwanda Rural,Gwanda,Gwanda Central,22,Riverblock Pry School,School,0,62,0,1,16,0,0,79,79
Mat South,Gwanda Rural,Gwanda,Gwanda Central,22,Collen Bawn Pry School,School,6,313,0,43,400,11,0,773,762
Mat South,Gwanda Rural,Gwanda,Gwanda Central,22,Zindele Pry School,School,1,208,0,2,6,1,0,218,217
Mat South,Gwanda Rural,Gwanda,Gwanda Central,22,Jessie Mine,School,2,66,0,9,111,1,0,189,188
Mat South,Gwanda Rural,Gwanda,Gwanda Central,22,Sissyvale Pry School,School,0,14,0,2,4,1,0,21,20
Mat South,Gwanda Rural,Gwanda,Gwanda Central,22,Thorwood Pry School,School,8,245,0,2,26,3,0,284,281
Mat South,Gwanda Rural,Gwanda,Gwanda Central,22,Mapane Compound,Tent,7,51,0,3,22,1,0,84,83
,,,,,,,,,,,,,,,
,,,,,,,,,,,,,,,
Mat South,Gwanda Rural,Gwanda,Gwanda Central,23,West Nichlson Pry School,School,7,334,1,10,104,10,0,466,456
Mat South,Gwanda Rural,Gwanda,Gwanda Central,23,Mabheka Pry School,School,3,223,1,3,10,3,0,243,240
Mat South,Gwanda Rural,Gwanda,Gwanda Central,23,Mabheka Sec School,School,2,115,1,2,17,3,0,140,137
Mat South,Gwanda Rural,Gwanda,Gwanda Central,23,Driehoek Pry School,School,2,230,0,2,11,2,0,247,245
Mat South,Gwanda Rural,Gwanda,Gwanda Central,23,Dwala Pry School,School,3,431,2,2,7,5,0,450,445
Mat South,Gwanda Rural,Gwanda,Gwanda Central,23,Tshabezi Pry School,School,0,104,0,0,7,1,0,112,111
,,,,,,,,,,,,,,,
,,,,,,,,,,,,,,,
,,,,,,,,,,,,,,,
,,,,,,,,,,,,,,,
,,,,,,,,,,,,,,,
Mat South,Gwanda R.D.C,Gwanda Rural,Gwanda North,1,Masholomoshe Pry School,School,0,76,1,12,119,2,0,210,208
Mat South,Gwanda R.D.C,Gwanda Rural,Gwanda North,1,Matshiya Pry School,School,2,61,0,23,72,3,0,161,158
Mat South,Gwanda R.D.C,Gwanda Rural,Gwanda North,1,Nkashe Sec. School,School,0,117,4,37,165,3,0,326,323
Mat South,Gwanda R.D.C,Gwanda Rural,Gwanda North,1,Matshetsheni Pry School,School,7,106,2,29,107,7,0,258,251
Mat South,Gwanda R.D.C,Gwanda Rural,Gwanda North,1,Magedleni Pry School,School,2,54,2,23,192,4,0,277,273
,,,,,,,,,,,,,,,
,,,,,,,,,,,,,,,
Mat South,Gwanda R.D.C,Gwanda Rural,Gwanda North,2,Silikwe Pry School,School,2,50,0,12,110,7,0,181,174
Mat South,Gwanda R.D.C,Gwanda Rural,Gwanda North,2,Dambashoko Pry School,School,0,78,2,23,150,4,0,257,253
Mat South,Gwanda R.D.C,Gwanda Rural,Gwanda North,2,Datata Pry School,School,2,64,1,14,95,3,0,179,176
Mat South,Gwanda R.D.C,Gwanda Rural,Gwanda North,2,Zhukwe Pry School,School,1,96,0,31,72,1,0,201,200
Mat South,Gwanda R.D.C,Gwanda Rural,Gwanda North,2,Wilikisa Pry School,School,3,66,4,10,88,9,0,180,171
,,,,,,,,,,,,,,,
,,,,,,,,,,,,,,,
Mat South,Gwanda R.D.C,Gwanda Rural,Gwanda North,3,G..B.1 Pry School,School,3,200,3,32,197,6,0,441,435
Mat South,Gwanda R.D.C,Gwanda Rural,Gwanda North,3,G.B. II Pry. School,School,2,70,3,21,84,4,0,184,180
Mat South,Gwanda R.D.C,Gwanda Rural,Gwanda North,3,Sinkukwe Pry School,School,0,130,0,11,147,0,0,288,288
,,,,,,,,,,,,,,,
,,,,,,,,,,,,,,,
Mat South,Gwanda R.D.C,Gwanda Rural,Gwanda North,4,Lumene Pry School,School,9,61,5,52,230,11,0,368,357
Mat South,Gwanda R.D.C,Gwanda Rural,Gwanda North,4,Stanmore Sec School,School,0,76,1,12,110,1,0,200,199
Mat South,Gwanda R.D.C,Gwanda Rural,Gwanda North,4,Nkwidze Sec School,School,3,56,5,61,66,2,0,193,191
Mat South,Gwanda R.D.C,Gwanda Rural,Gwanda North,4,Shake P. School,School,6,163,3,67,150,8,0,397,389
,,,,,,,,,,,,,,,
,,,,,,,,,,,,,,,
Mat South,Gwanda R.D.C,Gwanda Rural,Gwanda North,5,Enyandeni Pry School,School,1,125,2,99,100,4,0,331,327
Mat South,Gwanda R.D.C,Gwanda Rural,Gwanda North,5,Mtashabezi Pry School,School,2,5,0,13,109,0,0,129,129
,,,,,,,,,,,,,,,
,,,,,,,,,,,,,,,
Mat South,Gwanda R.D.C,Gwanda Rural,Gwanda North,6,Khozi Pry School,School,2,31,1,17,90,2,0,143,141
Mat South,Gwanda R.D.C,Gwanda Rural,Gwanda North,6,Wabayi Pry School,School,4,18,5,53,148,4,0,232,228
Mat South,Gwanda R.D.C,Gwanda Rural,Gwanda North,6,Sibana Sec School,School,0,72,3,53,110,5,0,243,238
Mat South,Gwanda R.D.C,Gwanda Rural,Gwanda North,6,Gwakwe Pry School,School,5,72,1,40,84,1,0,203,202
Mat South,Gwanda R.D.C,Gwanda Rural,Gwanda North,6,Sigodo Bus. Centre,School,1,41,0,9,31,3,0,85,82
Mat South,Gwanda R.D.C,Gwanda Rural,Gwanda North,6,Mtshazo Bus. Centre,School,4,104,3,54,212,6,0,383,377
,,,,,,,,,,,,,,,
,,,,,,,,,,,,,,,
Mat South,Gwanda R.D.C,Gwanda Rural,Gwanda North,7,Gqalaza Pry School,School,2,28,1,11,106,1,0,149,148
Mat South,Gwanda R.D.C,Gwanda Rural,Gwanda North,7,Simbumbumbi Pry School,School,2,83,1,28,129,3,0,246,243
,,,,,,,,,,,,,,,
Mat South,Gwanda R.D.C,Gwanda Rural,Gwanda North,7,Mahwanke Pry School,School,0,47,2,18,42,2,0,111,109
,,,,,,,,,,,,,,,
,,,,,,,,,,,,,,,
Mat South,Gwanda R.D.C,Gwanda Rural,Gwanda North,8,Sizeze Pry School,School,4,54,5,24,103,1,0,191,190
Mat South,Gwanda R.D.C,Gwanda Rural,Gwanda North,8,Mayezane Pry School,School,1,28,4,41,104,1,0,179,178
Mat South,Gwanda R.D.C,Gwanda Rural,Gwanda North,8,Sitezi Pry School,School,3,65,4,46,205,4,0,327,323
Mat South,Gwanda R.D.C,Gwanda Rural,Gwanda North,8,Makwe Pry School,School,6,178,4,48,244,8,0,488,480
Mat South,Gwanda R.D.C,Gwanda Rural,Gwanda North,8,Sibhula Pry School,School,3,48,4,40,115,1,0,211,210
,,,,,,,,,,,,,,,
,,,,,,,,,,,,,,,
Mat South,Gwanda R.D.C,Gwanda Rural,Gwanda North,9,Lushonkwe Pry School,School,4,452,1,56,105,11,0,629,618
Mat South,Gwanda R.D.C,Gwanda Rural,Gwanda North,9,Tshoboyi Pry School,School,4,203,1,59,93,2,0,362,360
Mat South,Gwanda R.D.C,Gwanda Rural,Gwanda North,9,Connemara Pry School,School,0,103,0,10,34,2,0,149,147
,,,,,,,,,,,,,,,
,,,,,,,,,,,,,,,
Mat South,Gwanda R.D.C,Gwanda Rural,Gwanda North,10,Shape Pry School,School,0,19,2,13,29,0,0,63,63
,,,,,,,,,,,,,,,
,,,,,,,,,,,,,,,
Mat South,Gwanda R.D.C,Gwanda Rural,Gwanda North,11,Ntalale Pry School,School,12,224,7,26,224,13,0,506,493
Mat South,Gwanda R.D.C,Gwanda Rural,Gwanda North,11,Tshongwe Pry School,School,3,59,3,13,75,12,0,165,153
Mat South,Gwanda R.D.C,Gwanda Rural,Gwanda North,11,Mandiwongola Pry School,School,6,38,1,25,115,5,0,190,185
Mat South,Gwanda R.D.C,Gwanda Rural,Gwanda North,11,Nyambi Pry School,School,9,87,0,19,62,1,0,178,177
Mat South,Gwanda R.D.C,Gwanda Rural,Gwanda North,11,Gobatema Pry School,School,4,119,1,13,21,3,0,161,158
Mat South,Gwanda R.D.C,Gwanda Rural,Gwanda North,11,Vela Pry School,School,1,43,0,7,43,2,0,96,94
,,,,,,,,,,,,,,,
,,,,,,,,,,,,,,,
,,,,,,,,,,,,,,,
,,,,,,,,,,,,,,,
,,,,,,,,,,,,,,,
Mat South,Gwand RDC,Gwanda,Gwanda South,12,Gungwe Pry School,School,13,225,6,40,246,6,0,536,530
Mat South,Gwand RDC,Gwanda,Gwanda South,12,Pelele Pry School,School,5,134,0,6,52,2,0,199,197
Mat South,Gwand RDC,Gwanda,Gwanda South,12,Mawaza Pry School,School,7,126,4,28,238,3,0,406,403
Mat South,Gwand RDC,Gwanda,Gwanda South,12,Makokwe Pry School,School,3,182,2,25,184,2,0,398,396
,,,,,,,,,,,,,,,
,,,,,,,,,,,,,,,
Mat South,Gwand RDC,Gwanda,Gwanda South,15,Selonga Sec School,School,8,284,3,38,184,4,0,521,517
Mat South,Gwand RDC,Gwanda,Gwanda South,15,Nkalange Pry School,School,4,261,2,30,83,7,0,387,380
Mat South,Gwand RDC,Gwanda,Gwanda South,15,Dombo Pry School,School,0,218,1,9,81,2,0,311,309
,,,,,,,,,,,,,,,
,,,,,,,,,,,,,,,
Mat South,Gwand RDC,Gwanda,Gwanda South,16,Kafusi Pry School,School,7,140,3,32,94,3,0,279,276
Mat South,Gwand RDC,Gwanda,Gwanda South,16,Mafuku Pry School,School,27,138,3,36,86,5,0,295,290
Mat South,Gwand RDC,Gwanda,Gwanda South,16,Zelezele Pry School,School,4,95,1,16,86,7,0,209,202
Mat South,Gwand RDC,Gwanda,Gwanda South,16,Matanangombe Pry School,School,13,63,1,27,96,5,0,205,200
Mat South,Gwand RDC,Gwanda,Gwanda South,16,Matulungundu Pry School,School,5,72,6,34,100,2,0,219,217
Mat South,Gwand RDC,Gwanda,Gwanda South,16,Mapate Pry School,School,2,33,1,33,105,2,0,176,174
,,,,,,,,,,,,,,,
,,,,,,,,,,,,,,,
,,,,,,,,,,,,,,,
Mat South,Gwand RDC,Gwanda,Gwanda South,17,Manama Hall,Office,8,47,1,28,121,3,0,208,205
Mat South,Gwand RDC,Gwanda,Gwanda South,17,Manama Pry School,School,8,58,2,31,50,1,0,150,149
Mat South,Gwand RDC,Gwanda,Gwanda South,17,Nhanha Pry School,School,5,225,4,22,83,4,0,343,339
Mat South,Gwand RDC,Gwanda,Gwanda South,17,Bengo Pry School,School,11,245,2,42,93,1,0,394,393
Mat South,Gwand RDC,Gwanda,Gwanda South,17,Mnyabetsi Pry School,School,7,44,0,15,66,0,0,132,132
,,,,,,,,,,,,,,,
,,,,,,,,,,,,,,,
Mat South,Gwand RDC,Gwanda,Gwanda South,18,Buvuma Pry School,School,50,188,7,58,210,12,0,525,513
Mat South,Gwand RDC,Gwanda,Gwanda South,18,Tshanyaugwe Pry School,School,21,350,4,6,38,5,0,424,419
Mat South,Gwand RDC,Gwanda,Gwanda South,18,Sukwe Pry School,School,8,297,4,23,86,5,0,423,418
,,,,,,,,,,,,,,,
,,,,,,,,,,,,,,,
Mat South,Gwand RDC,Gwanda,Gwanda South,19,Mashaba Pry School,School,8,136,1,32,81,30,0,288,258
Mat South,Gwand RDC,Gwanda,Gwanda South,19,Halisupi Pry School,School,11,202,2,48,83,6,0,352,346
Mat South,Gwand RDC,Gwanda,Gwanda South,19,Takaliawa Pry School,School,3,155,3,20,77,3,0,261,258
Mat South,Gwand RDC,Gwanda,Gwanda South,19,Mlambapele Pry School,School,2,222,3,12,121,4,0,364,360
,,,,,,,,,,,,,,,
,,,,,,,,,,,,,,,
Mat South,Gwand RDC,Gwanda,Gwanda South,20,Mkhaliphe Pry School,School,3,148,2,11,92,1,0,257,256
Mat South,Gwand RDC,Gwanda,Gwanda South,20,Mpaya Pry School,School,8,90,1,4,26,2,0,131,129
Mat South,Gwand RDC,Gwanda,Gwanda South,20,Ngoma Pry School,School,3,338,2,12,56,5,0,416,411
Mat South,Gwand RDC,Gwanda,Gwanda South,20,Seboza Pry,School,6,125,2,26,93,6,0,258,252
Mat South,Gwand RDC,Gwanda,Gwanda South,20,Zenya Pry School,School,0,104,1,5,37,0,0,147,147
,,,,,,,,,,,,,,,
,,,,,,,,,,,,,,,
Mat South,Gwand RDC,Gwanda,Gwanda South,24,Patana Pry School,School,1,162,2,16,63,3,0,247,244
Mat South,Gwand RDC,Gwanda,Gwanda South,24,Nhwali Sec School,School,6,285,7,27,121,12,0,458,446
Mat South,Gwand RDC,Gwanda,Gwanda South,24,Sithakeng Bus. Centre,Tent,0,148,0,4,36,1,0,189,188
,,,,,,,,,,,,,,,
,,,,,,,,,,,,,,,
,,,,,,,,,,,,,,,
,,,,,,,,,,,,,,,
Mat South,Insiza R.D.C,Insiza,Insiza South,1,St Matthews School,School,9,162,8,70,165,4,0,418,414
Mat South,Insiza R.D.C,Insiza,Insiza South,1,Tshazi Pry School,School,1,102,2,55,146,8,0,314,306
Mat South,Insiza R.D.C,Insiza,Insiza South,1,GB3 Pry School,School,5,98,3,36,109,3,0,254,251
,,,,,,,,,,,,,,,
,,,,,,,,,,,,,,,
Mat South,Insiza R.D.C,Insiza,Insiza South,2,Filabusi 'B' Pry School,School,5,305,4,57,129,20,0,520,500
Mat South,Insiza R.D.C,Insiza,Insiza South,2,Msithi Pry School,School,7,510,3,29,143,10,0,702,692
,,,,,,,,,,,,,,,
,,,,,,,,,,,,,,,
Mat South,Insiza R.D.C,Insiza,Insiza South,3,Ndola Pry School,School,2,43,3,38,70,13,0,169,156
Mat South,Insiza R.D.C,Insiza,Insiza South,3,Nyamime Pry School,School,2,88,1,56,54,8,0,209,201
Mat South,Insiza R.D.C,Insiza,Insiza South,3,Singwango No. 2. Pry School,School,2,61,2,52,102,1,0,220,219
Mat South,Insiza R.D.C,Insiza,Insiza South,3,Singwango Sec. School,School,3,124,0,167,192,6,0,492,486
Mat South,Insiza R.D.C,Insiza,Insiza South,3,Chief Sibasa Hall,Hall,1,97,2,33,93,8,0,234,226
,,,,,,,,,,,,,,,
,,,,,,,,,,,,,,,
Mat South,Insiza R.D.C,Insiza,Insiza South,4,Lubuze Sec School,School,3,98,2,21,143,6,0,273,267
Mat South,Insiza R.D.C,Insiza,Insiza South,4,Mleja Pry School,School,11,115,5,93,119,9,0,352,343
Mat South,Insiza R.D.C,Insiza,Insiza South,4,Vumangwe Pry School,School,3,98,0,44,99,4,0,248,244
Mat South,Insiza R.D.C,Insiza,Insiza South,4,Edwaleni,Tent,3,129,1,41,43,3,0,220,217
,,,,,,,,,,,,,,,
,,,,,,,,,,,,,,,
Mat South,Insiza R.D.C,Insiza,Insiza South,5,Sidzibe Pry School,School,2,152,1,98,81,4,0,338,334
Mat South,Insiza R.D.C,Insiza,Insiza South,5,Insiza Pry School,School,7,155,4,31,66,2,0,265,263
Mat South,Insiza R.D.C,Insiza,Insiza South,5,Sababa Pry School,School,10,146,2,52,67,1,0,278,277
,,,,,,,,,,,,,,,
,,,,,,,,,,,,,,,
Mat South,Insiza R.D.C,Insiza,Insiza South,6,Siwazi Pry School,School,7,120,2,56,74,2,0,261,259
Mat South,Insiza R.D.C,Insiza,Insiza South,6,Mbaulo Pry School,School,8,161,3,17,83,4,0,276,272
Mat South,Insiza R.D.C,Insiza,Insiza South,6,Artherston Pry School,Tent,4,71,0,4,9,1,0,89,88
Mat South,Insiza R.D.C,Insiza,Insiza South,6,Mabuze Pry School,School,4,163,2,11,79,1,0,260,259
,,,,,,,,,,,,,,,
,,,,,,,,,,,,,,,
Mat South,Insiza R.D.C,Insiza,Insiza South,7,Singwambizi Pry School,School,4,165,3,34,63,6,0,275,269
Mat South,Insiza R.D.C,Insiza,Insiza South,7,Mkwabene Pry School,School,14,158,4,96,141,6,0,419,413
Mat South,Insiza R.D.C,Insiza,Insiza South,7,Mbembesi Pry School,School,1,124,3,26,58,5,0,217,212
,,,,,,,,,,,,,,,
,,,,,,,,,,,,,,,
Mat South,Insiza R.D.C,Insiza,Insiza South,8,Mthangala Pry School,School,2,45,0,13,31,3,0,94,91
Mat South,Insiza R.D.C,Insiza,Insiza South,8,Zhombili Pry School,School,1,13,0,10,24,1,0,49,48
Mat South,Insiza R.D.C,Insiza,Insiza South,8,Gumbalo Sec School,School,0,35,0,10,26,1,0,72,71
,,,,,,,,,,,,,,,
,,,,,,,,,,,,,,,
Mat South,Insiza R.D.C,Insiza,Insiza South,9,Mazeya Pry School,School,1,83,1,8,81,6,0,180,174
Mat South,Insiza R.D.C,Insiza,Insiza South,9,Gwabila Pry School,School,4,231,2,57,147,6,0,447,441
Mat South,Insiza R.D.C,Insiza,Insiza South,9,Gumbalo Sec School,School,20,223,3,28,49,8,0,331,323
,,,,,,,,,,,,,,,
,,,,,,,,,,,,,,,
Mat South,Insiza R.D.C,Insiza,Insiza South,11,Zhampale Pry School,School,4,80,2,74,86,3,0,249,246
Mat South,Insiza R.D.C,Insiza,Insiza South,11,Ntunte Pry School,School,3,110,7,62,72,4,0,258,254
Mat South,Insiza R.D.C,Insiza,Insiza South,11,Mbokodo Pry School,School,3,38,1,26,37,3,0,108,105
,,,,,,,,,,,,,,,
,,,,,,,,,,,,,,,
Mat South,Insiza R.D.C,Insiza,Insiza South,12,Avoca Pry School,School,11,150,4,123,165,3,0,456,453
Mat South,Insiza R.D.C,Insiza,Insiza South,12,Dekezi Pry School,School,2,86,0,61,93,1,0,243,242
Mat South,Insiza R.D.C,Insiza,Insiza South,12,Denje Pry School,School,6,124,2,41,54,1,0,228,227
,,,,,,,,,,,,,,,
,,,,,,,,,,,,,,,
,,,,,,,,,,,,,,,
,,,,,,,,,,,,,,,
Mat South,Insiza R D C,Insiza,Insiza North,10,Mwele Pry Shool,School,3,51,1,5,35,3,0,98,95
Mat South,Insiza R D C,Insiza,Insiza North,10,Malole Pry School,School,4,43,0,17,55,4,0,123,119
Mat South,Insiza R D C,Insiza,Insiza North,10,Mazhabazha Pry School,School,1,26,0,13,64,3,0,107,104
Mat South,Insiza R D C,Insiza,Insiza North,10,Gwatemba Hall,Hall,2,52,1,17,71,2,0,145,143
Mat South,Insiza R D C,Insiza,Insiza North,10,Gwatemba Pry School,School,1,21,0,11,15,3,0,51,48
,,,,,,,,,,,,,,,
,,,,,,,,,,,,,,,
Mat South,Insiza R D C,Insiza,Insiza North,13,Alpha Pry School,School,2,18,0,0,31,1,0,52,51
Mat South,Insiza R D C,Insiza,Insiza North,13,St Theresa Pry School,School,1,27,0,1,12,1,0,42,41
Mat South,Insiza R D C,Insiza,Insiza North,13,Ebley Pry School,School,15,155,1,8,14,8,0,201,193
Mat South,Insiza R D C,Insiza,Insiza North,13,Pioneer Estate Pry School,School,3,265,3,11,47,9,0,338,329
Mat South,Insiza R D C,Insiza,Insiza North,13,Debshan Pry School,School,3,140,0,2,36,6,0,187,181
Mat South,Insiza R D C,Insiza,Insiza North,13,Rangemore Pry School,School,3,74,1,12,89,6,0,185,179
Mat South,Insiza R D C,Insiza,Insiza North,13,Goedgedatchi Homestead,Tent,0,6,0,1,4,0,0,11,11
,,,,,,,,,,,,,,,
,,,,,,,,,,,,,,,
Mat South,Insiza R D C,Insiza,Insiza North,14,Mapolisa Pry School,School,2,269,4,3,19,4,0,301,297
Mat South,Insiza R D C,Insiza,Insiza North,14,St Johns Pry School,School,2,12,0,1,8,0,0,23,23
Mat South,Insiza R D C,Insiza,Insiza North,14,Fort Rixon Hall,Hall,11,40,2,4,21,2,0,80,78
Mat South,Insiza R D C,Insiza,Insiza North,14,Claremount Mine,Tent,3,85,0,4,21,3,0,116,113
,,,,,,,,,,,,,,,
,,,,,,,,,,,,,,,
Mat South,Insiza R D C,Insiza,Insiza North,15,Mthwakazi Hall,Hall,5,367,1,44,375,5,0,797,792
Mat South,Insiza R D C,Insiza,Insiza North,15,Thuthuka Bus. Centre,Tent,3,30,0,3,35,1,0,72,71
Mat South,Insiza R D C,Insiza,Insiza North,15,Indutshwa Farm,Tent,0,11,0,3,11,1,0,26,25
,,,,,,,,,,,,,,,
,,,,,,,,,,,,,,,
Mat South,Insiza R D C,Insiza,Insiza North,16,Mosenthals Homestead,Tent,0,133,0,2,16,1,0,152,151
Mat South,Insiza R D C,Insiza,Insiza North,16,Amazon Pry School,School,8,203,0,2,26,6,0,245,239
Mat South,Insiza R D C,Insiza,Insiza North,16,Mzingwane Pry School,School,1,66,0,3,10,0,0,80,80
Mat South,Insiza R D C,Insiza,Insiza North,16,Gcabayi Pry School,School,6,109,1,5,64,4,0,189,185
,,,,,,,,,,,,,,,
,,,,,,,,,,,,,,,
Mat South,Insiza R D C,Insiza,Insiza North,17,Nkankezi Pry School,School,12,130,1,25,84,9,0,261,252
Mat South,Insiza R D C,Insiza,Insiza North,17,Tombo Pry School,School,2,141,1,5,73,5,0,227,222
Mat South,Insiza R D C,Insiza,Insiza North,17,Tshunkunyane Pry School,School,2,148,0,7,46,6,0,209,203
Mat South,Insiza R D C,Insiza,Insiza North,17,Bolo Pry School,School,4,139,1,6,19,6,0,175,169
Mat South,Insiza R D C,Insiza,Insiza North,17,Sukasihambe Pry School,School,8,150,0,6,15,3,0,182,179
Mat South,Insiza R D C,Insiza,Insiza North,17,"Village 22  Killarney PrySchool",Tent,1,75,0,7,14,1,0,98,97
Mat South,Insiza R D C,Insiza,Insiza North,17,Lynwoods Homestead,Tent,2,72,1,4,39,4,0,122,118
,,,,,,,,,,,,,,,
,,,,,,,,,,,,,,,
Mat South,Insiza R D C,Insiza,Insiza North,18,Inyozani Pry  School,School,2,96,1,10,87,16,0,212,196
Mat South,Insiza R D C,Insiza,Insiza North,18,Fort Rixon Sec School,School,1,29,0,10,96,7,0,143,136
Mat South,Insiza R D C,Insiza,Insiza North,18,Mqolweni Pry School,School,5,149,0,26,72,15,0,267,252
Mat South,Insiza R D C,Insiza,Insiza North,18,Nhlanhla Pry School,School,3,102,3,17,120,7,0,252,245
,,,,,,,,,,,,,,,
,,,,,,,,,,,,,,,
Mat South,Insiza R D C,Insiza,Insiza North,19,Papama Pry School,School,7,150,3,27,145,15,0,347,332
Mat South,Insiza R D C,Insiza,Insiza North,19,Nkwalini Pry School,School,7,111,2,25,54,3,0,202,199
Mat South,Insiza R D C,Insiza,Insiza North,19,Scooter Bus. Centre,Farm House,7,205,3,20,162,8,0,405,397
Mat South,Insiza R D C,Insiza,Insiza North,19,Wanezi Mission,School,0,51,0,17,41,2,0,111,109
Mat South,Insiza R D C,Insiza,Insiza North,19,Montrose 7 Homestead,Farm House,1,169,0,17,30,6,0,223,217
Mat South,Insiza R D C,Insiza,Insiza North,19,Shamba Homestead,Tent,4,139,0,9,94,1,0,247,246
,,,,,,,,,,,,,,,
,,,,,,,,,,,,,,,
Mat South,Insiza R D C,Insiza,Insiza North,20,Mpopoti Pry School,School,4,446,0,5,22,11,0,488,477
Mat South,Insiza R D C,Insiza,Insiza North,20,Pentagon Pry School,Tent,8,314,3,7,24,6,0,362,356
Mat South,Insiza R D C,Insiza,Insiza North,20,Thokozani Pry School,School,2,114,3,15,65,6,0,205,199
Mat South,Insiza R D C,Insiza,Insiza North,20,Lambamai Homestead,Tent,11,781,2,9,38,9,0,850,841
Mat South,Insiza R D C,Insiza,Insiza North,20,Zishamba Pry School,School,2,320,2,16,69,17,0,426,409
Mat South,Insiza R D C,Insiza,Insiza North,20,Mhulula Resettlement,Tent,0,44,0,7,63,2,0,116,114
,,,,,,,,,,,,,,,
,,,,,,,,,,,,,,,
Mat South,Insiza R D C,Insiza,Insiza North,21,Gwamanyanga Homestead,Farm House,20,773,6,15,31,13,0,858,845
Mat South,Insiza R D C,Insiza,Insiza North,21,Mpalawani Homestead,Farm House,7,1238,1,19,64,16,0,1345,1329
,,,,,,,,,,,,,,,
,,,,,,,,,,,,,,,
Mat South,Insiza R D C,Insiza,Insiza North,22,St Lucy Pry School,School,3,165,2,104,165,14,0,453,439
Mat South,Insiza R D C,Insiza,Insiza North,22,Siyazama Pry School,School,7,323,2,71,126,15,0,544,529
Mat South,Insiza R D C,Insiza,Insiza North,22,Ensangu Pry School,School,5,195,4,22,66,8,0,300,292
Mat South,Insiza R D C,Insiza,Insiza North,22,Lochard Pry School,School,3,179,1,23,42,3,0,251,248
Mat South,Insiza R D C,Insiza,Insiza North,22,Shangani Sec School,School,7,122,1,19,33,3,0,185,182
,,,,,,,,,,,,,,,
,,,,,,,,,,,,,,,
Mat South,Insiza R D C,Insiza,Insiza North,23,Albany Homestead,Tent,4,38,1,7,12,1,0,63,62
Mat South,Insiza R D C,Insiza,Insiza North,23,T.M. Pagama Pry School,School,12,253,5,23,162,14,0,469,455
Mat South,Insiza R D C,Insiza,Insiza North,23,Pezulu Pry School,School,3,38,0,4,34,2,0,81,79
Mat South,Insiza R D C,Insiza,Insiza North,23,Rusibe Pry School,School,1,37,1,2,16,0,0,57,57
Mat South,Insiza R D C,Insiza,Insiza North,23,Shangani Mine Hall,Hall,3,171,0,22,342,9,0,547,538
,,,,,,,,,,,,,,,
,,,,,,,,,,,,,,,
,,,,,,,,,,,,,,,
,,,,,,,,,,,,,,,
,,,,,,,,,,,,,,,
Mat South,Mangwe R.D.C,Mangwe,Mangwe,1,Empandeni Pry School,School,4,103,7,12,98,2,0,226,224
Mat South,Mangwe R.D.C,Mangwe,Mangwe,1,Kwite Pry School,School,4,124,1,11,94,0,0,234,234
Mat South,Mangwe R.D.C,Mangwe,Mangwe,1,Mhlotshana Pry School,School,4,87,2,16,64,3,0,176,173
Mat South,Mangwe R.D.C,Mangwe,Mangwe,1,Mkaya Pry School,School,3,101,1,11,71,3,0,190,187
,,,,,,,,,,,,,,,
,,,,,,,,,,,,,,,
Mat South,Mangwe R.D.C,Mangwe,Mangwe,3,Madabe Pry School,School,3,111,4,26,217,2,0,363,361
Mat South,Mangwe R.D.C,Mangwe,Mangwe,3,Mqokolweni Sec School,School,2,85,3,16,64,2,0,172,170
Mat South,Mangwe R.D.C,Mangwe,Mangwe,3,Dukwe Pry School,School,3,134,3,32,80,4,0,256,252
Mat South,Mangwe R.D.C,Mangwe,Mangwe,3,Kahlu Pry School,School,1,29,0,8,49,0,0,87,87
,,,,,,,,,,,,,,,
,,,,,,,,,,,,,,,
Mat South,Mangwe R.D.C,Mangwe,Mangwe,4,St Francis Sec. School,School,1,166,3,17,62,8,0,257,249
Mat South,Mangwe R.D.C,Mangwe,Mangwe,4,Tjingababili Pry School,School,3,171,3,21,139,3,0,340,337
Mat South,Mangwe R.D.C,Mangwe,Mangwe,4,Makuzeze Pry School,School,4,176,3,8,21,5,0,217,212
Mat South,Mangwe R.D.C,Mangwe,Mangwe,4,Tshitshi Pry School,School,2,86,2,5,63,0,0,158,158
,,,,,,,,,,,,,,,
,,,,,,,,,,,,,,,
Mat South,Mangwe R.D.C,Mangwe,Mangwe,5,Bulu Sec School,School,21,259,6,41,151,16,0,494,478
Mat South,Mangwe R.D.C,Mangwe,Mangwe,5,Patse Pry School,School,3,35,1,22,117,1,0,179,178
Mat South,Mangwe R.D.C,Mangwe,Mangwe,5,Kweneng Pry School,School,3,124,2,9,28,4,0,170,166
,,,,,,,,,,,,,,,
,,,,,,,,,,,,,,,
,,,,,,,,,,,,,,,
Mat South,Mangwe R.D.C,Mangwe,Mangwe,6,Sanzukwi Pry School,School,41,338,14,64,127,7,0,591,584
Mat South,Mangwe R.D.C,Mangwe,Mangwe,6,Togotswewu Pre. School,School,3,94,2,15,33,9,0,156,147
Mat South,Mangwe R.D.C,Mangwe,Mangwe,6,Matiwana Pre School,Tent,3,94,2,6,15,11,0,131,120
,,,,,,,,,,,,,,,
,,,,,,,,,,,,,,,
Mat South,Mangwe R.D.C,Mangwe,Mangwe,7,Sangulube Sec. School,School,6,37,0,46,202,6,0,297,291
Mat South,Mangwe R.D.C,Mangwe,Mangwe,7,Sangulube Pry School,School,12,72,2,29,53,21,0,189,168
Mat South,Mangwe R.D.C,Mangwe,Mangwe,7,New Line Pry School,School,2,25,1,11,45,8,0,92,84
Mat South,Mangwe R.D.C,Mangwe,Mangwe,7,Wotshana Bus.Centre,Tent,1,34,1,12,45,1,0,94,93
,,,,,,,,,,,,,,,
,,,,,,,,,,,,,,,
Mat South,Mangwe R.D.C,Mangwe,Mangwe,8,Maninji Pry School,School,9,46,2,80,101,7,0,245,238
Mat South,Mangwe R.D.C,Mangwe,Mangwe,8,Ngulubeni Pry School,School,3,38,4,41,101,4,0,191,187
Mat South,Mangwe R.D.C,Mangwe,Mangwe,8,Matiwana Bus. Centre,Tent,0,9,1,23,38,2,0,73,71
,,,,,,,,,,,,,,,
,,,,,,,,,,,,,,,
Mat South,Mangwe R.D.C,Mangwe,Mangwe,9,Mambale Sec. School,School,10,86,5,57,199,6,0,363,357
Mat South,Mangwe R.D.C,Mangwe,Mangwe,9,Matshamhlophe Pry School,School,3,50,7,32,146,5,0,243,238
,,,,,,,,,,,,,,,
,,,,,,,,,,,,,,,
Mat South,Mangwe R.D.C,Mangwe,Mangwe,10,Bango Pry School,School,6,166,9,41,65,11,0,298,287
Mat South,Mangwe R.D.C,Mangwe,Mangwe,10,Matokonye Pry School,School,11,56,6,31,128,19,0,251,232
Mat South,Mangwe R.D.C,Mangwe,Mangwe,10,Mbome Pre School,School,1,44,1,18,41,4,0,109,105
Mat South,Mangwe R.D.C,Mangwe,Mangwe,10,Hlanganaani Pry School,School,0,36,3,55,83,8,0,185,177
,,,,,,,,,,,,,,,
,,,,,,,,,,,,,,,
Mat South,Mangwe R.D.C,Mangwe,Mangwe,11,Marula Pry School,,13,246,0,10,35,6,0,310,304
Mat South,Mangwe R.D.C,Mangwe,Mangwe,11,Lydeard Pry School,School,5,104,4,4,23,2,0,142,140
Mat South,Mangwe R.D.C,Mangwe,Mangwe,11,Prescott Farm,Tent,3,50,0,5,12,1,0,71,70
Mat South,Mangwe R.D.C,Mangwe,Mangwe,11,Mabunga School,School,1,82,0,2,4,3,0,92,89
Mat South,Mangwe R.D.C,Mangwe,Mangwe,11,Monearn Farm,Tent,2,77,0,0,3,2,7,84,82
Mat South,Mangwe R.D.C,Mangwe,Mangwe,11,Hannavale Farm,Tent,4,52,0,0,3,0,0,59,59
,,,,,,,,,,,,,,,
,,,,,,,,,,,,,,,
Mat South,Mangwe R.D.C,Mangwe,Mangwe,13,Phakamani Community Hall,Hall,1,105,5,16,71,3,0,201,198
Mat South,Mangwe R.D.C,Mangwe,Mangwe,13,Embakwe Mission,School,4,32,3,29,216,7,0,291,284
Mat South,Mangwe R.D.C,Mangwe,Mangwe,13,Silima Pry School,School,7,33,1,15,88,3,0,147,144
Mat South,Mangwe R.D.C,Mangwe,Mangwe,13,Entenjaneni Pre School,School,5,86,0,15,79,6,0,191,185
,,,,,,,,,,,,,,,
,,,,,,,,,,,,,,,
Mat South,Mangwe R.D.C,Mangwe,Mangwe,14,Nguwanyana Pry School,School,3,174,1,14,130,10,0,332,322
Mat South,Mangwe R.D.C,Mangwe,Mangwe,14,Ben Store,Tent,0,29,0,5,107,1,0,142,141
Mat South,Mangwe R.D.C,Mangwe,Mangwe,14,Dilankombe Bus. Centre,Tent,3,65,0,9,130,5,0,212,207
,,,,,,,,,,,,,,,
,,,,,,,,,,,,,,,
Mat South,Mangwe R.D.C,Mangwe,Mangwe,15,Mabuledi Pry School,School,5,39,5,40,200,7,0,296,289
Mat South,Mangwe R.D.C,Mangwe,Mangwe,15,Nkedile Pry School,School,4,94,2,43,69,4,0,216,212
Mat South,Mangwe R.D.C,Mangwe,Mangwe,15,Makubu Pry School,School,10,134,11,61,151,10,0,377,367
,,,,,,,,,,,,,,,
,,,,,,,,,,,,,,,
,,,,,,,,,,,,,,,
Mat South,Mangwe R.D.C,Mangwe,Mangwe,16,Khalanyoni Sec School,School,10,66,10,79,115,6,0,286,280
Mat South,Mangwe R.D.C,Mangwe,Mangwe,16,Hobodo Pry School,School,16,204,13,87,128,20,0,468,448
Mat South,Mangwe R.D.C,Mangwe,Mangwe,16,Nswiliswili Pre School,Tent,6,32,11,62,124,10,0,245,235
,,,,,,,,,,,,,,,
,,,,,,,,,,,,,,,
Mat South,Mangwe R.D.C,Mangwe,Mangwe,17,Mkologwe Pry School,School,3,39,2,29,85,6,0,164,158
Mat South,Mangwe R.D.C,Mangwe,Mangwe,17,New Dam Pre School,School,12,61,5,30,36,10,0,154,144
Mat South,Mangwe R.D.C,Mangwe,Mangwe,17,Makorokoro Pry School,School,7,100,3,35,162,15,0,322,307
Mat South,Mangwe R.D.C,Mangwe,Mangwe,17,Tjedza Pry School,School,2,46,1,80,60,3,0,192,189
,,,,,,,,,,,,,,,
,,,,,,,,,,,,,,,
,,,,,,,,,,,,,,,
,,,,,,,,,,,,,,,
,,,,,,,,,,,,,,,
Mat South,Matobo R.D.C,Matobo,Matobo South,1,Kafusi Pry School,School,5,139,5,15,118,6,0,288,282
Mat South,Matobo R.D.C,Matobo,Matobo South,1,Lubhagwe Sec School,School,5,98,1,16,93,1,0,214,213
Mat South,Matobo R.D.C,Matobo,Matobo South,1,Sankonjane Pry School,School,9,59,2,27,144,3,0,244,241
Mat South,Matobo R.D.C,Matobo,Matobo South,1,Cobeni Pry School,School,1,77,3,12,95,7,0,195,188
,,,,,,,,,,,,,,,
,,,,,,,,,,,,,,,
Mat South,Matobo R.D.C,Matobo,Matobo South,2,Dry Paddock Pry School,School,14,329,5,15,132,3,0,498,495
Mat South,Matobo R.D.C,Matobo,Matobo South,2,Emhlonhlweni Pry School,School,1,123,0,21,145,6,0,296,290
Mat South,Matobo R.D.C,Matobo,Matobo South,2,Tudi Pry School,School,11,398,3,30,149,13,0,604,591
,,,,,,,,,,,,,,,
,,,,,,,,,,,,,,,
Mat South,Matobo R.D.C,Matobo,Matobo South,3,Gohole Pry School,School,13,337,1,30,301,15,0,697,682
Mat South,Matobo R.D.C,Matobo,Matobo South,3,Homestead Pry School,School,4,69,3,42,167,5,0,290,285
,,,,,,,,,,,,,,,
,,,,,,,,,,,,,,,
Mat South,Matobo R.D.C,Matobo,Matobo South,4,Nganunu Sec School,School,6,331,5,17,270,14,0,643,629
Mat South,Matobo R.D.C,Matobo,Matobo South,4,Mashumba Pry School,School,4,115,1,15,113,4,0,252,248
Mat South,Matobo R.D.C,Matobo,Matobo South,4,Zwehamba Primary School,School,0,109,0,15,103,3,0,230,227
Mat South,Matobo R.D.C,Matobo,Matobo South,4,Ratanyana Sec School,School,10,146,2,29,140,13,0,340,327
,,,,,,,,,,,,,,,
,,,,,,,,,,,,,,,
Mat South,Matobo R.D.C,Matobo,Matobo South,5,Beula Pry School,School,14,189,13,48,205,12,0,481,469
Mat South,Matobo R.D.C,Matobo,Matobo South,5,Mzila Pry School,School,6,184,3,35,233,11,0,472,461
,,,,,,,,,,,,,,,
,,,,,,,,,,,,,,,
Mat South,Matobo R.D.C,Matobo,Matobo South,6,St Lusieus Pry School,School,9,84,6,40,248,16,0,403,387
Mat South,Matobo R.D.C,Matobo,Matobo South,6,St Sebastian Sec School,School,30,179,7,40,230,10,0,496,486
Mat South,Matobo R.D.C,Matobo,Matobo South,6,Tshelanyemba Sec School,School,19,150,4,24,74,7,0,278,271
,,,,,,,,,,,,,,,
,,,,,,,,,,,,,,,
Mat South,Matobo R.D.C,Matobo,Matobo South,7,Mazwi Pry School,School,12,177,2,28,147,5,0,371,366
Mat South,Matobo R.D.C,Matobo,Matobo South,7,Nyashongwe Pry School,School,38,128,6,41,301,4,0,518,514
,,,,,,,,,,,,,,,
,,,,,,,,,,,,,,,
Mat South,Matobo R.D.C,Matobo,Matobo South,8,Bidi Pry School,School,8,169,5,33,133,8,0,356,348
Mat South,Matobo R.D.C,Matobo,Matobo South,8,Nhlupho Pry School,School,15,112,3,32,328,8,0,498,490
Mat South,Matobo R.D.C,Matobo,Matobo South,8,Mqabuko High,School,1,73,3,43,155,8,0,283,275
,,,,,,,,,,,,,,,
,,,,,,,,,,,,,,,
Mat South,Matobo R.D.C,Matobo,Matobo South,9,St Anna Pry School,School,7,344,5,40,237,11,0,644,633
Mat South,Matobo R.D.C,Matobo,Matobo South,9,Guardian Angel Pry School,School,0,203,1,17,61,4,0,286,282
,,,,,,,,,,,,,,,
,,,,,,,,,,,,,,,
Mat South,Matobo R.D.C,Matobo,Matobo South,10,Marinoha Pry School,School,4,175,2,16,259,10,0,466,456
Mat South,Matobo R.D.C,Matobo,Matobo South,10,Tjewondo Pry School,School,4,215,1,22,159,3,0,404,401
,,,,,,,,,,,,,,,
,,,,,,,,,,,,,,,
,,,,,,,,,,,,,,,
,,,,,,,,,,,,,,,
Mat South,Matobo R.D.C,Matobo,Matobo North,11,Mbuso Pry School,School,1,171,1,8,102,5,0,288,283
Mat South,Matobo R.D.C,Matobo,Matobo North,11,Mbembeswana Pry School,School,6,166,0,22,174,6,0,374,368
Mat South,Matobo R.D.C,Matobo,Matobo North,11,Gubula Pry School,School,3,101,2,6,52,4,0,168,164
,,,,,,,,,,,,,,,
,,,,,,,,,,,,,,,
Mat South,Matobo R.D.C,Matobo,Matobo North,12,Mloyi Pry School,School,7,68,3,23,160,3,0,264,261
Mat South,Matobo R.D.C,Matobo,Matobo North,12,Silonke Pry School,School,7,177,0,17,96,6,0,303,297
Mat South,Matobo R.D.C,Matobo,Matobo North,12,Sontala Pry School,School,32,206,4,35,174,19,0,470,451
,,,,,,,,,,,,,,,
,,,,,,,,,,,,,,,
Mat South,Matobo R.D.C,Matobo,Matobo North,13,Kezi Pry School,School,3,240,1,21,157,5,0,427,422
Mat South,Matobo R.D.C,Matobo,Matobo North,13,Manyane Pry School,School,13,228,3,27,153,8,0,432,424
Mat South,Matobo R.D.C,Matobo,Matobo North,13,Mt. Edgecombe Pry School,School,0,166,0,6,34,9,0,215,206
,,,,,,,,,,,,,,,
,,,,,,,,,,,,,,,
Mat South,Matobo R.D.C,Matobo,Matobo North,14,Donkwe-Donkwe Sec. School,School,12,164,1,24,135,2,0,338,336
Mat South,Matobo R.D.C,Matobo,Matobo North,14,Mangala Pry School,School,8,146,1,28,215,12,0,410,398
Mat South,Matobo R.D.C,Matobo,Matobo North,14,Shashane Sec. School,School,7,157,2,16,170,4,0,356,352
,,,,,,,,,,,,,,,
,,,,,,,,,,,,,,,
Mat South,Matobo R.D.C,Matobo,Matobo North,15,Tohwe Sec. School,School,3,82,2,48,470,53,0,658,605
Mat South,Matobo R.D.C,Matobo,Matobo North,15,Lukadzi Pry School,School,4,34,4,47,304,2,0,395,393
,,,,,,,,,,,,,,,
,,,,,,,,,,,,,,,
Mat South,Matobo R.D.C,Matobo,Matobo North,16,Gwandavale Pry School,School,1,136,0,16,172,5,0,330,325
Mat South,Matobo R.D.C,Matobo,Matobo North,16,Silozwi Pry School,School,15,198,6,29,250,4,0,502,498
Mat South,Matobo R.D.C,Matobo,Matobo North,16,Nduna Pry School,School,5,69,1,21,95,1,0,192,191
,,,,,,,,,,,,,,,
,,,,,,,,,,,,,,,
Mat South,Matobo R.D.C,Matobo,Matobo North,17,Halale Pry School,School,12,32,4,43,94,2,0,187,185
Mat South,Matobo R.D.C,Matobo,Matobo North,17,Njelele Pry School,School,17,88,5,58,150,9,0,327,318
Mat South,Matobo R.D.C,Matobo,Matobo North,17,Whitewaters Pry School,School,10,106,0,40,163,4,0,323,319
,,,,,,,,,,,,,,,
,,,,,,,,,,,,,,,
Mat South,Matobo R.D.C,Matobo,Matobo North,18,Fumugwe Pry School,School,4,60,2,26,286,8,0,386,378
Mat South,Matobo R.D.C,Matobo,Matobo North,18,Mazhayimbe Pry School,School,7,108,0,7,111,6,0,239,233
Mat South,Matobo R.D.C,Matobo,Matobo North,18,Bazha Sec. School,School,5,71,7,15,115,7,0,220,213
,,,,,,,,,,,,,,,
,,,,,,,,,,,,,,,
Mat South,Matobo R.D.C,Matobo,Matobo North,19,Minda Pry School,School,50,224,7,68,349,20,0,718,698
Mat South,Matobo R.D.C,Matobo,Matobo North,19,Mbuya Pry School,School,12,84,1,14,140,10,0,261,251
Mat South,Matobo R.D.C,Matobo,Matobo North,19,Zamanyoni Pry School,School,4,121,0,30,111,5,0,271,266
,,,,,,,,,,,,,,,
,,,,,,,,,,,,,,,
Mat South,Matobo R.D.C,Matobo,Matobo North,21,Betseba Resettlement,Tent,1,42,0,0,2,1,0,46,45
Mat South,Matobo R.D.C,Matobo,Matobo North,21,Pagati Pry School,School,2,4,0,0,3,0,0,9,9
Mat South,Matobo R.D.C,Matobo,Matobo North,21,Store Farm Resettlement,Tent,0,107,1,0,3,2,0,113,111
Mat South,Matobo R.D.C,Matobo,Matobo North,21,Victory Resettlement,Farmhouse,4,56,1,1,9,1,0,72,71
,,,,,,,,,,,,,,,
,,,,,,,,,,,,,,,
Mat South,Matobo R.D.C,Matobo,Matobo North,22,Old Antelope Hospital,Office,2,230,1,10,116,5,0,364,359
,,,,,,,,,,,,,,,
,,,,,,,,,,,,,,,
Mat South,Matobo R.D.C,Matobo,Matobo North,23,Sibuntuli Resettlement,Tent,0,120,0,0,1,1,0,122,121
Mat South,Matobo R.D.C,Matobo,Matobo North,23,Vimbi Resettlement,Tent,1,87,0,3,3,3,0,97,94
,,,,,,,,,,,,,,,
,,,,,,,,,,,,,,,
Mat South,Matobo R.D.C,Matobo,Matobo North,24,Ravenwood Resettlement,Farmhouse,3,138,0,0,2,2,0,145,143
Mat South,Matobo R.D.C,Matobo,Matobo North,24,Diehoop Resettlement,Tent,0,204,1,2,13,2,0,222,220
Mat South,Matobo R.D.C,Matobo,Matobo North,24,Matobo Pry School,School,1,195,1,8,28,7,0,240,233
,,,,,,,,,,,,,,,
,,,,,,,,,,,,,,,
Mat South,Matobo R.D.C,Matobo,Matobo North,25,Woolenndale Resettlement,Tent,14,267,0,20,91,12,0,404,392
Mat South,Matobo R.D.C,Matobo,Matobo North,25,Matopo Research Station Pry,Schcoholol,1,179,2,21,248,11,0,462,451
Mat South,Matobo R.D.C,Matobo,Matobo North,25,Boomer Rang Resettlement,Tent,4,111,0,5,46,0,0,166,166
Mat South,Matobo R.D.C,Matobo,Matobo North,25,Fort Usher Pry School,School,2,10,1,1,41,1,0,56,55
,,,,,,,,,,,,,,,
,,,,,,,,,,,,,,,
Mat South,Umzingwane RDC,Umzingwane,Matobo North,9,Dobi Pry School,School,4,76,2,24,111,4,0,221,217
Mat South,Umzingwane RDC,Umzingwane,Matobo North,9,Zodula Bus. Centre,Tent,2,69,0,12,49,7,0,139,132
Mat South,Umzingwane RDC,Umzingwane,Matobo North,9,Gabheni Cultural Centre,Tent,2,74,4,15,57,7,0,159,152
,,,,,,,,,,,,,,,
,,,,,,,,,,,,,,,
,,,,,,,,,,,,,,,
,,,,,,,,,,,,,,,
,,,,,,,,,,,,,,,
Mat South,Umzingwane  R.D.C,Umzingwane,Umzingwane,1,Sigola Pry School,School,8,274,3,25,195,7,0,512,505
Mat South,Umzingwane  R.D.C,Umzingwane,Umzingwane,1,Imbizo Bus. Centre,Tent,5,129,2,4,54,4,0,198,194
Mat South,Umzingwane  R.D.C,Umzingwane,Umzingwane,1,Zanqaweni Pre School,School,4,143,1,12,85,3,0,248,245
,,,,,,,,,,,,,,,
,,,,,,,,,,,,,,,
,,,,,,,,,,,,,,,
Mat South,Umzingwane  R.D.C,Umzingwane,Umzingwane,2,Sihlengeni Pry School,School,4,173,4,26,218,11,0,436,425
Mat South,Umzingwane  R.D.C,Umzingwane,Umzingwane,2,Siphezini Pry School,School,3,24,0,11,51,0,0,89,89
Mat South,Umzingwane  R.D.C,Umzingwane,Umzingwane,2,Siphezini Old Clinic,Tent,1,84,0,5,63,1,0,154,153
Mat South,Umzingwane  R.D.C,Umzingwane,Umzingwane,2,Nhlozamandla Pre School,School,8,111,2,13,114,6,0,254,248
,,,,,,,,,,,,,,,
,,,,,,,,,,,,,,,
Mat South,Umzingwane  R.D.C,Umzingwane,Umzingwane,3,Sikhoveni Pry School,School,7,106,2,28,149,10,0,302,292
Mat South,Umzingwane  R.D.C,Umzingwane,Umzingwane,3,Sikhoveni Sec School,School,1,51,1,13,88,1,0,155,154
Mat South,Umzingwane  R.D.C,Umzingwane,Umzingwane,3,Matshetshe Pry School,School,5,104,2,21,154,10,0,296,286
Mat South,Umzingwane  R.D.C,Umzingwane,Umzingwane,3,Mtshede Pry School,School,11,61,1,18,86,7,0,184,177
Mat South,Umzingwane  R.D.C,Umzingwane,Umzingwane,3,Mzinyathi  Pry School,School,1,64,0,15,83,11,0,174,163
Mat South,Umzingwane  R.D.C,Umzingwane,Umzingwane,3,Gongo Pre School,Tent,5,101,3,25,148,5,0,287,282
,,,,,,,,,,,,,,,
,,,,,,,,,,,,,,,
Mat South,Umzingwane  R.D.C,Umzingwane,Umzingwane,4,Bonjeni Pry School,School,0,99,2,10,123,3,0,237,234
Mat South,Umzingwane  R.D.C,Umzingwane,Umzingwane,4,Donyana Pry School,School,4,126,0,10,170,3,0,313,310
Mat South,Umzingwane  R.D.C,Umzingwane,Umzingwane,4,Nsezi Pry School,School,4,121,1,13,114,2,0,255,253
Mat South,Umzingwane  R.D.C,Umzingwane,Umzingwane,4,Mbingizwe Pry School,School,2,189,4,29,67,6,0,297,291
Mat South,Umzingwane  R.D.C,Umzingwane,Umzingwane,4,Mbingizwe Pre School,School,1,47,0,10,39,0,0,97,97
,,,,,,,,,,,,,,,
,,,,,,,,,,,,,,,
Mat South,Umzingwane  R.D.C,Umzingwane,Umzingwane,5,Mzinyathini Sec School,School,1,86,0,23,107,6,0,223,217
Mat South,Umzingwane  R.D.C,Umzingwane,Umzingwane,5,Mawabeni Pry School,School,19,136,4,75,261,7,0,502,495
Mat South,Umzingwane  R.D.C,Umzingwane,Umzingwane,5,Mlomolihoto Pry School,School,4,94,6,44,151,4,0,303,299
,,,,,,,,,,,,,,,
,,,,,,,,,,,,,,,
Mat South,Umzingwane  R.D.C,Umzingwane,Umzingwane,6,Nonkwane Pry School,School,6,74,0,23,201,2,0,306,304
Mat South,Umzingwane  R.D.C,Umzingwane,Umzingwane,6,Longfield Pry School,School,23,152,2,33,264,8,0,482,474
Mat South,Umzingwane  R.D.C,Umzingwane,Umzingwane,6,Nswazi Sec School,School,3,34,0,14,82,6,0,139,133
,,,,,,,,,,,,,,,
,,,,,,,,,,,,,,,
Mat South,Umzingwane  R.D.C,Umzingwane,Umzingwane,7,Nswazi Pry School,School,2,85,1,10,86,8,0,192,184
Mat South,Umzingwane  R.D.C,Umzingwane,Umzingwane,7,Mathendele Orap Centre,Tent,1,41,1,12,71,3,0,129,126
Mat South,Umzingwane  R.D.C,Umzingwane,Umzingwane,7,Sezhube Bus. Centre,Tent,2,95,0,10,137,6,0,250,244
Mat South,Umzingwane  R.D.C,Umzingwane,Umzingwane,7,Madlindevu Granding Mill,Tent,2,36,0,25,152,19,0,234,215
,,,,,,,,,,,,,,,
,,,,,,,,,,,,,,,
Mat South,Umzingwane  R.D.C,Umzingwane,Umzingwane,8,Tshalimbe Pry School,School,2,56,0,5,43,1,0,107,106
Mat South,Umzingwane  R.D.C,Umzingwane,Umzingwane,8,Shale Pry School,School,4,217,1,17,60,2,0,301,299
Mat South,Umzingwane  R.D.C,Umzingwane,Umzingwane,8,Zhilo Pry School,School,1,62,1,23,119,3,0,209,206
Mat South,Umzingwane  R.D.C,Umzingwane,Umzingwane,8,Diana's Pool Bus. Centre,Tent,2,81,0,10,82,2,0,177,175
,,,,,,,,,,,,,,,
,,,,,,,,,,,,,,,
Mat South,Umzingwane  R.D.C,Umzingwane,Umzingwane,10,Silobi Pry School,School,2,115,0,35,88,4,0,244,240
Mat South,Umzingwane  R.D.C,Umzingwane,Umzingwane,10,Sotsha Pry School,School,0,37,0,9,34,1,0,81,80
Mat South,Umzingwane  R.D.C,Umzingwane,Umzingwane,10,Mdinwa Hills,Tent,1,40,2,20,37,6,0,106,100
,,,,,,,,,,,,,,,
,,,,,,,,,,,,,,,
,,,,,,,,,,,,,,,
Mat South,Umzingwane  R.D.C,Umzingwane,Umzingwane,11,Dula Pry School,School,3,164,1,21,87,3,0,279,276
Mat South,Umzingwane  R.D.C,Umzingwane,Umzingwane,11,Impu Pry School,School,1,72,0,9,56,0,0,138,138
Mat South,Umzingwane  R.D.C,Umzingwane,Umzingwane,11,Sigiti Pry School,School,1,83,0,13,99,13,0,209,196
,,,,,,,,,,,,,,,
,,,,,,,,,,,,,,,
Mat South,Umzingwane  R.D.C,Umzingwane,Umzingwane,12,Kumbudzi Pry School,School,7,164,3,33,224,12,0,443,431
Mat South,Umzingwane  R.D.C,Umzingwane,Umzingwane,12,Munkula Pry School,School,2,19,1,12,74,4,0,112,108
Mat South,Umzingwane  R.D.C,Umzingwane,Umzingwane,12,Matolokisi Pre School,School,3,62,4,23,148,7,0,247,240
Mat South,Umzingwane  R.D.C,Umzingwane,Umzingwane,12,Bezha Sec. School,School,0,34,1,9,67,7,0,118,111
Mat South,Umzingwane  R.D.C,Umzingwane,Umzingwane,12,Bezha Pry School,School,1,22,0,5,106,2,0,136,134
,,,,,,,,,,,,,,,
,,,,,,,,,,,,,,,
Mat South,Umzingwane  R.D.C,Umzingwane,Umzingwane,13,Irrisvale Pry School,School,0,17,0,4,7,0,0,28,28
Mat South,Umzingwane  R.D.C,Umzingwane,Umzingwane,13,Irrisvale Old Clinic,Clinic,6,112,0,15,30,5,0,168,163
Mat South,Umzingwane  R.D.C,Umzingwane,Umzingwane,13,Village 4 Bus. Centre,Tent,2,82,0,6,42,4,0,136,132
Mat South,Umzingwane  R.D.C,Umzingwane,Umzingwane,13,Irrisvale Old People's Home,Building,2,44,1,14,60,2,0,123,121
,,,,,,,,,,,,,,,
,,,,,,,,,,,,,,,
Mat South,Umzingwane  R.D.C,Umzingwane,Umzingwane,14,Mpisini Pry School,School,15,218,5,14,55,7,0,314,307
Mat South,Umzingwane  R.D.C,Umzingwane,Umzingwane,14,Bayethe Pry School,School,5,142,0,3,19,10,0,179,169
Mat South,Umzingwane  R.D.C,Umzingwane,Umzingwane,14,Mvuthu Annex Sec School,School,5,147,1,2,17,5,0,177,172
Mat South,Umzingwane  R.D.C,Umzingwane,Umzingwane,14,Malungwane Pry School,School,1,145,0,3,1,8,0,158,150
Mat South,Umzingwane  R.D.C,Umzingwane,Umzingwane,14,Bafazi Dip Tank,Tent,2,113,1,1,8,3,0,128,125
,,,,,,,,,,,,,,,
,,,,,,,,,,,,,,,
Mat South,Umzingwane  R.D.C,Umzingwane,Umzingwane,15,Redrose Mine,Tent,0,39,2,4,62,2,0,109,107
Mat South,Umzingwane  R.D.C,Umzingwane,Umzingwane,15,Esigodini Pry School,School,0,52,1,7,43,2,0,105,103
Mat South,Umzingwane  R.D.C,Umzingwane,Umzingwane,15,Ncema Water Tanks,Tent,0,7,0,2,29,0,0,38,38
,,,,,,,,,,,,,,,
,,,,,,,,,,,,,,,
Mat South,Umzingwane  R.D.C,Umzingwane,Umzingwane,16,Mvuthu Pry School,School,2,213,0,11,142,8,0,376,368
Mat South,Umzingwane  R.D.C,Umzingwane,Umzingwane,16,Mvuthu Sec School,School,2,175,1,13,149,1,0,341,340
,,,,,,,,,,,,,,,
,,,,,,,,,,,,,,,
Mat South,Umzingwane  R.D.C,Umzingwane,Umzingwane,17,Mpofini Pry School,School,0,137,0,1,1,2,0,141,139
Mat South,Umzingwane  R.D.C,Umzingwane,Umzingwane,17,RDC Ground,Tent,6,182,1,27,113,12,0,341,329
Mat South,Umzingwane  R.D.C,Umzingwane,Umzingwane,17,Thelamanzi Kiosk,Tent,3,105,1,13,76,3,0,201,198
Mat South,Umzingwane  R.D.C,Umzingwane,Umzingwane,17,Esigodini Agric. College,School,0,34,0,2,22,0,0,58,58
,,,,,,,,,,,,,,,
,,,,,,,,,,,,,,,
Mat South,Umzingwane  R.D.C,Umzingwane,Umzingwane,18,How Mine Community Hall,Hall,8,148,2,20,746,10,0,934,924
Mat South,Umzingwane  R.D.C,Umzingwane,Umzingwane,18,Chapangali Wild Life,Tent,16,36,1,17,97,5,0,172,167
Mat South,Umzingwane  R.D.C,Umzingwane,Umzingwane,18,Nevada Bus. Centre,Tent,7,30,0,13,126,5,0,181,176
,,,,,,,,,,,,,,,
,,,,,,,,,,,,,,,
,,,,,,,,,,,,,,,
Mat South,Umzingwane  R.D.C,Umzingwane,Umzingwane ,19,Zimbili Pry School,School,4,180,0,8,23,7,0,222,215
Mat South,Umzingwane  R.D.C,Umzingwane,Umzingwane ,19,Glengrey Pry School,School,1,56,0,4,46,4,0,111,107
Mat South,Umzingwane  R.D.C,Umzingwane,Umzingwane ,19,Godlwayo Pry School,School,5,106,3,5,18,2,0,139,137
Mat South,Umzingwane  R.D.C,Umzingwane,Umzingwane,19,Ntabende Pry School,School,5,167,1,1,19,4,0,197,193
Mat South,Umzingwane  R.D.C,Umzingwane,Umzingwane,19,Carlisle Pry School,School,3,87,1,16,74,3,0,184,181
Mat South,Umzingwane  R.D.C,Umzingwane,Umzingwane,19,Sacred Heart Pry School,School,0,31,1,3,31,2,0,68,66
Mat South,Umzingwane  R.D.C,Umzingwane,Umzingwane,19,Fort Rixon Turn Off,Tent,2,141,0,2,19,2,0,166,164
,,,,,,,,,,,,,,,
Mat South,Umzingwane  R.D.C,Umzingwane,Umzingwane,20,Mbalabala Post Office,Tent,6,454,4,13,78,8,0,563,555
Mat South,Umzingwane  R.D.C,Umzingwane,Umzingwane,20,Portbury Homestead,Tent,0,69,0,2,11,5,0,87,82
Mat South,Umzingwane  R.D.C,Umzingwane,Umzingwane,20,Inyakuni Pry School,School,2,102,0,3,8,1,0,116,115
Mat South,Umzingwane  R.D.C,Umzingwane,Umzingwane,20,Enyema Village,Tent,1,41,0,1,2,0,0,45,45
