Province,Local Authority,District,CONSTITUENCY,"WardNo.",Polling Stations,Facility,"DabengwaDumiso ZAPU","Mugabe RobertGabriel ZANUPF","MukwazheMunodeiKisinoti ZDP","NcubeWelshmanMDC","TsvangirayiMorgan  MDC-T","Total VotesRejected","Ballot PaperUnaccounted for",Total Votes Cast,"Total Valid VotesCast"
Mat North,Binga RDC,Binga,Binga North,1,Sizemba Primary,School,9,151,0,15,180,26,0,381,355
Mat North,Binga RDC,Binga,Binga North,1,Luunga Primary,School,0,70,2,33,99,15,0,219,204
Mat North,Binga RDC,Binga,Binga North,1,Sinamusanga primary,School,5,247,2,25,156,21,0,456,435
Mat North,Binga RDC,Binga,Binga North,1,Mujere DDF Camp,Tent,0,10,1,2,10,2,0,25,23
Mat North,Binga RDC,Binga,Binga North,1,Nsengwa Camp,Tent,1,34,0,0,12,0,0,47,47
,,,,,,,,,,,,,,,
,,,,,,,,,,,,,,,
Mat North,Binga RDC,Binga,Binga North,2,Siabuwa Primary,School,4,160,2,27,155,18,0,366,348
Mat North,Binga RDC,Binga,Binga North,2,"Chabwidi BusinessCentre",Tent,1,205,1,1,31,32,0,271,239
Mat North,Binga RDC,Binga,Binga North,2,Kalonga Primary,School,4,22,5,42,277,22,0,372,350
Mat North,Binga RDC,Binga,Binga North,2,"Nakasako CommunityCentre",Tent,5,25,3,11,168,12,0,224,212
Mat North,Binga RDC,Binga,Binga North,2,Siabuwa High,School,6,78,6,23,167,24,0,304,280
,,,,,,,,,,,,,,,
,,,,,,,,,,,,,,,
Mat North,Binga RDC,Binga,Binga North,3,Nagangala  Primary,School,14,80,10,39,301,27,0,471,444
Mat North,Binga RDC,Binga,Binga North,3,Sinampande Primary,School,7,122,1,31,318,68,0,547,479
Mat North,Binga RDC,Binga,Binga North,3,Zuulangubo Store,Tent,7,57,4,19,276,19,0,382,363
Mat North,Binga RDC,Binga,Binga North,3,Nsambala,Community Centr,3,28,2,27,177,14,0,251,237
,,,,,,,,,,,,,,,
,,,,,,,,,,,,,,,
Mat North,Binga RDC,Binga,Binga North,4,Mucheni Primary,School,1,25,5,43,306,13,0,393,380
Mat North,Binga RDC,Binga,Binga North,4,Sinansengwe Primary,School,2,30,4,32,254,45,0,367,322
Mat North,Binga RDC,Binga,Binga North,4,"Sinansengwe BusinessCentre",Tent,1,31,3,10,49,15,0,109,94
Mat North,Binga RDC,Binga,Binga North,4,Chitete II Primary,School,0,17,0,10,75,1,0,103,102
,,,,,,,,,,,,,,,
,,,,,,,,,,,,,,,
Mat North,Binga RDC,Binga,Binga North,5,Nsenga Pry,School,0,255,4,27,297,22,0,605,583
Mat North,Binga RDC,Binga,Binga North,5,Chininga Pry,School,2,96,1,12,221,30,0,362,332
Mat North,Binga RDC,Binga,Binga North,5,Dongamuse Pry,School,1,71,2,5,318,5,0,402,397
Mat North,Binga RDC,Binga,Binga North,5,Nsungwale Pry,School,2,53,2,25,155,36,0,273,237
,,,,,,,,,,,,,,,
,,,,,,,,,,,,,,,
Mat North,Binga RDC,Binga,Binga North,6,Samende Pry,School,4,63,2,37,407,47,0,560,513
Mat North,Binga RDC,Binga,Binga North,6,Manjolo Secondary,School,1,31,2,22,291,12,0,359,347
Mat North,Binga RDC,Binga,Binga North,6,Musenampongo Pry,School,3,15,0,23,244,24,0,309,285
Mat North,Binga RDC,Binga,Binga North,6,Damba Pry,School,0,34,4,40,298,11,0,387,376
Mat North,Binga RDC,Binga,Binga North,6,Manjolo Creche,Pre School,1,41,1,14,385,16,0,458,442
,,,,,,,,,,,,,,,
,,,,,,,,,,,,,,,
Mat North,Binga RDC,Binga,Binga North,7,Manjolo Pry,School,3,163,4,17,269,46,0,502,456
Mat North,Binga RDC,Binga,Binga North,7,Miita Community Centre,Tent,3,140,2,25,164,17,0,351,334
Mat North,Binga RDC,Binga,Binga North,7,Bulawayo Kraal Pry,School,6,175,10,37,273,33,0,534,501
Mat North,Binga RDC,Binga,Binga North,7,Nalubuyu Social Centre,Tent,3,87,2,7,172,15,0,286,271
,,,,,,,,,,,,,,,
,,,,,,,,,,,,,,,
,,,,,,,,,,,,,,,
Mat North,Binga RDC,Binga,Binga North,8,Simatelele Pry,School,5,108,8,35,411,13,0,580,567
Mat North,Binga RDC,Binga,Binga North,8,"Sebungwe MouthPrimary",School,3,16,2,19,263,12,0,315,303
Mat North,Binga RDC,Binga,Binga North,8,"Simatelele Fishing CampTurn-off",Tent,3,46,5,21,317,29,0,421,392
,,,,,,,,,,,,,,,
,,,,,,,,,,,,,,,
Mat North,Binga RDC,Binga,Binga North,9,Sianzyundu Secondary,School,2,278,4,26,554,23,0,887,864
Mat North,Binga RDC,Binga,Binga North,9,"Ndalisanga BusinessCentre",Tent,1,117,1,11,320,31,0,481,450
Mat North,Binga RDC,Binga,Binga North,9,Junamina Pry,School,0,107,1,17,186,27,0,338,311
Mat North,Binga RDC,Binga,Binga North,9,"Mangani BusinessCentre",Tent,0,148,0,13,284,39,0,484,445
Mat North,Binga RDC,Binga,Binga North,9,D D F Pool  Camp,Tent,1,35,0,13,137,12,0,198,186
,,,,,,,,,,,,,,,
,,,,,,,,,,,,,,,
Mat North,Binga RDC,Binga,Binga North,10,Siachilaba  Pry,School,1,68,4,31,405,17,0,526,509
Mat North,Binga RDC,Binga,Binga North,10,Gaza Pry,School,0,32,1,15,299,12,0,359,347
Mat North,Binga RDC,Binga,Binga North,10,Bunsiwa,Pre School,3,48,0,11,225,18,0,305,287
Mat North,Binga RDC,Binga,Binga North,10,Nkalange prop clinic,Tent,1,43,1,6,118,30,0,199,169
,,,,,,,,,,,,,,,
,,,,,,,,,,,,,,,
Mat North,Binga RDC,Binga,Binga North,11,Lubu Primary,School,4,102,3,16,252,24,0,401,377
Mat North,Binga RDC,Binga,Binga North,11,Lubu Business Centre,Tent,2,183,6,15,207,12,0,425,413
Mat North,Binga RDC,Binga,Binga North,11,"Clean Water CommunityCentre",Tent,0,46,2,8,89,4,0,149,145
Mat North,Binga RDC,Binga,Binga North,11,Chilelema Pry,School,1,60,3,13,232,28,0,337,309
,,,,,,,,,,,,,,,
,,,,,,,,,,,,,,,
Mat North,Binga RDC,Binga,Binga North,12,Muchesu Primary,School,4,191,5,21,312,10,0,543,533
Mat North,Binga RDC,Binga,Binga North,12,Maacha -Pre school,Tent,1,31,1,4,140,4,0,181,177
Mat North,Binga RDC,Binga,Binga North,12,Manchinga,Tent,5,82,1,10,153,10,0,261,251
,,,,,,,,,,,,,,,
,,,,,,,,,,,,,,,
Mat North,Binga RDC,Binga,Binga North,22,Siamupa Primary,School,13,263,5,37,364,39,0,721,682
Mat North,Binga RDC,Binga,Binga North,22,Sinamwenda Pry,School,4,107,0,6,95,14,0,226,212
,,,,,,,,,,,,,,,
,,,,,,,,,,,,,,,
Mat North,Binga RDC,Binga,Binga North,23,Kalungwizi Pry,School,9,131,3,60,298,27,0,528,501
Mat North,Binga RDC,Binga,Binga North,23,Malube Pry,School,2,104,5,29,326,14,0,480,466
Mat North,Binga RDC,Binga,Binga North,23,Mulambe Pry,School,3,82,9,54,221,46,0,415,369
Mat North,Binga RDC,Binga,Binga North,23,Kkumbu Pry,School,1,84,7,22,82,14,0,210,196
,,,,,,,,,,,,,,,
,,,,,,,,,,,,,,,
,,,,,,,,,,,,,,,
Mat North,Binga RDC,Binga,Binga North,24,Binga Library,Public Office,2,174,1,8,227,7,0,419,412
Mat North,Binga RDC,Binga,Binga North,24,Binga High,School,3,88,1,12,217,6,0,327,321
Mat North,Binga RDC,Binga,Binga North,24,Binga Pry,School,3,128,2,9,159,14,0,315,301
Mat North,Binga RDC,Binga,Binga North,24,Kulizwe Lodge,Shed,4,48,1,12,140,7,0,212,205
Mat North,Binga RDC,Binga,Binga North,24,Twiite Fishing Camp,Tent,0,15,0,7,53,5,0,80,75
,,,,,,,,,,,,,,,
,,,,,,,,,,,,,,,
,,,,,,,,,,,,,,,
,,,,,,,,,,,,,,,
Mat North,Binga RDC,Binga,Binga South,13,Saba Pry,School,6,155,3,22,306,16,0,508,492
Mat North,Binga RDC,Binga,Binga South,13,Mupambe Pry,School,1,62,2,8,290,16,0,379,363
Mat North,Binga RDC,Binga,Binga South,13,Mlibizi Nat Park,Shed,0,56,2,8,54,4,0,124,120
Mat North,Binga RDC,Binga,Binga South,13,"Cross Chamber BusinessCentre Ndalipeda",Tent,1,166,6,10,249,22,0,454,432
,,,,,,,,,,,,,,,
,,,,,,,,,,,,,,,
Mat North,Binga RDC,Binga,Binga South,14,Mulindi Pry,School,3,33,4,30,274,12,0,356,344
Mat North,Binga RDC,Binga,Binga South,14,Pashu Pry,School,16,189,11,41,479,20,0,756,736
Mat North,Binga RDC,Binga,Binga South,14,Cross Sikomena Pry,School,3,106,7,28,85,4,0,233,229
Mat North,Binga RDC,Binga,Binga South,14,Musazi Pry,School,22,133,7,35,102,13,0,312,299
Mat North,Binga RDC,Binga,Binga South,14,Chinonge Pry,School,3,55,8,52,264,7,0,389,382
Mat North,Binga RDC,Binga,Binga South,14,Siadindi Pry,School,9,108,1,46,239,10,0,413,403
Mat North,Binga RDC,Binga,Binga South,14,Nakapande Pry,School,3,65,2,13,103,6,0,192,186
Mat North,Binga RDC,Binga,Binga South,14,Muunde Pry,School,2,33,4,23,177,8,0,247,239
Mat North,Binga RDC,Binga,Binga South,14,Mabobolo Pry,School,7,92,5,52,284,21,0,461,440
Mat North,Binga RDC,Binga,Binga South,14,Kamalumbu Pry,School,0,25,1,3,46,1,0,76,75
Mat North,Binga RDC,Binga,Binga South,14,Simaliza pry,School,0,11,0,7,26,0,0,44,44
Mat North,Binga RDC,Binga,Binga South,14,Sichitumba Pry,School,24,141,0,13,52,10,0,240,230
Mat North,Binga RDC,Binga,Binga South,14,Kayongolo Pry,School,2,16,1,11,63,1,0,94,93
,,,,,,,,,,,,,,,
,,,,,,,,,,,,,,,
Mat North,Binga RDC,Binga,Binga South,15,Kariangwe High,School,3,198,3,25,373,30,0,632,602
Mat North,Binga RDC,Binga,Binga South,15,Siansali Primary,School,4,69,6,12,196,30,0,317,287
Mat North,Binga RDC,Binga,Binga South,15,Manseme Pry,School,0,30,3,28,333,35,0,429,394
Mat North,Binga RDC,Binga,Binga South,15,Mbelele Centre,Tent,3,47,2,22,189,6,0,269,263
,,,,,,,,,,,,,,,
,,,,,,,,,,,,,,,
Mat North,Binga RDC,Binga,Binga South,16,Sianungu,Tent,1,59,4,19,336,10,0,429,419
Mat North,Binga RDC,Binga,Binga South,16,Tobwe Pry,School,4,69,5,45,401,6,0,530,524
Mat North,Binga RDC,Binga,Binga South,16,Gwatagwata Pry,School,13,76,4,31,177,13,0,314,301
,,,,,,,,,,,,,,,
,,,,,,,,,,,,,,,
,,,,,,,,,,,,,,,
Mat North,Binga RDC,Binga,Binga South,17,Lusulu High,School,10,191,5,43,204,7,0,460,453
Mat North,Binga RDC,Binga,Binga South,17,Kabuba Pry,School,11,131,11,57,312,9,0,531,522
Mat North,Binga RDC,Binga,Binga South,17,Sinamagonde Pry,School,9,133,5,35,128,30,0,340,310
Mat North,Binga RDC,Binga,Binga South,17,Nakaluba Pry,School,3,116,5,78,371,17,0,590,573
Mat North,Binga RDC,Binga,Binga South,17,Chuuzya Pry,School,8,121,4,40,324,11,0,508,497
Mat North,Binga RDC,Binga,Binga South,17,Springs Centre,School,3,92,3,16,56,7,0,177,170
Mat North,Binga RDC,Binga,Binga South,17,Dambwabansaka Comm,nTietyn tCentre,3,57,2,29,109,8,0,208,200
Mat North,Binga RDC,Binga,Binga South,17,Nsonkwa Pry,School,5,66,2,33,188,37,0,331,294
,,,,,,,,,,,,,,,
,,,,,,,,,,,,,,,
,,,,,,,,,,,,,,,
Mat North,Binga RDC,Binga,Binga South,18,Old Tinde Road Turn Off,Tent,1,62,0,14,153,22,0,252,230
Mat North,Binga RDC,Binga,Binga South,18,Tinde Primary,School,12,180,2,39,320,18,0,571,553
Mat North,Binga RDC,Binga,Binga South,18,Simbala Primary,School,3,43,0,13,312,20,0,391,371
Mat North,Binga RDC,Binga,Binga South,18,Manzasiya Bus Stop,Tent,1,30,2,11,69,9,0,122,113
,,,,,,,,,,,,,,,
,,,,,,,,,,,,,,,
Mat North,Binga RDC,Binga,Binga South,19,Chinego Pry,School,23,128,5,61,439,35,0,691,656
Mat North,Binga RDC,Binga,Binga South,19,Malaliya Pry,School,3,71,5,14,234,10,0,337,327
Mat North,Binga RDC,Binga,Binga South,19,Dungu  Business Centre,Tent,10,52,3,16,108,26,0,215,189
Mat North,Binga RDC,Binga,Binga South,19,Manyanda Pry,School,11,127,7,52,310,26,0,533,507
,,,,,,,,,,,,,,,
,,,,,,,,,,,,,,,
Mat North,Binga RDC,Binga,Binga South,20,Lubimbi I Pry,School,2,108,4,34,348,19,0,515,496
Mat North,Binga RDC,Binga,Binga South,20,Lubimbi II pry,School,0,42,3,29,178,16,0,268,252
Mat North,Binga RDC,Binga,Binga South,20,Lubimbi Business Centre,Tent,4,36,3,28,280,14,0,365,351
Mat North,Binga RDC,Binga,Binga South,20,Kamombo Primary,School,12,59,4,53,193,18,0,339,321
Mat North,Binga RDC,Binga,Binga South,20,Kavunikwa Primary,Tent,1,21,0,22,119,10,0,173,163
,,,,,,,,,,,,,,,
,,,,,,,,,,,,,,,
Mat North,Binga RDC,Binga,Binga South,21,Chibila Pry,School,35,191,9,68,189,7,0,499,492
Mat North,Binga RDC,Binga,Binga South,21,Chipale Pry,School,5,158,7,34,280,22,0,506,484
Mat North,Binga RDC,Binga,Binga South,21,Gwangwaliba Pry,School,4,211,4,26,164,10,0,419,409
Mat North,Binga RDC,Binga,Binga South,21,Zumanana Pry,School,12,143,5,29,115,12,0,316,304
Mat North,Binga RDC,Binga,Binga South,21,Chabuya  Primary,School,6,119,1,17,37,0,0,180,180
Mat North,Binga RDC,Binga,Binga South,21,Chisizya Primary,School,6,288,2,13,18,14,0,341,327
Mat North,Binga RDC,Binga,Binga South,21,Bemsee Pry,School,1,84,2,25,161,7,0,280,273
Mat North,Binga RDC,Binga,Binga South,21,"Mandimoni BusinessCentre",Tent,8,209,9,29,92,57,0,404,347
Mat North,Binga RDC,Binga,Binga South,21,"Zyakamana BusinessCentre",Tent,4,89,3,7,78,8,0,189,181
Mat North,Binga RDC,Binga,Binga South,21,Kkokkoloza Primary,School,1,139,3,19,82,8,0,252,244
Mat North,Binga RDC,Binga,Binga South,21,Ntivule East Primary,School,1,10,1,1,4,0,0,17,17
Mat North,Binga RDC,Binga,Binga South,21,Ntivule West Primary,School,2,25,2,4,15,3,0,51,48
,,,,,,,,,,,,,,,
,,,,,,,,,,,,,,,
,,,,,,,,,,,,,,,
Mat North,Binga RDC,Binga,Binga South,25,Lubanda Pry,School,5,56,0,13,350,12,0,436,424
Mat North,Binga RDC,Binga,Binga South,25,Katete Pry,School,1,10,2,6,145,5,0,169,164
Mat North,Binga RDC,Binga,Binga South,25,Chasamba,Tent,4,35,1,6,216,8,0,270,262
Mat North,Binga RDC,Binga,Binga South,25,Makunku,Tent,2,116,3,14,230,13,0,378,365
,,,,,,,,,,,,,,,
,,,,,,,,,,,,,,,
,,,,,,,,,,,,,,,
,,,,,,,,,,,,,,,
Mat North,Bubi RDC,Bubi,Bubi,1,Makhosini Primary,School,4,354,0,13,25,5,0,401,396
Mat North,Bubi RDC,Bubi,Bubi,1,Enaleni Pry,School,1,215,0,1,15,6,0,238,232
Mat North,Bubi RDC,Bubi,Bubi,1,Abantukuqala Primary,Tent,1,178,0,0,5,4,0,188,184
Mat North,Bubi RDC,Bubi,Bubi,1,Lonely Mine Hall,Hall,1,72,0,2,19,4,0,98,94
Mat North,Bubi RDC,Bubi,Bubi,1,Daburn Mine,Tent,2,82,0,4,54,15,0,157,142
,,,,,,,,,,,,,,,
,,,,,,,,,,,,,,,
Mat North,Bubi RDC,Bubi,Bubi,2,Lukala Pry,School,8,168,3,36,142,35,0,392,357
Mat North,Bubi RDC,Bubi,Bubi,2,Siganda RG Sub Office,Tent,0,10,0,7,84,7,0,108,101
Mat North,Bubi RDC,Bubi,Bubi,2,Siganda Primary,School,4,32,0,28,156,12,0,232,220
,,,,,,,,,,,,,,,
,,,,,,,,,,,,,,,
Mat North,Bubi RDC,Bubi,Bubi,3,Mbembeswana I Pry,School,9,325,6,63,388,30,0,821,791
Mat North,Bubi RDC,Bubi,Bubi,3,Bambanani Pry,School,1,34,0,15,65,4,0,119,115
Mat North,Bubi RDC,Bubi,Bubi,3,"Molo WejiwaHomestead",Tent,1,15,1,5,28,1,0,51,50
,,,,,,,,,,,,,,,
,,,,,,,,,,,,,,,
Mat North,Bubi RDC,Bubi,Bubi,4,Majiji Primary,School,7,283,3,46,323,19,0,681,662
Mat North,Bubi RDC,Bubi,Bubi,4,Kokolombeni Primary,School,3,118,0,21,194,29,0,365,336
,,,,,,,,,,,,,,,
,,,,,,,,,,,,,,,
Mat North,Bubi RDC,Bubi,Bubi,5,Ntobi Primary,School,4,116,1,10,87,9,0,227,218
Mat North,Bubi RDC,Bubi,Bubi,5,Ntobi Borehole,Tent,0,112,3,12,76,10,0,213,203
,,,,,,,,,,,,,,,
,,,,,,,,,,,,,,,
Mat North,Bubi RDC,Bubi,Bubi,6,Hauke Primary,School,3,14,0,2,21,3,0,43,40
,,,,,,,,,,,,,,,
,,,,,,,,,,,,,,,
Mat North,Bubi RDC,Bubi,Bubi,7,Hauke Project Centre,Tent,4,84,1,25,167,7,0,288,281
Mat North,Bubi RDC,Bubi,Bubi,7,Dulutsha Primary,School,4,76,0,43,144,19,0,286,267
Mat North,Bubi RDC,Bubi,Bubi,7,Siganda DDF Rest Camp,Tent,2,56,2,15,148,9,0,232,223
Mat North,Bubi RDC,Bubi,Bubi,7,Emkhonyeni Primary,School,0,51,1,6,17,4,0,79,75
,,,,,,,,,,,,,,,
,,,,,,,,,,,,,,,
,,,,,,,,,,,,,,,
Mat North,Bubi RDC,Bubi,Bubi,8,Balanda Primary,School,3,198,1,13,122,15,0,352,337
,,,,,,,,,,,,,,,
,,,,,,,,,,,,,,,
Mat North,Bubi RDC,Bubi,Bubi,9,Sijauke Primary,School,1,75,1,7,139,7,0,230,223
Mat North,Bubi RDC,Bubi,Bubi,9,Intuthuko Primary,School,0,41,0,0,24,3,0,68,65
,,,,,,,,,,,,,,,
,,,,,,,,,,,,,,,
Mat North,Bubi RDC,Bubi,Bubi,10,Tshayile Primary,Tent,2,156,0,1,8,3,0,170,167
Mat North,Bubi RDC,Bubi,Bubi,10,Queens Mine Primary,School,7,170,0,19,219,17,0,432,415
Mat North,Bubi RDC,Bubi,Bubi,10,Ezintsheni Farm,Tent,0,47,1,0,9,2,0,59,57
,,,,,,,,,,,,,,,
,,,,,,,,,,,,,,,
Mat North,Bubi RDC,Bubi,Bubi,11,Lortondale Primary,School,9,73,2,19,123,6,0,232,226
Mat North,Bubi RDC,Bubi,Bubi,11,Loziba Primary,School,8,286,4,29,156,15,0,498,483
Mat North,Bubi RDC,Bubi,Bubi,11,Tatazela Hall,Hall,13,306,5,26,310,17,0,677,660
,,,,,,,,,,,,,,,
,,,,,,,,,,,,,,,
Mat North,Bubi RDC,Bubi,Bubi,12,Mvundla Primary,Tent,4,143,1,9,23,3,0,183,180
Mat North,Bubi RDC,Bubi,Bubi,12,Dromoland Primary,School,12,117,1,20,100,11,0,261,250
Mat North,Bubi RDC,Bubi,Bubi,12,Mambo Primary,School,4,94,1,6,10,2,0,117,115
Mat North,Bubi RDC,Bubi,Bubi,12,Nsangu Primary,School,6,75,2,2,10,3,0,98,95
Mat North,Bubi RDC,Bubi,Bubi,12,Shemars Farm,Tent,0,46,0,1,11,2,0,60,58
Mat North,Bubi RDC,Bubi,Bubi,12,Fairburns Primary,School,1,146,0,3,11,1,0,162,161
Mat North,Bubi RDC,Bubi,Bubi,12,Dysart Homestead,Tent,0,28,0,1,5,1,0,35,34
,,,,,,,,,,,,,,,
,,,,,,,,,,,,,,,
Mat North,Bubi RDC,Bubi,Bubi,13,Gloag Primary,School,5,227,1,11,39,4,0,287,283
Mat North,Bubi RDC,Bubi,Bubi,13,Clonmore Homestead,Tent,3,103,0,3,9,7,0,125,118
Mat North,Bubi RDC,Bubi,Bubi,13,Allendale C,Tent,7,47,0,4,2,3,0,63,60
Mat North,Bubi RDC,Bubi,Bubi,13,Battlefield Primary,School,15,147,3,19,41,7,0,232,225
,,,,,,,,,,,,,,,
,,,,,,,,,,,,,,,
Mat North,Bubi RDC,Bubi,Bubi,14,Majankila Primary,School,5,98,0,8,12,4,0,127,123
Mat North,Bubi RDC,Bubi,Bubi,14,Pedis Valley,Tent,0,47,0,3,7,2,0,59,57
Mat North,Bubi RDC,Bubi,Bubi,14,Rosebank Store,Tent,0,51,0,6,20,3,0,80,77
Mat North,Bubi RDC,Bubi,Bubi,14,Esipikeni Primary,School,3,159,0,7,12,10,0,191,181
,,,,,,,,,,,,,,,
,,,,,,,,,,,,,,,
Mat North,Bubi RDC,Bubi,Bubi,15,Emhlangeni Primary,School,8,212,3,40,264,35,0,562,527
,,,,,,,,,,,,,,,
,,,,,,,,,,,,,,,
Mat North,Bubi RDC,Bubi,Bubi,16,Inkosikazi Primary,School,3,115,6,22,270,17,9,433,416
,,,,,,,,,,,,,,,
,,,,,,,,,,,,,,,
,,,,,,,,,,,,,,,
Mat North,Bubi RDC,Bubi,Bubi,17,Jiba Primary,School,5,135,1,30,175,9,0,355,346
Mat North,Bubi RDC,Bubi,Bubi,17,Sishawe Pry,School,1,100,0,9,50,8,0,168,160
,,,,,,,,,,,,,,,
,,,,,,,,,,,,,,,
Mat North,Bubi RDC,Bubi,Bubi,18,Bembesi Primary,School,4,63,2,13,123,8,0,213,205
Mat North,Bubi RDC,Bubi,Bubi,18,Mbembeswana 2 Pry,School,1,76,2,18,212,9,0,318,309
Mat North,Bubi RDC,Bubi,Bubi,18,Molo Primary,Tent,2,56,5,12,73,6,0,154,148
,,,,,,,,,,,,,,,
,,,,,,,,,,,,,,,
Mat North,Bubi RDC,Bubi,Bubi,19,Lukona Primary,Tent,8,129,0,21,198,14,0,370,356
Mat North,Bubi RDC,Bubi,Bubi,19,Longwe Primary,School,4,89,2,19,104,14,0,232,218
,,,,,,,,,,,,,,,
,,,,,,,,,,,,,,,
Mat North,Bubi RDC,Bubi,Bubi,20,"Goodwood MagetsiniStore",Tent,6,219,1,4,26,6,0,262,256
Mat North,Bubi RDC,Bubi,Bubi,20,Thuthukani Primary,Tent,2,154,0,2,8,2,0,168,166
Mat North,Bubi RDC,Bubi,Bubi,20,Zamani Primary,Tent,1,242,1,0,9,10,0,263,253
Mat North,Bubi RDC,Bubi,Bubi,20,Joshua Mqabuko Nkomo,School,2,69,1,3,18,2,0,95,93
Mat North,Bubi RDC,Bubi,Bubi,20,Pengwani Pry,School,5,238,0,0,25,6,0,274,268
Mat North,Bubi RDC,Bubi,Bubi,20,Mdutshane Primary,School,2,243,0,1,18,12,2,276,264
,,,,,,,,,,,,,,,
,,,,,,,,,,,,,,,
Mat North,Bubi RDC,Bubi,Bubi,21,Emhlabathini Primary,Tent,4,383,1,4,8,5,0,405,400
Mat North,Bubi RDC,Bubi,Bubi,21,Swati,Hall,1,197,0,2,18,3,0,221,218
Mat North,Bubi RDC,Bubi,Bubi,21,Ehlatin Farm,School,3,144,0,0,7,2,0,156,154
Mat North,Bubi RDC,Bubi,Bubi,21,Alfaalfa Primary,Tent,2,176,0,4,15,4,0,201,197
Mat North,Bubi RDC,Bubi,Bubi,21,Lion's Lodge,Tent,5,154,0,1,3,3,0,166,163
Mat North,Bubi RDC,Bubi,Bubi,21,Dollar Block Farm House,School,2,178,0,0,17,6,0,203,197
Mat North,Bubi RDC,Bubi,Bubi,21,Thame Primary,School,7,344,1,5,16,9,0,382,373
,,,,,,,,,,,,,,,
,,,,,,,,,,,,,,,
Mat North,Bubi RDC,Bubi,Bubi,22,Elitsheni Primary,Tent,2,72,1,4,15,4,0,98,94
Mat North,Bubi RDC,Bubi,Bubi,22,Central Store,School,4,68,0,1,33,2,0,108,106
Mat North,Bubi RDC,Bubi,Bubi,22,Turkmine Primary,Tent,8,235,5,33,364,36,0,681,645
Mat North,Bubi RDC,Bubi,Bubi,22,Mary Ellen Farm,School,4,54,3,6,46,12,0,125,113
,,,,,,,,,,,,,,,
,,,,,,,,,,,,,,,
Mat North,Bubi RDC,Bubi,Bubi,23,Mucklenuck Primary,School,4,215,0,4,23,14,0,260,246
Mat North,Bubi RDC,Bubi,Bubi,23,Mavikaneni Primary,School,3,170,2,7,14,3,0,199,196
Mat North,Bubi RDC,Bubi,Bubi,23,Famona House,House,4,181,0,2,15,4,0,206,202
Mat North,Bubi RDC,Bubi,Bubi,23,Gravesand House,Tent,2,93,0,3,14,4,0,116,112
,,,,,,,,,,,,,,,
,,,,,,,,,,,,,,,
,,,,,,,,,,,,,,,
Mat North,Umguza RDC,Umguza,Bubi,3,Emqwashini Pry,School,19,131,0,30,204,17,0,401,384
Mat North,Umguza RDC,Umguza,Bubi,3,Maqaqeni Pry,School,7,22,0,14,112,6,0,161,155
Mat North,Umguza RDC,Umguza,Bubi,3,Cameroon Pry,School,19,243,2,71,249,29,1,613,584
,,,,,,,,,,,,,,,
,,,,,,,,,,,,,,,
Mat North,Umguza RDC,Umguza,Bubi,10,Dundubala Primary,School,1,230,1,4,9,3,0,248,245
Mat North,Umguza RDC,Umguza,Bubi,10,Sawmill Primary,School,6,86,3,17,74,17,0,203,186
Mat North,Umguza RDC,Umguza,Bubi,10,Mindora Farm,Tent,3,101,0,4,2,3,0,113,110
Mat North,Umguza RDC,Umguza,Bubi,10,Peri 1Creche,Tent,2,25,1,12,22,0,0,62,62
,,,,,,,,,,,,,,,
,,,,,,,,,,,,,,,
Mat North,Umguza RDC,Umguza,Bubi,11,Mqabuko Primary,Tent,1,32,1,3,31,1,0,69,68
Mat North,Umguza RDC,Umguza,Bubi,11,Mathabiswana Primary,Tent,4,29,0,65,176,3,0,277,274
Mat North,Umguza RDC,Umguza,Bubi,11,Sigonde Primary,School,0,115,1,5,132,20,0,273,253
Mat North,Umguza RDC,Umguza,Bubi,11,Hlanganani Primary,School,9,116,2,19,143,20,0,309,289
Mat North,Umguza RDC,Umguza,Bubi,11,Chithekani Primary,School,5,66,3,24,136,10,0,244,234
Mat North,Umguza RDC,Umguza,Bubi,11,Upper Tobotobo,School,1,26,1,2,30,0,0,60,60
,,,,,,,,,,,,,,,
,,,,,,,,,,,,,,,
Mat North,Umguza RDC,Umguza,Bubi,17,Maraposa Pry,School,30,84,0,5,19,4,0,142,138
Mat North,Umguza RDC,Umguza,Bubi,17,Lozikeyi Pre-Sc,Tent,4,58,0,0,4,0,0,66,66
Mat North,Umguza RDC,Umguza,Bubi,17,Majindane Pry,School,19,83,0,4,15,4,0,125,121
,,,,,,,,,,,,,,,
,,,,,,,,,,,,,,,
,,,,,,,,,,,,,,,
,,,,,,,,,,,,,,,
Mat North,Hwange Local Boa,Hdwange,Hwange Central,1,ZECO Mess,Hall,0,91,0,3,175,5,0,274,269
Mat North,Hwange Local Boa,Hdwange,Hwange Central,1,"Early ChildhoodDevelopment Centre",PreSchool,0,54,0,6,163,10,0,233,223
,,,,,,,,,,,,,,,
,,,,,,,,,,,,,,,
Mat North,Hwange Local Boa,Hdwange,Hwange Central,2,Mlizani Pre-school,Pre School,0,26,0,2,90,1,0,119,118
Mat North,Hwange Local Boa,Hdwange,Hwange Central,2,Popeye Pre-school,Pre School,0,25,0,0,70,0,0,95,95
,,,,,,,,,,,,,,,
,,,,,,,,,,,,,,,
Mat North,Hwange Local Boa,Hdwange,Hwange Central,3,Megawatt Primary,School,0,57,0,2,230,3,0,292,289
Mat North,Hwange Local Boa,Hdwange,Hwange Central,3,"Ministry of TransportOffices",Offices,0,23,1,0,36,0,0,60,60
,,,,,,,,,,,,,,,
,,,,,,,,,,,,,,,
Mat North,Hwange Local Boa,Hdwange,Hwange Central,4,Chilisa Secondary School,School,1,37,0,1,71,2,0,112,110
Mat North,Hwange Local Boa,Hdwange,Hwange Central,4,Nechibondo Primary,School,2,72,0,11,157,0,0,242,242
,,,,,,,,,,,,,,,
,,,,,,,,,,,,,,,
,,,,,,,,,,,,,,,
Mat North,Hwange Local Boa,Hdwange,Hwange Central,5,"Empumalanga HousingOffice",School,0,70,0,6,169,3,0,248,245
Mat North,Hwange Local Boa,Hdwange,Hwange Central,5,Old Empumalanga Clinic,School,1,59,1,7,167,2,0,237,235
,,,,,,,,,,,,,,,
,,,,,,,,,,,,,,,
Mat North,Hwange Local Boa,Hdwange,Hwange Central,6,DRC Shopping Centre,School,1,148,1,6,287,9,0,452,443
Mat North,Hwange Local Boa,Hdwange,Hwange Central,6,Empumalanga Terminus,School,0,150,1,12,325,7,0,495,488
,,,,,,,,,,,,,,,
,,,,,,,,,,,,,,,
Mat North,Hwange Local Boa,Hdwange,Hwange Central,7,"Open Space SinamatelaRoad Turn off",Tent,1,323,0,1,21,2,0,348,346
Mat North,Hwange Local Boa,Hdwange,Hwange Central,7,Mbarira Railway Station,Tent,4,644,0,4,128,10,0,790,780
,,,,,,,,,,,,,,,
,,,,,,,,,,,,,,,
Mat North,Hwange Local Boa,Hdwange,Hwange Central,8,"Coalfields PrimarySchool",School,0,19,1,3,83,0,0,106,106
Mat North,Hwange Local Boa,Hdwange,Hwange Central,8,Thomas Coulter Primary,School,1,61,0,8,252,1,0,323,322
Mat North,Hwange Local Boa,Hdwange,Hwange Central,8,"Open space oppHwange Hospital",Tent,1,62,0,11,282,0,0,356,356
,,,,,,,,,,,,,,,
,,,,,,,,,,,,,,,
Mat North,Hwange Local Boa,Hdwange,Hwange Central,9,St. Ignatius Primary,School,4,74,2,20,695,10,0,805,795
Mat North,Hwange Local Boa,Hdwange,Hwange Central,9,Lwendulu Hall,Hall,2,68,0,15,584,3,0,672,669
Mat North,Hwange Local Boa,Hdwange,Hwange Central,9,"Open Space opp. PowerSales No. 1 P/Section",Tent,0,61,2,13,557,9,0,642,633
,,,,,,,,,,,,,,,
,,,,,,,,,,,,,,,
Mat North,Hwange Local Boa,Hdwange,Hwange Central,10,Mabinga Primary School,School,1,93,1,11,378,5,0,489,484
Mat North,Hwange Local Boa,Hdwange,Hwange Central,10,"Cinderella OldElectroreps Camp",Tent,0,47,0,6,279,11,0,343,332
,,,,,,,,,,,,,,,
,,,,,,,,,,,,,,,
Mat North,Hwange Local Boa,Hdwange,Hwange Central,11,"Sir Humphrey GibbsPrimary",School,0,30,1,14,436,12,0,493,481
Mat North,Hwange Local Boa,Hdwange,Hwange Central,11,Wankie Secondary,School,1,40,1,8,354,4,0,408,404
Mat North,Hwange Local Boa,Hdwange,Hwange Central,11,No. 2 Community Hall,Hall,1,46,0,10,461,7,0,525,518
,,,,,,,,,,,,,,,
,,,,,,,,,,,,,,,
Mat North,Hwange Local Boa,Hdwange,Hwange Central,12,Lusumbami Primary,School,1,37,2,3,295,3,0,341,338
,,,,,,,,,,,,,,,
,,,,,,,,,,,,,,,
,,,,,,,,,,,,,,,
,,,,,,,,,,,,,,,
,,,,,,,,,,,,,,,
,,,,,,,,,,,,,,,
,,,,,,,,,,,,,,,
Mat North,Hwange Local Boa,Hdwange,Hwange Central,13,No.3 Conference Room,Hall,1,66,0,18,584,25,0,694,669
Mat North,Hwange Local Boa,Hdwange,Hwange Central,13,Makwika Primary,School,0,49,0,10,534,3,0,596,593
,,,,,,,,,,,,,,,
,,,,,,,,,,,,,,,
Mat North,Hwange Local Boa,Hdwange,Hwange Central,14,St Georges Primary,School,1,89,0,11,490,8,0,599,591
Mat North,Hwange Local Boa,Hdwange,Hwange Central,14,"Open Space behindRaylton Club",Tent,2,106,0,13,393,9,0,523,514
,,,,,,,,,,,,,,,
,,,,,,,,,,,,,,,
Mat North,Hwange Local Boa,Hdwange,Hwange Central,15,Ingagula Primary,School,1,90,0,4,376,5,0,476,471
Mat North,Hwange Local Boa,Hdwange,Hwange Central,15,Gebhuza Sec School,School,2,73,1,13,226,10,0,325,315
,,,,,,,,,,,,,,,
,,,,,,,,,,,,,,,
Mat North,Hwange RDC,Hwange,Hwange Central,12,Nekabandama Primary,School,0,29,1,10,281,10,0,331,321
Mat North,Hwange RDC,Hwange,Hwange Central,12,Luseche Primary,School,2,89,0,7,162,9,0,269,260
Mat North,Hwange RDC,Hwange,Hwange Central,12,Chibala Primary,School,0,13,1,5,122,11,0,152,141
Mat North,Hwange RDC,Hwange,Hwange Central,12,Kashika Village,Tent,0,7,0,0,24,0,0,31,31
,,,,,,,,,,,,,,,
,,,,,,,,,,,,,,,
Mat North,Hwange RDC,Hwange,Hwange Central,13,Dinde Primary,School,0,123,1,16,250,14,0,404,390
Mat North,Hwange RDC,Hwange,Hwange Central,13,Bhale Village Centre,Tent,0,96,1,2,56,1,0,156,155
Mat North,Hwange RDC,Hwange,Hwange Central,13,"Kalisine Village CentreVillage",Tent,1,30,0,2,70,7,0,110,103
,,,,,,,,,,,,,,,
,,,,,,,,,,,,,,,
Mat North,Hwange RDC,Hwange,Hwange Central,20,Chilanga Pri,School,3,27,3,11,203,18,0,265,247
Mat North,Hwange RDC,Hwange,Hwange Central,20,Lukosi Sec,School,2,93,2,21,335,18,0,471,453
Mat North,Hwange RDC,Hwange,Hwange Central,20,St. Mary's Pri,School,4,50,6,23,454,14,0,551,537
,,,,,,,,,,,,,,,
,,,,,,,,,,,,,,,
,,,,,,,,,,,,,,,
,,,,,,,,,,,,,,,
Mat North,Hwange RDC,Hwange,Hwange East,6,Mununa Primary,School,1,72,2,33,163,17,0,288,271
Mat North,Hwange RDC,Hwange,Hwange East,6,Gondwa Business Centre,Tent,1,153,1,8,55,1,0,219,218
Mat North,Hwange RDC,Hwange,Hwange East,6,Milonga Primary,School,1,118,3,20,186,16,0,344,328
,,,,,,,,,,,,,,,
,,,,,,,,,,,,,,,
,,,,,,,,,,,,,,,
Mat North,Hwange RDC,Hwange,Hwange East,7,Neluswi Primary,School,7,280,5,40,222,31,0,585,554
Mat North,Hwange RDC,Hwange,Hwange East,7,"Chikamba VillageBusiness Centre",Tent,2,37,1,6,60,4,0,110,106
Mat North,Hwange RDC,Hwange,Hwange East,7,"Cross Gavu BusinessCentre",Tent,4,162,5,20,185,17,0,393,376
Mat North,Hwange RDC,Hwange,Hwange East,7,Kanywambizi Pry,School,1,31,1,5,43,7,0,88,81
,,,,,,,,,,,,,,,
,,,,,,,,,,,,,,,
Mat North,Hwange RDC,Hwange,Hwange East,8,"Open Space MakhalaVillage",Tent,3,53,0,3,87,2,0,148,146
Mat North,Hwange RDC,Hwange,Hwange East,8,Lumbora Primary,School,2,61,2,12,177,5,0,259,254
Mat North,Hwange RDC,Hwange,Hwange East,8,Sidinda Primary,School,2,45,0,3,41,1,0,92,91
Mat North,Hwange RDC,Hwange,Hwange East,8,Nabujebwa Pry,School,1,15,0,0,17,6,0,39,33
Mat North,Hwange RDC,Hwange,Hwange East,8,Dobolo Pre-School,Pre School,1,35,1,5,12,2,0,56,54
,,,,,,,,,,,,,,,
,,,,,,,,,,,,,,,
Mat North,Hwange RDC,Hwange,Hwange East,9,Kasibo Primary,School,0,74,2,4,102,6,0,188,182
Mat North,Hwange RDC,Hwange,Hwange East,9,Mashala Primary,School,1,93,1,1,139,6,0,241,235
Mat North,Hwange RDC,Hwange,Hwange East,9,"Mashala Top (Butindi)Pre School",Tent,1,55,2,2,35,1,0,96,95
Mat North,Hwange RDC,Hwange,Hwange East,9,Zwabo-Makuyu Village,Tent,0,38,0,6,38,2,0,84,82
,,,,,,,,,,,,,,,
,,,,,,,,,,,,,,,
Mat North,Hwange RDC,Hwange,Hwange East,10,"Simangani PrimarySchool",School,3,48,4,19,170,19,0,263,244
Mat North,Hwange RDC,Hwange,Hwange East,10,Makwa Primary,School,2,61,0,11,211,5,0,290,285
Mat North,Hwange RDC,Hwange,Hwange East,10,Damba Mukhulu Primary,School,9,145,8,23,158,19,0,362,343
Mat North,Hwange RDC,Hwange,Hwange East,10,Mwemba Primary,School,7,163,2,12,223,18,0,425,407
Mat North,Hwange RDC,Hwange,Hwange East,10,Nkandebwe Primary,School,2,8,0,6,110,1,0,127,126
Mat North,Hwange RDC,Hwange,Hwange East,10,Msuna Primary,School,2,33,0,6,27,4,0,72,68
Mat North,Hwange RDC,Hwange,Hwange East,10,Chezia DDF Camp,Tent,1,30,1,1,37,3,0,73,70
,,,,,,,,,,,,,,,
,,,,,,,,,,,,,,,
Mat North,Hwange RDC,Hwange,Hwange East,11,"St Theresa PrimarySchool",School,0,134,1,8,106,11,0,260,249
Mat North,Hwange RDC,Hwange,Hwange East,11,Village 21/22  Kamativi,Tent,0,68,0,8,69,4,0,149,145
Mat North,Hwange RDC,Hwange,Hwange East,11,Kamativi RDC  Sub office,Sub Office,0,18,0,1,16,1,0,36,35
Mat North,Hwange RDC,Hwange,Hwange East,11,Ndumichenga Pry,School,0,31,1,13,111,14,0,170,156
Mat North,Hwange RDC,Hwange,Hwange East,11,Kamativi Secondary,School,0,128,0,0,37,1,0,166,165
,,,,,,,,,,,,,,,
,,,,,,,,,,,,,,,
,,,,,,,,,,,,,,,
Mat North,Hwange RDC,Hwange,Hwange East,14,Lambo Primary,School,2,16,4,23,221,9,0,275,266
Mat North,Hwange RDC,Hwange,Hwange East,14,Nengasha Primary,School,0,6,0,5,44,1,0,56,55
Mat North,Hwange RDC,Hwange,Hwange East,14,Gurambira Primary,School,0,56,4,37,167,5,0,269,264
Mat North,Hwange RDC,Hwange,Hwange East,14,Mambanje Primary,School,0,34,0,3,45,5,0,87,82
Mat North,Hwange RDC,Hwange,Hwange East,14,Makwandara Primary,School,4,99,5,30,220,7,0,365,358
,,,,,,,,,,,,,,,
,,,,,,,,,,,,,,,
Mat North,Hwange RDC,Hwange,Hwange East,15,Chezhou Primary,School,3,86,2,30,184,12,0,317,305
Mat North,Hwange RDC,Hwange,Hwange East,15,Dingani Primary,School,0,51,1,27,197,7,0,283,276
Mat North,Hwange RDC,Hwange,Hwange East,15,Ndangababi Primary,School,3,35,2,19,63,5,0,127,122
Mat North,Hwange RDC,Hwange,Hwange East,15,Jwape Community Hall,Tent,5,84,1,23,64,4,0,181,177
Mat North,Hwange RDC,Hwange,Hwange East,15,"Malonga CommunityHall",Hall,1,19,0,40,56,1,0,117,116
Mat North,Hwange RDC,Hwange,Hwange East,15,Magoli Community Hall,Hall,3,98,1,17,110,12,0,241,229
,,,,,,,,,,,,,,,
,,,,,,,,,,,,,,,
Mat North,Hwange RDC,Hwange,Hwange East,16,Songwa Primary,School,7,100,4,74,213,14,0,412,398
Mat North,Hwange RDC,Hwange,Hwange East,16,Lupote Primary,School,4,92,4,39,237,18,0,394,376
Mat North,Hwange RDC,Hwange,Hwange East,16,Kamalala Primary,School,1,31,0,20,59,3,0,114,111
Mat North,Hwange RDC,Hwange,Hwange East,16,Cross Dete Borehole,Tent,3,129,6,52,221,22,0,433,411
,,,,,,,,,,,,,,,
,,,,,,,,,,,,,,,
Mat North,Hwange RDC,Hwange,Hwange East,17,Sianyanga Primary,School,2,72,0,11,105,3,0,193,190
Mat North,Hwange RDC,Hwange,Hwange East,17,Nabushome Primary,School,5,170,0,20,125,5,0,325,320
Mat North,Hwange RDC,Hwange,Hwange East,17,Mabale Primary l,School,4,322,2,14,124,6,0,472,466
Mat North,Hwange RDC,Hwange,Hwange East,17,Dopota Primary,School,8,95,0,17,165,15,0,300,285
,,,,,,,,,,,,,,,
,,,,,,,,,,,,,,,
Mat North,Hwange RDC,Hwange,Hwange East,18,"Sir Roy WelenskyPrimary",School,3,20,0,3,119,0,0,145,145
Mat North,Hwange RDC,Hwange,Hwange East,18,Dete Registry Sub office,Sub Office,3,288,1,18,169,19,0,498,479
Mat North,Hwange RDC,Hwange,Hwange East,18,St Francis Primary,School,3,62,0,6,169,4,0,244,240
,,,,,,,,,,,,,,,
,,,,,,,,,,,,,,,
,,,,,,,,,,,,,,,
,,,,,,,,,,,,,,,
Mat North,Vic Falls Municipal,Htywange,Hwange West,1,Victory Pre-school,Tent,1,92,1,7,181,0,0,282,282
Mat North,Vic Falls Municipal,Htywange,Hwange West,1,"Open Space opp.Mawuya Cottages",Tent,2,18,0,1,36,0,0,57,57
,,,,,,,,,,,,,,,
,,,,,,,,,,,,,,,
,,,,,,,,,,,,,,,
Mat North,Vic Falls Municipal,Htywange,Hwange West,2,Baobab Primary,School,2,360,0,10,168,3,0,543,540
Mat North,Vic Falls Municipal,Htywange,Hwange West,2,"Open Space behindLandela Complex",Tent,2,73,0,5,109,4,0,193,189
,,,,,,,,,,,,,,,
,,,,,,,,,,,,,,,
Mat North,Vic Falls Municipal,Htywange,Hwange West,3,"Open space  (next to VictoriaFalls water works)",Tent,3,131,0,7,129,3,0,273,270
,,,,,,,,,,,,,,,
,,,,,,,,,,,,,,,
Mat North,Vic Falls Municipal,Htywange,Hwange West,4,"Open space opposite AFMchurch",Tent,4,137,1,11,207,6,0,366,360
Mat North,Vic Falls Municipal,Htywange,Hwange West,4,"Open space at ChinotimbaCraft Village",Tent,2,107,1,11,153,1,0,275,274
,,,,,,,,,,,,,,,
,,,,,,,,,,,,,,,
Mat North,Vic Falls Municipal,Htywange,Hwange West,5,"Open space oppositeChinotimba Old Market",Tent,4,70,2,13,226,3,0,318,315
Mat North,Vic Falls Municipal,Htywange,Hwange West,5,"Open space oppositeAssembly of God Church",Tent,1,110,0,7,174,1,0,293,292
,,,,,,,,,,,,,,,
,,,,,,,,,,,,,,,
Mat North,Vic Falls Municipal,Htywange,Hwange West,6,Chinotimba Pre-school,Pre- School,5,94,0,7,189,4,0,299,295
Mat North,Vic Falls Municipal,Htywange,Hwange West,6,"Victoria Falls RegistrySub-office",Sub Office,2,52,0,9,82,1,0,146,145
,,,,,,,,,,,,,,,
,,,,,,,,,,,,,,,
Mat North,Vic Falls Municipal,Htywange,Hwange West,7,Chinotimba Primary,Primary,7,115,0,6,193,4,0,325,321
Mat North,Vic Falls Municipal,Htywange,Hwange West,7,St Kizito Pre-School,Pre- School,1,86,0,12,143,0,0,242,242
,,,,,,,,,,,,,,,
,,,,,,,,,,,,,,,
Mat North,Vic Falls Municipal,Htywange,Hwange West,8,"Open Space Chinotimba OldPeople's Home",Tent,2,172,2,15,240,6,0,437,431
Mat North,Vic Falls Municipal,Htywange,Hwange West,8,"Esandleni Senkosi Pre-School",Pre- School,5,90,1,6,112,3,0,217,214
,,,,,,,,,,,,,,,
,,,,,,,,,,,,,,,
Mat North,Vic Falls Municipal,Htywange,Hwange West,9,"Bus Terminus OpenSpace",Tent,9,165,0,32,386,4,0,596,592
Mat North,Vic Falls Municipal,Htywange,Hwange West,9,"Open space oppositeNyakumbi enterprises",Tent,4,108,1,30,253,2,0,398,396
,,,,,,,,,,,,,,,
,,,,,,,,,,,,,,,
,,,,,,,,,,,,,,,
Mat North,Vic Falls Municipal,Htywange,Hwange West,10,"Mosi Oa-TunyaSecondary School",School,5,166,2,8,215,1,0,397,396
Mat North,Vic Falls Municipal,Htywange,Hwange West,10,"Opposite Open Space next toKinshasa Beerhall",Tent,1,136,0,16,173,7,0,333,326
,,,,,,,,,,,,,,,
,,,,,,,,,,,,,,,
Mat North,Vic Falls Municipal,Htywange,Hwange West,11,Chamabondo Primary,School,9,314,2,60,664,11,0,1060,1049
Mat North,Vic Falls Municipal,Htywange,Hwange West,11,Mukhosana clinic,Tent,4,236,0,33,462,20,0,755,735
Mat North,Vic Falls Municipal,Htywange,Hwange West,11,Tip top Primary,School,7,181,2,35,377,3,0,605,602
,,,,,,,,,,,,,,,
,,,,,,,,,,,,,,,
Mat North,Hwange RDC,Hwange,Hwange West,1,Breakfast Primary,School,1,264,1,6,14,7,0,293,286
Mat North,Hwange RDC,Hwange,Hwange West,1,Nyongolo Primary,School,3,306,0,8,33,14,0,364,350
Mat North,Hwange RDC,Hwange,Hwange West,1,Sikabelo Farm house,Tent,0,44,0,2,3,2,0,51,49
Mat North,Hwange RDC,Hwange,Hwange West,1,Matetsi Primary,School,3,276,1,1,7,2,0,290,288
Mat North,Hwange RDC,Hwange,Hwange West,1,"Madumabisa Villagefarm house",Tent,0,28,1,5,43,2,0,79,77
Mat North,Hwange RDC,Hwange,Hwange West,1,Masuwe  Pri School,School,1,145,0,1,5,12,0,164,152
Mat North,Hwange RDC,Hwange,Hwange West,1,"Victoria Falls Airport(MOT)",Tent,0,43,0,3,28,1,0,75,74
,,,,,,,,,,,,,,,
,,,,,,,,,,,,,,,
Mat North,Hwange RDC,Hwange,Hwange West,2,Chidobe Primary,School,0,125,1,10,148,5,0,289,284
Mat North,Hwange RDC,Hwange,Hwange West,2,Monde Primary,School,5,128,1,5,144,5,0,288,283
Mat North,Hwange RDC,Hwange,Hwange West,2,Sizinda Primary,School,0,46,0,7,58,9,0,120,111
Mat North,Hwange RDC,Hwange,Hwange West,2,Chisuma Primary,School,1,87,1,8,152,3,0,252,249
Mat North,Hwange RDC,Hwange,Hwange West,2,Mizpah Primary,School,3,61,0,10,124,4,0,202,198
Mat North,Hwange RDC,Hwange,Hwange West,2,Jabulani Primary,School,4,89,0,13,111,3,0,220,217
,,,,,,,,,,,,,,,
,,,,,,,,,,,,,,,
Mat North,Hwange RDC,Hwange,Hwange West,3,Emfundweni Primary,School,1,85,1,16,105,12,0,220,208
Mat North,Hwange RDC,Hwange,Hwange West,3,Bethesda Primary,School,4,50,0,6,77,2,0,139,137
Mat North,Hwange RDC,Hwange,Hwange West,3,"Ndlovu Registry SubOffice",Sub Office,0,98,1,9,91,1,0,200,199
Mat North,Hwange RDC,Hwange,Hwange West,3,Simakade Primary,School,3,139,0,15,77,7,0,241,234
Mat North,Hwange RDC,Hwange,Hwange West,3,Sithembeni Pre- School,Pre- School,1,141,1,34,137,6,0,320,314
Mat North,Hwange RDC,Hwange,Hwange West,3,"Open  Space at JengweVillage",Tent,1,108,0,8,84,6,0,207,201
,,,,,,,,,,,,,,,
,,,,,,,,,,,,,,,
Mat North,Hwange RDC,Hwange,Hwange West,4,Jabula Primary,School,1,89,2,8,50,3,0,153,150
Mat North,Hwange RDC,Hwange,Hwange West,4,Sikumbi Primary,School,2,105,2,16,128,5,0,258,253
Mat North,Hwange RDC,Hwange,Hwange West,4,Sacred Heart Mission,School,4,174,1,34,130,10,0,353,343
Mat North,Hwange RDC,Hwange,Hwange West,4,Siamwele Pre School,Pre- School,3,74,0,10,73,1,0,161,160
,,,,,,,,,,,,,,,
,,,,,,,,,,,,,,,
,,,,,,,,,,,,,,,
Mat North,Hwange RDC,Hwange,Hwange West,5,Chikandakubi Primary,School,2,139,3,19,188,11,0,362,351
Mat North,Hwange RDC,Hwange,Hwange West,5,Ndimakule Primary,School,6,176,2,33,268,16,0,501,485
Mat North,Hwange RDC,Hwange,Hwange West,5,Chewumba Primary,School,2,48,0,4,93,4,0,151,147
,,,,,,,,,,,,,,,
,,,,,,,,,,,,,,,
Mat North,Hwange RDC,Hwange,Hwange West,19,Main Camp Primary,School,3,80,0,14,103,7,0,207,200
Mat North,Hwange RDC,Hwange,Hwange West,19,Hwange Safari lodge Hall,Hall,5,32,1,5,62,3,0,108,105
Mat North,Hwange RDC,Hwange,Hwange West,19,Sinamatela Primary,School,1,41,0,8,69,5,0,124,119
Mat North,Hwange RDC,Hwange,Hwange West,19,Robins Camp,Camp,0,11,1,2,42,3,0,59,56
Mat North,Hwange RDC,Hwange,Hwange West,19,Kazungula Camp,Camp,0,32,0,5,22,0,0,59,59
Mat North,Hwange RDC,Hwange,Hwange West,19,"Matetsi National ParkCamp",Camp,0,25,0,5,31,4,0,65,61
Mat North,Hwange RDC,Hwange,Hwange West,19,Katombola Camp,Camp,0,15,0,1,9,1,0,26,25
Mat North,Hwange RDC,Hwange,Hwange West,19,Zambezi Camp,Camp,1,153,0,1,46,4,0,205,201
,,,,,,,,,,,,,,,
,,,,,,,,,,,,,,,
,,,,,,,,,,,,,,,
,,,,,,,,,,,,,,,
Mat North,Kusile RDC,Lupane,Lupane East,6,Ngcono Pry,School,2,124,0,11,64,1,0,202,201
Mat North,Kusile RDC,Lupane,Lupane East,6,Mgijima Pry,School,3,88,0,9,66,6,0,172,166
Mat North,Kusile RDC,Lupane,Lupane East,6,Mabhempenene Pry,School,0,48,0,5,49,2,0,104,102
Mat North,Kusile RDC,Lupane,Lupane East,6,Mhlangamlambo  Pry,School,2,44,0,5,107,5,0,163,158
Mat North,Kusile RDC,Lupane,Lupane East,6,Khutshwa Pry,School,4,96,0,12,62,3,0,177,174
,,,,,,,,,,,,,,,
,,,,,,,,,,,,,,,
Mat North,Kusile RDC,Lupane,Lupane East,7,Ndimimbili Pry,School,4,166,2,30,26,15,0,243,228
Mat North,Kusile RDC,Lupane,Lupane East,7,Ndimimbili grounds,Tent,1,61,1,24,61,3,0,151,148
Mat North,Kusile RDC,Lupane,Lupane East,7,Munyati,Tent,0,43,0,25,29,2,0,99,97
,,,,,,,,,,,,,,,
,,,,,,,,,,,,,,,
Mat North,Kusile RDC,Lupane,Lupane East,10,Lupaka Pry,School,6,92,8,69,237,11,0,423,412
Mat North,Kusile RDC,Lupane,Lupane East,10,Matshakayile Pry,School,5,64,3,55,119,2,0,248,246
Mat North,Kusile RDC,Lupane,Lupane East,10,Khatshana Pry,School,1,92,4,26,176,12,0,311,299
Mat North,Kusile RDC,Lupane,Lupane East,10,Tshebetshebe Pry,School,4,61,0,10,63,2,0,140,138
,,,,,,,,,,,,,,,
,,,,,,,,,,,,,,,
Mat North,Kusile RDC,Lupane,Lupane East,11,Mbondo Pry,School,5,109,0,23,140,4,0,281,277
Mat North,Kusile RDC,Lupane,Lupane East,11,Mpahlwa No. 2 Pry,School,1,53,2,7,98,2,0,163,161
Mat North,Kusile RDC,Lupane,Lupane East,11,Gobhi Pry,School,5,123,4,33,117,8,0,290,282
Mat North,Kusile RDC,Lupane,Lupane East,11,Insika Pry,School,0,109,1,6,80,4,0,200,196
Mat North,Kusile RDC,Lupane,Lupane East,11,Makuni Pry,School,2,94,1,7,72,12,0,188,176
,,,,,,,,,,,,,,,
,,,,,,,,,,,,,,,
,,,,,,,,,,,,,,,
Mat North,Kusile RDC,Lupane,Lupane East,12,Gomoza Pry,School,3,172,2,60,137,2,0,376,374
Mat North,Kusile RDC,Lupane,Lupane East,12,Makeke Pry,School,7,144,4,38,68,4,0,265,261
Mat North,Kusile RDC,Lupane,Lupane East,12,Nzalikwa Pry,School,5,129,5,27,122,5,0,293,288
,,,,,,,,,,,,,,,
,,,,,,,,,,,,,,,
Mat North,Kusile RDC,Lupane,Lupane East,16,Kabela Pry,School,4,144,5,20,186,8,0,367,359
Mat North,Kusile RDC,Lupane,Lupane East,16,Komba Pry,School,2,97,1,14,98,5,0,217,212
Mat North,Kusile RDC,Lupane,Lupane East,16,Phunyuka Pry,School,8,117,3,34,248,9,0,419,410
,,,,,,,,,,,,,,,
,,,,,,,,,,,,,,,
Mat North,Kusile RDC,Lupane,Lupane East,17,Malunku Pry,School,5,139,3,50,161,14,0,372,358
Mat North,Kusile RDC,Lupane,Lupane East,17,Manasa Pry,School,3,164,0,41,40,2,0,250,248
Mat North,Kusile RDC,Lupane,Lupane East,17,Kwesemvubu Pry,School,5,186,3,31,82,7,0,314,307
,,,,,,,,,,,,,,,
,,,,,,,,,,,,,,,
Mat North,Kusile RDC,Lupane,Lupane East,18,Madotshwa Pry,School,1,75,1,34,144,4,0,259,255
Mat North,Kusile RDC,Lupane,Lupane East,18,Makhovula Pry,School,3,135,2,19,107,4,0,270,266
Mat North,Kusile RDC,Lupane,Lupane East,18,Ndamuleni Pry,School,0,63,2,25,145,4,0,239,235
Mat North,Kusile RDC,Lupane,Lupane East,18,Mpofu Pry,School,1,47,0,27,107,2,0,184,182
,,,,,,,,,,,,,,,
,,,,,,,,,,,,,,,
Mat North,Kusile RDC,Lupane,Lupane East,19,Daluka Pry,School,6,204,2,35,131,12,0,390,378
Mat North,Kusile RDC,Lupane,Lupane East,19,Gandangula Pry,School,2,77,0,36,107,3,0,225,222
Mat North,Kusile RDC,Lupane,Lupane East,19,Sibangani Pry,School,1,69,4,35,137,11,0,257,246
Mat North,Kusile RDC,Lupane,Lupane East,19,"Kenmore ShoppingCentre",Tent,7,74,3,33,227,8,0,352,344
,,,,,,,,,,,,,,,
,,,,,,,,,,,,,,,
Mat North,Kusile RDC,Lupane,Lupane East,20,Jibajiba Pry,School,5,118,4,19,108,2,0,256,254
Mat North,Kusile RDC,Lupane,Lupane East,20,Ndwane Pry,School,0,159,1,12,60,2,0,234,232
Mat North,Kusile RDC,Lupane,Lupane East,20,Janke Pry,School,4,26,2,10,104,3,0,149,146
Mat North,Kusile RDC,Lupane,Lupane East,20,Silwane Pry,School,2,96,4,15,115,2,0,234,232
Mat North,Kusile RDC,Lupane,Lupane East,20,Kheswa Pry,School,0,19,0,13,77,0,0,109,109
,,,,,,,,,,,,,,,
,,,,,,,,,,,,,,,
Mat North,Kusile RDC,Lupane,Lupane East,21,Ulutho Pry,School,9,130,6,34,89,12,0,280,268
Mat North,Kusile RDC,Lupane,Lupane East,21,Jumbika Pry,School,4,86,5,20,132,3,0,250,247
Mat North,Kusile RDC,Lupane,Lupane East,21,Mtuphane Pry,School,1,109,0,12,77,3,0,202,199
Mat North,Kusile RDC,Lupane,Lupane East,21,Lake Alice,School,4,104,1,27,107,7,0,250,243
Mat North,Kusile RDC,Lupane,Lupane East,21,Luhumbe,School,18,66,4,25,57,6,0,176,170
,,,,,,,,,,,,,,,
,,,,,,,,,,,,,,,
,,,,,,,,,,,,,,,
Mat North,Kusile RDC,Lupane,Lupane East,22,Phumakanye,School,0,13,1,33,35,0,0,82,82
Mat North,Kusile RDC,Lupane,Lupane East,22,Regina Mundi Mission,School,0,11,1,12,44,1,0,69,68
Mat North,Kusile RDC,Lupane,Lupane East,22,Block o,Tent,4,51,3,16,58,1,0,133,132
Mat North,Kusile RDC,Lupane,Lupane East,22,Tshayamathole,School,0,45,0,35,44,1,0,125,124
Mat North,Kusile RDC,Lupane,Lupane East,22,Mkhombo Secondary,School,1,69,1,45,34,2,0,152,150
Mat North,Kusile RDC,Lupane,Lupane East,22,Sipopoma Pri School,School,1,20,1,14,17,0,0,53,53
Mat North,Kusile RDC,Lupane,Lupane East,22,Simunyu Annex,Tent,7,102,1,47,37,8,0,202,194
,,,,,,,,,,,,,,,
,,,,,,,,,,,,,,,
Mat North,Kusile RDC,Lupane,Lupane East,23,Mathambo,School,3,246,2,13,67,4,0,335,331
Mat North,Kusile RDC,Lupane,Lupane East,23,Siziphile,School,2,204,3,12,71,4,0,296,292
Mat North,Kusile RDC,Lupane,Lupane East,23,Mateteni,School,0,66,3,1,39,3,0,112,109
,,,,,,,,,,,,,,,
,,,,,,,,,,,,,,,
Mat North,Kusile RDC,Lupane,Lupane East,28,Somgolo,School,4,51,1,9,77,4,0,146,142
Mat North,Kusile RDC,Lupane,Lupane East,28,Malumba,School,2,70,0,10,77,6,0,165,159
Mat North,Kusile RDC,Lupane,Lupane East,28,Elihlo,School,2,34,2,18,128,3,0,187,184
Mat North,Kusile RDC,Lupane,Lupane East,28,Mafa,School,1,40,3,17,159,9,0,229,220
Mat North,Kusile RDC,Lupane,Lupane East,28,Mlonyeni,School,1,55,3,13,153,2,0,227,225
,,,,,,,,,,,,,,,
,,,,,,,,,,,,,,,
,,,,,,,,,,,,,,,
,,,,,,,,,,,,,,,
,,,,,,,,,,,,,,,
Mat North,Kusile RDC,Lupane,Lupane West,1,Dongamuzi Pry,School,4,155,3,36,105,5,0,308,303
Mat North,Kusile RDC,Lupane,Lupane West,1,Guga Pry,School,0,28,4,15,97,2,0,146,144
Mat North,Kusile RDC,Lupane,Lupane West,1,Vet Fence,Tent,2,84,1,21,50,2,0,160,158
,,,,,,,,,,,,,,,
,,,,,,,,,,,,,,,
Mat North,Kusile RDC,Lupane,Lupane West,2,Matshokotsha Pry,School,2,70,0,13,21,0,0,106,106
Mat North,Kusile RDC,Lupane,Lupane West,2,Mzola 55 Pry,School,2,88,1,3,57,3,0,154,151
Mat North,Kusile RDC,Lupane,Lupane West,2,Mzola 52 Pry,School,1,62,2,11,74,2,0,152,150
,,,,,,,,,,,,,,,
,,,,,,,,,,,,,,,
Mat North,Kusile RDC,Lupane,Lupane West,3,Dandanda Pry,School,4,53,1,31,140,3,0,232,229
Mat North,Kusile RDC,Lupane,Lupane West,3,Kenyandavu Pry,School,3,136,1,15,67,5,0,227,222
Mat North,Kusile RDC,Lupane,Lupane West,3,Chitete Pry,School,6,64,1,13,109,4,0,197,193
Mat North,Kusile RDC,Lupane,Lupane West,3,Gegema Pry,School,2,16,0,14,100,2,0,134,132
Mat North,Kusile RDC,Lupane,Lupane West,3,Sefula Pry,School,0,44,2,9,53,1,0,109,108
Mat North,Kusile RDC,Lupane,Lupane West,3,Mahlalufikile Pry,School,8,38,2,27,158,6,0,239,233
,,,,,,,,,,,,,,,
,,,,,,,,,,,,,,,
,,,,,,,,,,,,,,,
Mat North,Kusile RDC,Lupane,Lupane West,4,Thokozani Pry,School,14,57,1,2,16,6,0,96,90
Mat North,Kusile RDC,Lupane,Lupane West,4,Mzola 27 Pry,School,1,66,1,1,73,1,0,143,142
Mat North,Kusile RDC,Lupane,Lupane West,4,Mzola 5 Pry,School,1,126,1,6,98,,,232,232
Mat North,Kusile RDC,Lupane,Lupane West,4,Nono,Tent,1,75,3,15,105,4,0,203,199
,,,,,,,,,,,,,,,
,,,,,,,,,,,,,,,
Mat North,Kusile RDC,Lupane,Lupane West,5,Esibombo Pry,School,1,65,2,11,124,9,0,212,203
Mat North,Kusile RDC,Lupane,Lupane West,5,Msewele Pry,School,1,91,1,11,109,10,0,223,213
Mat North,Kusile RDC,Lupane,Lupane West,5,Kana Pry,School,6,117,6,28,123,21,0,301,280
Mat North,Kusile RDC,Lupane,Lupane West,5,Sinqobile Pry,School,4,136,3,9,90,8,0,250,242
,,,,,,,,,,,,,,,
,,,,,,,,,,,,,,,
Mat North,Kusile RDC,Lupane,Lupane West,8,Sobendle Pry,School,7,189,0,6,79,22,0,303,281
Mat North,Kusile RDC,Lupane,Lupane West,8,Tshongokwe Pry,School,5,180,3,34,154,18,0,394,376
Mat North,Kusile RDC,Lupane,Lupane West,8,Ngombane Pry,School,22,60,1,24,38,3,0,148,145
Mat North,Kusile RDC,Lupane,Lupane West,8,Buyu,Tent,1,66,3,20,25,6,0,121,115
,,,,,,,,,,,,,,,
,,,,,,,,,,,,,,,
Mat North,Kusile RDC,Lupane,Lupane West,9,Tiki Pry,School,4,148,3,25,157,6,0,343,337
Mat North,Kusile RDC,Lupane,Lupane West,9,Bangale Pry,School,0,121,0,2,140,1,0,264,263
Mat North,Kusile RDC,Lupane,Lupane West,9,Ngadlwana Pry,School,0,135,2,4,75,2,0,218,216
Mat North,Kusile RDC,Lupane,Lupane West,9,Tshongogwana Pry,School,0,46,0,10,87,1,0,144,143
,,,,,,,,,,,,,,,
,,,,,,,,,,,,,,,
Mat North,Kusile RDC,Lupane,Lupane West,13,Gundwane Pry,School,2,76,4,17,70,3,0,172,169
Mat North,Kusile RDC,Lupane,Lupane West,13,Manganganga Pry,School,1,78,2,13,133,4,0,231,227
Mat North,Kusile RDC,Lupane,Lupane West,13,Jotsholo Clinic,Public Office,8,53,2,23,126,5,0,217,212
Mat North,Kusile RDC,Lupane,Lupane West,13,St George Pry,School,5,21,3,27,79,1,0,136,135
Mat North,Kusile RDC,Lupane,Lupane West,13,Zinapi,School,2,56,1,12,39,2,0,112,110
Mat North,Kusile RDC,Lupane,Lupane West,13,Kwarai,School,3,56,1,19,111,6,0,196,190
Mat North,Kusile RDC,Lupane,Lupane West,13,Jotsholo Pry,School,3,140,1,10,52,3,0,209,206
,,,,,,,,,,,,,,,
,,,,,,,,,,,,,,,
Mat North,Kusile RDC,Lupane,Lupane West,14,Jabatshaba Pry,School,4,65,5,22,139,12,0,247,235
Mat North,Kusile RDC,Lupane,Lupane West,14,Menyezwa Pry,School,1,35,4,10,88,2,0,140,138
Mat North,Kusile RDC,Lupane,Lupane West,14,Gumede Pry,School,2,41,4,19,92,2,0,160,158
Mat North,Kusile RDC,Lupane,Lupane West,14,Masenyane Pry,School,1,46,2,16,105,1,0,171,170
Mat North,Kusile RDC,Lupane,Lupane West,14,Shabula Pry,School,2,72,1,8,68,2,0,153,151
,,,,,,,,,,,,,,,
,,,,,,,,,,,,,,,
,,,,,,,,,,,,,,,
Mat North,Kusile RDC,Lupane,Lupane West,15,Lupane Pry,School,2,174,3,23,165,5,0,372,367
Mat North,Kusile RDC,Lupane,Lupane West,15,Mtshakabhandana Pry,School,2,64,1,9,73,4,0,153,149
Mat North,Kusile RDC,Lupane,Lupane West,15,Somhlanga Pry,School,1,79,3,17,186,4,0,290,286
Mat North,Kusile RDC,Lupane,Lupane West,15,Ndlovu Pry,School,4,36,4,18,148,6,0,216,210
Mat North,Kusile RDC,Lupane,Lupane West,15,DA's Complex Grounds,Tent,0,80,0,11,65,3,0,159,156
Mat North,Kusile RDC,Lupane,Lupane West,15,Local Board Creche,Tent,4,170,0,33,206,11,0,424,413
,,,,,,,,,,,,,,,
,,,,,,,,,,,,,,,
Mat North,Kusile RDC,Lupane,Lupane West,24,Gwayi Pry,School,6,148,0,4,45,11,0,214,203
Mat North,Kusile RDC,Lupane,Lupane West,24,Thokoza,School,1,130,1,0,7,0,0,139,139
Mat North,Kusile RDC,Lupane,Lupane West,24,Mqabuko Grounds,Tent,0,65,1,0,1,1,0,68,67
Mat North,Kusile RDC,Lupane,Lupane West,24,Mazwa Pry,School,0,57,0,0,1,1,0,59,58
Mat North,Kusile RDC,Lupane,Lupane West,24,Gundwane Vet,Tent,0,60,0,1,6,0,0,67,67
,,,,,,,,,,,,,,,
,,,,,,,,,,,,,,,
Mat North,Kusile RDC,Lupane,Lupane West,25,Sitshongo Pry,School,10,159,1,3,9,4,0,186,182
Mat North,Kusile RDC,Lupane,Lupane West,25,Fatima Pry,School,1,26,0,2,21,1,0,51,50
,,,,,,,,,,,,,,,
,,,,,,,,,,,,,,,
Mat North,Kusile RDC,Lupane,Lupane West,26,Masungamala Pry,School,2,52,1,18,68,4,0,145,141
Mat North,Kusile RDC,Lupane,Lupane West,26,Zikungwa Creche,Tent,0,33,0,12,52,1,0,98,97
,,,,,,,,,,,,,,,
,,,,,,,,,,,,,,,
Mat North,Kusile RDC,Lupane,Lupane West,27,BH 42 Pry,School,9,63,0,11,74,6,0,163,157
Mat North,Kusile RDC,Lupane,Lupane West,27,Kana 6 Pry,School,5,118,4,8,31,9,0,175,166
Mat North,Kusile RDC,Lupane,Lupane West,27,Ntuthuko  Pry,School,18,46,0,8,90,5,0,167,162
Mat North,Kusile RDC,Lupane,Lupane West,27,Cewale DDF Camp,Tent,1,21,0,3,38,2,0,65,63
,,,,,,,,,,,,,,,
,,,,,,,,,,,,,,,
,,,,,,,,,,,,,,,
,,,,,,,,,,,,,,,
,,,,,,,,,,,,,,,
Mat North,Nkayi RDC,Nkayi,Nkayi North,1,Sembeule Pry,School,9,179,2,27,173,14,0,404,390
Mat North,Nkayi RDC,Nkayi,Nkayi North,1,Mateme Pry,School,2,36,1,28,74,8,0,149,141
Mat North,Nkayi RDC,Nkayi,Nkayi North,1,Makhasane Pry,School,2,47,3,7,41,8,0,108,100
Mat North,Nkayi RDC,Nkayi,Nkayi North,1,Gababi Pry,School,1,48,1,17,56,5,0,128,123
Mat North,Nkayi RDC,Nkayi,Nkayi North,1,Mateme Sec,School,5,103,1,40,68,6,0,223,217
,,,,,,,,,,,,,,,
,,,,,,,,,,,,,,,
Mat North,Nkayi RDC,Nkayi,Nkayi North,2,Maphasaphasa Pry,School,7,198,3,25,171,17,0,421,404
Mat North,Nkayi RDC,Nkayi,Nkayi North,2,Kwesengulube Pry,School,2,255,2,12,48,12,0,331,319
Mat North,Nkayi RDC,Nkayi,Nkayi North,2,Jengwe Pry,School,3,30,0,9,62,0,0,104,104
,,,,,,,,,,,,,,,
,,,,,,,,,,,,,,,
,,,,,,,,,,,,,,,
Mat North,Nkayi RDC,Nkayi,Nkayi North,3,Setshanke Pry,School,3,87,1,12,106,6,0,215,209
Mat North,Nkayi RDC,Nkayi,Nkayi North,3,"Ngabayide BusinessCentre",Tent,11,186,1,20,159,4,0,381,377
Mat North,Nkayi RDC,Nkayi,Nkayi North,3,Amazwimabili  Pry,School,6,54,3,22,147,12,0,244,232
,,,,,,,,,,,,,,,
,,,,,,,,,,,,,,,
Mat North,Nkayi RDC,Nkayi,Nkayi North,4,Gwelutshena Pry,School,2,154,0,7,113,4,0,280,276
Mat North,Nkayi RDC,Nkayi,Nkayi North,4,Hojeni Pry,School,1,70,6,34,194,7,0,312,305
Mat North,Nkayi RDC,Nkayi,Nkayi North,4,Vuma Borehole,Tent,3,67,4,15,111,8,0,208,200
,,,,,,,,,,,,,,,
,,,,,,,,,,,,,,,
Mat North,Nkayi RDC,Nkayi,Nkayi North,5,Nesigwe Clinic,Tent,2,29,0,15,80,6,0,132,126
Mat North,Nkayi RDC,Nkayi,Nkayi North,5,Nesigwe Primary,School,3,30,1,14,77,5,0,130,125
Mat North,Nkayi RDC,Nkayi,Nkayi North,5,Mtshabi Sec,School,5,130,4,26,180,13,0,358,345
Mat North,Nkayi RDC,Nkayi,Nkayi North,5,Mbazhe Pry,School,3,113,4,23,104,3,0,250,247
Mat North,Nkayi RDC,Nkayi,Nkayi North,5,Sihlengeni Pry,School,1,41,3,25,96,5,0,171,166
Mat North,Nkayi RDC,Nkayi,Nkayi North,5,Mhlabuyatshisa Pry,School,5,61,1,15,86,4,0,172,168
Mat North,Nkayi RDC,Nkayi,Nkayi North,5,Sivomo Bus Centre,Tent,7,63,3,19,89,6,0,187,181
,,,,,,,,,,,,,,,
,,,,,,,,,,,,,,,
Mat North,Nkayi RDC,Nkayi,Nkayi North,6,Tsheli Pry,School,7,111,2,13,85,5,0,223,218
Mat North,Nkayi RDC,Nkayi,Nkayi North,6,Tsheli Sec,School,12,54,1,24,147,3,0,241,238
Mat North,Nkayi RDC,Nkayi,Nkayi North,6,Jabulisa Pry,School,1,59,1,7,132,8,0,208,200
Mat North,Nkayi RDC,Nkayi,Nkayi North,6,Somakwilili Pry,School,8,123,4,19,144,15,0,313,298
,,,,,,,,,,,,,,,
,,,,,,,,,,,,,,,
Mat North,Nkayi RDC,Nkayi,Nkayi North,7,Gampinya Pry,School,7,231,1,5,95,18,0,357,339
Mat North,Nkayi RDC,Nkayi,Nkayi North,7,Zidulini Pry,School,3,66,2,11,52,3,0,137,134
Mat North,Nkayi RDC,Nkayi,Nkayi North,7,Gwamayaya Pry,School,6,142,4,17,85,9,0,263,254
Mat North,Nkayi RDC,Nkayi,Nkayi North,7,Sovondo Pry,School,7,24,0,12,67,6,0,116,110
Mat North,Nkayi RDC,Nkayi,Nkayi North,7,Saziyabana Pry,School,7,45,0,12,60,3,0,127,124
,,,,,,,,,,,,,,,
,,,,,,,,,,,,,,,
Mat North,Nkayi RDC,Nkayi,Nkayi North,8,Ingwalathi Pry,School,9,125,2,26,167,1,0,330,329
Mat North,Nkayi RDC,Nkayi,Nkayi North,8,Nyamazana Pry,School,9,118,1,20,82,9,0,239,230
Mat North,Nkayi RDC,Nkayi,Nkayi North,8,Sando Pry,School,1,57,0,5,50,3,0,116,113
Mat North,Nkayi RDC,Nkayi,Nkayi North,8,Ingwalathi Clinic,Tent,0,106,0,9,77,4,0,196,192
,,,,,,,,,,,,,,,
,,,,,,,,,,,,,,,
Mat North,Nkayi RDC,Nkayi,Nkayi North,9,Somthanyelo Pry,School,8,107,2,20,143,23,0,303,280
Mat North,Nkayi RDC,Nkayi,Nkayi North,9,Kana Business Centre,Tent,5,128,3,10,93,10,0,249,239
Mat North,Nkayi RDC,Nkayi,Nkayi North,9,"Maphetshwane ZuluBorehole",Tent,1,74,0,2,19,1,0,97,96
,,,,,,,,,,,,,,,
,,,,,,,,,,,,,,,
,,,,,,,,,,,,,,,
Mat North,Nkayi RDC,Nkayi,Nkayi North,10,Somlimo Pry,School,7,176,3,19,81,19,0,305,286
Mat North,Nkayi RDC,Nkayi,Nkayi North,10,Mandlethu Pry,School,4,122,3,16,130,16,0,291,275
Mat North,Nkayi RDC,Nkayi,Nkayi North,10,"Sebhumane BusinessCentre",Tent,3,62,4,13,103,9,0,194,185
,,,,,,,,,,,,,,,
,,,,,,,,,,,,,,,
Mat North,Nkayi RDC,Nkayi,Nkayi North,11,Bahlangene Sec,School,2,82,0,7,68,7,0,166,159
Mat North,Nkayi RDC,Nkayi,Nkayi North,11,Sipemba Primary,School,1,34,1,11,91,9,0,147,138
Mat North,Nkayi RDC,Nkayi,Nkayi North,11,Sivalo Primary,School,6,47,3,6,66,9,0,137,128
Mat North,Nkayi RDC,Nkayi,Nkayi North,11,Somakantana Primary,School,1,28,1,4,34,3,0,71,68
,,,,,,,,,,,,,,,
,,,,,,,,,,,,,,,
Mat North,Nkayi RDC,Nkayi,Nkayi North,12,Sebhumane Primary,School,6,105,4,21,210,9,0,355,346
Mat North,Nkayi RDC,Nkayi,Nkayi North,12,Sikobokobo Primary,School,18,116,0,16,50,5,0,205,200
Mat North,Nkayi RDC,Nkayi,Nkayi North,12,Makwateni Primary,School,1,119,4,38,237,11,0,410,399
,,,,,,,,,,,,,,,
,,,,,,,,,,,,,,,
Mat North,Nkayi RDC,Nkayi,Nkayi North,18,Sivomo Secondary,School,0,55,2,12,80,0,0,149,149
Mat North,Nkayi RDC,Nkayi,Nkayi North,18,Fanisoni Clinic,Clinic,0,47,3,18,149,2,0,219,217
Mat North,Nkayi RDC,Nkayi,Nkayi North,18,Nkuba Primary,School,0,83,1,31,105,8,0,228,220
Mat North,Nkayi RDC,Nkayi,Nkayi North,18,Mkalandoda,School,4,24,1,21,90,18,0,158,140
,,,,,,,,,,,,,,,
,,,,,,,,,,,,,,,
Mat North,Nkayi RDC,Nkayi,Nkayi North,26,Mdengelele,School,11,122,1,31,205,20,0,390,370
Mat North,Nkayi RDC,Nkayi,Nkayi North,26,Dobhani Business Centre,Tent,7,129,4,25,72,3,0,240,237
,,,,,,,,,,,,,,,
,,,,,,,,,,,,,,,
,,,,,,,,,,,,,,,
,,,,,,,,,,,,,,,
,,,,,,,,,,,,,,,
Mat North,Nkayi RDC,Nkayi,Nkayi South,13,Singwangombe Pry,School,5,89,3,13,130,4,0,244,240
Mat North,Nkayi RDC,Nkayi,Nkayi South,13,Mthoniselwa Pry,School,3,124,0,9,94,9,0,239,230
,,,,,,,,,,,,,,,
,,,,,,,,,,,,,,,
Mat North,Nkayi RDC,Nkayi,Nkayi South,14,Simbo Sec,School,9,201,8,47,180,32,0,477,445
Mat North,Nkayi RDC,Nkayi,Nkayi South,14,Bhodabhoda Pry,School,8,88,2,23,68,5,0,194,189
Mat North,Nkayi RDC,Nkayi,Nkayi South,14,Mbuma Mission Pry,School,4,29,1,26,221,6,0,287,281
Mat North,Nkayi RDC,Nkayi,Nkayi South,14,Gampakalala Pry,School,4,97,0,11,85,7,0,204,197
,,,,,,,,,,,,,,,
,,,,,,,,,,,,,,,
,,,,,,,,,,,,,,,
Mat North,Nkayi RDC,Nkayi,Nkayi South,15,Sagonda Pry,School,8,88,2,10,128,14,0,250,236
Mat North,Nkayi RDC,Nkayi,Nkayi South,15,Malinga Pry,School,5,106,1,2,46,1,0,161,160
Mat North,Nkayi RDC,Nkayi,Nkayi South,15,Skopo Pry,School,3,64,1,11,78,2,0,159,157
Mat North,Nkayi RDC,Nkayi,Nkayi South,15,Sikobokobo,Hall,1,11,0,1,38,0,0,51,51
,,,,,,,,,,,,,,,
,,,,,,,,,,,,,,,
Mat North,Nkayi RDC,Nkayi,Nkayi South,16,Dakamela Sec,School,5,40,2,16,133,9,0,205,196
Mat North,Nkayi RDC,Nkayi,Nkayi South,16,Komayanga,School,3,45,3,13,167,8,0,239,231
Mat North,Nkayi RDC,Nkayi,Nkayi South,16,Dolahali,School,4,27,3,10,123,2,0,169,167
Mat North,Nkayi RDC,Nkayi,Nkayi South,16,Dakamela Pry,School,8,39,5,32,104,3,0,191,188
,,,,,,,,,,,,,,,
,,,,,,,,,,,,,,,
Mat North,Nkayi RDC,Nkayi,Nkayi South,17,Sesemba,School,10,177,1,14,147,6,0,355,349
Mat North,Nkayi RDC,Nkayi,Nkayi South,17,Tohwe Secondary,School,6,62,0,18,153,6,0,245,239
Mat North,Nkayi RDC,Nkayi,Nkayi South,17,Sesemba Clinic,Tent,2,117,3,15,67,4,0,208,204
Mat North,Nkayi RDC,Nkayi,Nkayi South,17,Mfanyana SDA Church,Tent,0,25,1,5,71,2,0,104,102
,,,,,,,,,,,,,,,
,,,,,,,,,,,,,,,
Mat North,Nkayi RDC,Nkayi,Nkayi South,19,Mathetshaneni Pry,School,4,79,2,27,305,8,0,425,417
Mat North,Nkayi RDC,Nkayi,Nkayi South,19,Mdlawuzweni Pry,School,2,71,1,17,58,5,0,154,149
Mat North,Nkayi RDC,Nkayi,Nkayi South,19,Nkayi Pry,School,7,102,3,49,199,7,0,367,360
,,,,,,,,,,,,,,,
,,,,,,,,,,,,,,,
Mat North,Nkayi RDC,Nkayi,Nkayi South,20,Zinyangeni Pry,School,3,64,1,25,125,3,0,221,218
Mat North,Nkayi RDC,Nkayi,Nkayi South,20,Guqeni,Tent,8,54,2,17,150,8,0,239,231
Mat North,Nkayi RDC,Nkayi,Nkayi South,20,Duhamzondo Pry,School,0,33,1,15,71,2,0,122,120
Mat North,Nkayi RDC,Nkayi,Nkayi South,20,"Matshuzula BusinessCentre",Tent,1,68,6,18,147,6,0,246,240
,,,,,,,,,,,,,,,
,,,,,,,,,,,,,,,
Mat North,Nkayi RDC,Nkayi,Nkayi South,21,Gwitshi Pry,School,1,42,1,27,221,6,0,298,292
Mat North,Nkayi RDC,Nkayi,Nkayi South,21,Guwe Pry,School,6,38,4,27,158,9,0,242,233
Mat North,Nkayi RDC,Nkayi,Nkayi South,21,Gwitshi Business Centre,Tent,2,120,3,24,93,1,0,243,242
Mat North,Nkayi RDC,Nkayi,Nkayi South,21,Guwe Sec,School,5,75,1,26,153,1,0,261,260
,,,,,,,,,,,,,,,
,,,,,,,,,,,,,,,
Mat North,Nkayi RDC,Nkayi,Nkayi South,22,Mpumelelo Sec,School,11,133,6,58,311,17,0,536,519
Mat North,Nkayi RDC,Nkayi,Nkayi South,22,Mtshatshane Primary,School,3,134,3,33,66,6,0,245,239
Mat North,Nkayi RDC,Nkayi,Nkayi South,22,Katasa Primary School,School,6,19,2,18,127,1,0,173,172
Mat North,Nkayi RDC,Nkayi,Nkayi South,22,Hompane Sec,School,1,33,2,20,87,3,0,146,143
Mat North,Nkayi RDC,Nkayi,Nkayi South,22,Hompane Pry,School,6,35,1,22,112,15,0,191,176
,,,,,,,,,,,,,,,
,,,,,,,,,,,,,,,
,,,,,,,,,,,,,,,
Mat North,Nkayi RDC,Nkayi,Nkayi South,23,Tunke Pry,School,2,33,0,11,109,13,0,168,155
Mat North,Nkayi RDC,Nkayi,Nkayi South,23,Mabayi Pry,School,1,83,0,10,126,12,0,232,220
Mat North,Nkayi RDC,Nkayi,Nkayi South,23,Fudu Pry,School,2,66,2,23,72,1,0,166,165
Mat North,Nkayi RDC,Nkayi,Nkayi South,23,Bhubhu pry,School,3,12,1,17,99,12,0,144,132
,,,,,,,,,,,,,,,
,,,,,,,,,,,,,,,
Mat North,Nkayi RDC,Nkayi,Nkayi South,24,Majaha Pry,School,4,33,3,24,82,9,0,155,146
Mat North,Nkayi RDC,Nkayi,Nkayi South,24,Lutsha Pry,School,9,109,4,46,269,9,0,446,437
Mat North,Nkayi RDC,Nkayi,Nkayi South,24,Mpakama Pry,School,5,16,0,14,76,5,0,116,111
Mat North,Nkayi RDC,Nkayi,Nkayi South,24,Zwelabo Sec,School,5,15,1,16,54,10,0,101,91
Mat North,Nkayi RDC,Nkayi,Nkayi South,24,Petani pry,School,5,7,1,16,126,14,0,169,155
,,,,,,,,,,,,,,,
,,,,,,,,,,,,,,,
Mat North,Nkayi RDC,Nkayi,Nkayi South,25,Magazi Primary,School,5,37,1,16,221,7,0,287,280
Mat North,Nkayi RDC,Nkayi,Nkayi South,25,Dlawa Primary,School,5,58,2,7,124,8,0,204,196
Mat North,Nkayi RDC,Nkayi,Nkayi South,25,Vova Business Centre,Tent,1,75,1,9,124,4,0,214,210
Mat North,Nkayi RDC,Nkayi,Nkayi South,25,Singeni Primary,School,6,28,4,12,134,6,0,190,184
,,,,,,,,,,,,,,,
,,,,,,,,,,,,,,,
Mat North,Nkayi RDC,Nkayi,Nkayi South,27,Mkalathi Pry,School,4,26,2,17,167,4,0,220,216
Mat North,Nkayi RDC,Nkayi,Nkayi South,27,Mjena Pry,School,0,79,1,13,221,4,0,318,314
Mat North,Nkayi RDC,Nkayi,Nkayi South,27,"Sikuruwa BusinessCentre",Tent,2,30,0,17,49,6,0,104,98
,,,,,,,,,,,,,,,
,,,,,,,,,,,,,,,
Mat North,Nkayi RDC,Nkayi,Nkayi South,28,Manomano Pry,School,4,45,0,16,145,18,0,228,210
Mat North,Nkayi RDC,Nkayi,Nkayi South,28,Gonye Pry,School,10,58,1,25,138,3,0,235,232
,,,,,,,,,,,,,,,
,,,,,,,,,,,,,,,
Mat North,Nkayi RDC,Nkayi,Nkayi South,29,Qhubuthando Pry,School,8,182,0,38,269,3,0,500,497
Mat North,Nkayi RDC,Nkayi,Nkayi South,29,Mathendele Pry,School,1,50,0,11,69,4,0,135,131
Mat North,Nkayi RDC,Nkayi,Nkayi South,29,Dimpamiwa Pry,School,1,28,0,11,131,2,0,173,171
Mat North,Nkayi RDC,Nkayi,Nkayi South,29,Hlangabeza High,School,3,49,0,15,60,2,0,129,127
Mat North,Nkayi RDC,Nkayi,Nkayi South,29,Nkayi High,School,4,187,2,19,164,8,0,384,376
,,,,,,,,,,,,,,,
,,,,,,,,,,,,,,,
Mat North,Nkayi RDC,Nkayi,Nkayi South,30,St Thomas Pry,School,1,76,1,16,79,2,0,175,173
Mat North,Nkayi RDC,Nkayi,Nkayi South,30,Tshanke Pry,School,3,69,2,24,196,15,0,309,294
Mat North,Nkayi RDC,Nkayi,Nkayi South,30,Dolankombe Pry,School,1,14,0,5,46,1,0,67,66
,,,,,,,,,,,,,,,
,,,,,,,,,,,,,,,
,,,,,,,,,,,,,,,
,,,,,,,,,,,,,,,
,,,,,,,,,,,,,,,
,,,,,,,,,,,,,,,
Mat North,Tsholotsho RDC,Tsholotsho,Tsholotsho North,1,Dzimidza Hall,Hall,0,50,0,7,22,0,0,79,79
Mat North,Tsholotsho RDC,Tsholotsho,Tsholotsho North,1,Sikhobo Pry,School,0,58,1,13,24,4,0,100,96
Mat North,Tsholotsho RDC,Tsholotsho,Tsholotsho North,1,St Joseph's Pry,School,0,18,0,11,52,3,0,84,81
Mat North,Tsholotsho RDC,Tsholotsho,Tsholotsho North,1,Zimwatuga Pry,School,1,50,2,12,67,3,0,135,132
Mat North,Tsholotsho RDC,Tsholotsho,Tsholotsho North,1,St Mary's Pry,School,2,37,1,8,61,4,0,113,109
Mat North,Tsholotsho RDC,Tsholotsho,Tsholotsho North,1,St Wilfred's Pry,School,4,25,1,9,23,1,0,63,62
Mat North,Tsholotsho RDC,Tsholotsho,Tsholotsho North,1,Sihazela Pry,School,2,37,0,27,63,1,0,130,129
Mat North,Tsholotsho RDC,Tsholotsho,Tsholotsho North,1,Samahuru Pry,Tent,1,40,2,33,81,6,0,163,157
,,,,,,,,,,,,,,,
,,,,,,,,,,,,,,,
Mat North,Tsholotsho RDC,Tsholotsho,Tsholotsho North,2,Mbuhulu Pry,School,2,80,0,32,167,2,0,283,281
Mat North,Tsholotsho RDC,Tsholotsho,Tsholotsho North,2,Mabhanda Pry,School,4,51,1,10,81,3,0,150,147
Mat North,Tsholotsho RDC,Tsholotsho,Tsholotsho North,2,Gombalume Pry,School,2,76,0,7,99,3,0,187,184
Mat North,Tsholotsho RDC,Tsholotsho,Tsholotsho North,2,Bemba Pry,School,1,58,3,13,47,2,0,124,122
Mat North,Tsholotsho RDC,Tsholotsho,Tsholotsho North,2,Bayane Pry,School,2,39,3,4,64,4,0,116,112
Mat North,Tsholotsho RDC,Tsholotsho,Tsholotsho North,2,Mapengula,Tent,4,32,1,11,54,1,0,103,102
,,,,,,,,,,,,,,,
,,,,,,,,,,,,,,,
Mat North,Tsholotsho RDC,Tsholotsho,Tsholotsho North,3,Ngamo Pry,School,3,71,2,21,96,5,0,198,193
Mat North,Tsholotsho RDC,Tsholotsho,Tsholotsho North,3,Ziga Pry,School,5,66,1,4,27,0,0,103,103
Mat North,Tsholotsho RDC,Tsholotsho,Tsholotsho North,3,Mlevu Pry,School,0,72,2,8,93,5,0,180,175
Mat North,Tsholotsho RDC,Tsholotsho,Tsholotsho North,3,Kapane Pry,School,1,75,2,13,103,3,0,197,194
Mat North,Tsholotsho RDC,Tsholotsho,Tsholotsho North,3,Mtshayeli Pry,School,0,92,4,16,111,7,0,230,223
Mat North,Tsholotsho RDC,Tsholotsho,Tsholotsho North,3,Manjelengwua Bus.Centr,Tent,2,45,0,18,90,3,0,158,155
Mat North,Tsholotsho RDC,Tsholotsho,Tsholotsho North,3,Mazwi Line,Tent,3,95,2,13,39,6,0,158,152
,,,,,,,,,,,,,,,
,,,,,,,,,,,,,,,
Mat North,Tsholotsho RDC,Tsholotsho,Tsholotsho North,4,Dibutibu Pry,School,6,134,6,20,142,21,0,329,308
Mat North,Tsholotsho RDC,Tsholotsho,Tsholotsho North,4,Siphongweni Pry,School,1,126,0,9,117,3,0,256,253
Mat North,Tsholotsho RDC,Tsholotsho,Tsholotsho North,4,Malila Line,Tent,1,32,0,6,77,3,0,119,116
Mat North,Tsholotsho RDC,Tsholotsho,Tsholotsho North,4,Mangwatu Line,Tent,3,37,1,27,55,3,0,126,123
Mat North,Tsholotsho RDC,Tsholotsho,Tsholotsho North,4,Funda Line,Tent,1,17,0,9,22,1,0,50,49
,,,,,,,,,,,,,,,
,,,,,,,,,,,,,,,
Mat North,Tsholotsho RDC,Tsholotsho,Tsholotsho North,5,Mpindo Pry,School,1,18,1,11,75,2,0,108,106
Mat North,Tsholotsho RDC,Tsholotsho,Tsholotsho North,5,Jakalasi Pry,School,2,64,2,14,90,4,0,176,172
Mat North,Tsholotsho RDC,Tsholotsho,Tsholotsho North,5,Gwai Pry,School,1,26,1,15,109,2,0,154,152
Mat North,Tsholotsho RDC,Tsholotsho,Tsholotsho North,5,Sipepa Pry,School,1,172,4,23,230,18,0,448,430
Mat North,Tsholotsho RDC,Tsholotsho,Tsholotsho North,5,Mcetshwa Pry,School,3,110,4,10,177,5,0,309,304
,,,,,,,,,,,,,,,
,,,,,,,,,,,,,,,
,,,,,,,,,,,,,,,
Mat North,Tsholotsho RDC,Tsholotsho,Tsholotsho North,6,Matupula Pry,School,9,90,1,40,132,1,0,273,272
Mat North,Tsholotsho RDC,Tsholotsho,Tsholotsho North,6,Nkwizhu Pry,School,3,101,4,15,139,13,0,275,262
Mat North,Tsholotsho RDC,Tsholotsho,Tsholotsho North,6,Tshino Pry,School,2,122,4,30,130,12,0,300,288
Mat North,Tsholotsho RDC,Tsholotsho,Tsholotsho North,6,Jimila Sec,School,1,85,1,9,111,5,0,212,207
Mat North,Tsholotsho RDC,Tsholotsho,Tsholotsho North,6,Jimila Pry,School,3,51,1,12,95,4,0,166,162
Mat North,Tsholotsho RDC,Tsholotsho,Tsholotsho North,6,Mahlaba,School,1,52,6,24,55,5,0,143,138
Mat North,Tsholotsho RDC,Tsholotsho,Tsholotsho North,6,Zabagwuadi Bus.Centre,Tent,2,35,2,30,104,2,0,175,173
Mat North,Tsholotsho RDC,Tsholotsho,Tsholotsho North,6,Mako Line,Tent,5,32,2,12,69,2,0,122,120
,,,,,,,,,,,,,,,
,,,,,,,,,,,,,,,
Mat North,Tsholotsho RDC,Tsholotsho,Tsholotsho North,7,Pelela Pry,School,1,89,0,5,20,21,0,136,115
Mat North,Tsholotsho RDC,Tsholotsho,Tsholotsho North,7,Tembile Pry,School,3,42,0,6,26,2,0,79,77
Mat North,Tsholotsho RDC,Tsholotsho,Tsholotsho North,7,Mgomeni Pry,School,0,40,0,9,27,1,0,77,76
Mat North,Tsholotsho RDC,Tsholotsho,Tsholotsho North,7,Khumbula Pry,School,0,55,0,12,12,1,0,80,79
Mat North,Tsholotsho RDC,Tsholotsho,Tsholotsho North,7,Mpilo Pry,School,0,56,1,1,53,5,0,116,111
Mat North,Tsholotsho RDC,Tsholotsho,Tsholotsho North,7,Pelandaba Pry,School,4,97,1,12,61,1,0,176,175
Mat North,Tsholotsho RDC,Tsholotsho,Tsholotsho North,7,Pumula Sub Office,Tent,0,41,2,11,53,6,0,113,107
Mat North,Tsholotsho RDC,Tsholotsho,Tsholotsho North,7,Patalika,Hall,2,90,0,11,44,0,0,147,147
Mat North,Tsholotsho RDC,Tsholotsho,Tsholotsho North,7,Sifulasengwe,Tent,2,61,2,10,84,5,0,164,159
Mat North,Tsholotsho RDC,Tsholotsho,Tsholotsho North,7,Gulalikabili Bus.Centre,Tent,2,49,0,11,42,7,0,111,104
,,,,,,,,,,,,,,,
,,,,,,,,,,,,,,,
Mat North,Tsholotsho RDC,Tsholotsho,Tsholotsho North,8,Lubizi Line,Tent,0,35,1,13,35,1,0,85,84
Mat North,Tsholotsho RDC,Tsholotsho,Tsholotsho North,8,Sasedza Pry,School,5,87,1,9,49,5,0,156,151
Mat North,Tsholotsho RDC,Tsholotsho,Tsholotsho North,8,Mbiriya Pry,School,3,67,5,26,102,10,0,213,203
Mat North,Tsholotsho RDC,Tsholotsho,Tsholotsho North,8,Sandawana Pry,School,6,51,2,15,63,2,0,139,137
Mat North,Tsholotsho RDC,Tsholotsho,Tsholotsho North,8,Butabubili Pry,School,17,73,5,41,125,12,0,273,261
Mat North,Tsholotsho RDC,Tsholotsho,Tsholotsho North,8,Tshitatshawa  Pry,Tent,1,24,0,8,84,2,0,119,117
Mat North,Tsholotsho RDC,Tsholotsho,Tsholotsho North,8,Nkalange Tuck Shop,Tent,3,45,2,6,68,3,0,127,124
Mat North,Tsholotsho RDC,Tsholotsho,Tsholotsho North,8,Mgodimasili,Tent,7,118,10,23,69,4,0,231,227
Mat North,Tsholotsho RDC,Tsholotsho,Tsholotsho North,8,Ntulula Pry,School,2,13,0,5,40,5,0,65,60
,,,,,,,,,,,,,,,
,,,,,,,,,,,,,,,
Mat North,Tsholotsho RDC,Tsholotsho,Tsholotsho North,9,Malindi Line,Tent,4,47,2,10,111,2,0,176,174
Mat North,Tsholotsho RDC,Tsholotsho,Tsholotsho North,9,Dhlakapiya Pry,School,3,21,2,3,99,2,0,130,128
Mat North,Tsholotsho RDC,Tsholotsho,Tsholotsho North,9,Mpanedziba Pry,School,12,107,7,29,156,8,0,319,311
Mat North,Tsholotsho RDC,Tsholotsho,Tsholotsho North,9,Jowa Pry,School,15,96,3,13,109,6,0,242,236
Mat North,Tsholotsho RDC,Tsholotsho,Tsholotsho North,9,Zibungululu Pry,School,4,50,4,6,48,1,0,113,112
Mat North,Tsholotsho RDC,Tsholotsho,Tsholotsho North,9,Mahole Pry,School,4,70,1,18,36,5,0,134,129
Mat North,Tsholotsho RDC,Tsholotsho,Tsholotsho North,9,Mkhayeni Pry,School,5,91,2,18,43,3,0,162,159
Mat North,Tsholotsho RDC,Tsholotsho,Tsholotsho North,9,Cross Jowa,Tent,6,42,0,6,36,8,0,98,90
,,,,,,,,,,,,,,,
,,,,,,,,,,,,,,,
,,,,,,,,,,,,,,,
Mat North,Tsholotsho RDC,Tsholotsho,Tsholotsho North,21,Tshibizina,School,0,45,0,7,70,3,0,125,122
Mat North,Tsholotsho RDC,Tsholotsho,Tsholotsho North,21,Dadamjena,Tent,2,85,2,10,35,3,0,137,134
Mat North,Tsholotsho RDC,Tsholotsho,Tsholotsho North,21,Mhlatshwa Business Cen,rTeent,1,30,1,7,56,4,0,99,95
Mat North,Tsholotsho RDC,Tsholotsho,Tsholotsho North,21,Luphondo Line,Tent,3,28,0,11,67,2,0,111,109
,,,,,,,,,,,,,,,
,,,,,,,,,,,,,,,
,,,,,,,,,,,,,,,
,,,,,,,,,,,,,,,
,,,,,,,,,,,,,,,
Mat North,Tsholotsho RDC,Tsholotsho,Tsholotsho South,10,Zibalongwe Pry,School,5,58,0,9,56,1,0,129,128
Mat North,Tsholotsho RDC,Tsholotsho,Tsholotsho South,10,Sikente Sec,School,0,41,0,2,25,1,0,69,68
Mat North,Tsholotsho RDC,Tsholotsho,Tsholotsho South,10,Sikente Pry,School,4,104,0,17,132,8,0,265,257
Mat North,Tsholotsho RDC,Tsholotsho,Tsholotsho South,10,Mapane Business Centre,Tent,3,57,4,17,55,3,0,139,136
Mat North,Tsholotsho RDC,Tsholotsho,Tsholotsho South,10,Madlangombe Clinic,Clinic,25,88,4,38,76,3,0,234,231
,,,,,,,,,,,,,,,
,,,,,,,,,,,,,,,
Mat North,Tsholotsho RDC,Tsholotsho,Tsholotsho South,11,Nemane,Tent,8,39,2,20,73,1,0,143,142
Mat North,Tsholotsho RDC,Tsholotsho,Tsholotsho South,11,Nanda Pry,School,57,73,3,26,58,4,0,221,217
Mat North,Tsholotsho RDC,Tsholotsho,Tsholotsho South,11,Ngubomlilo Business Cen,Trent,37,17,2,4,73,4,0,137,133
,,,,,,,,,,,,,,,
,,,,,,,,,,,,,,,
Mat North,Tsholotsho RDC,Tsholotsho,Tsholotsho South,12,Susumane Line,Tent,7,16,3,25,76,3,0,130,127
Mat North,Tsholotsho RDC,Tsholotsho,Tsholotsho South,12,Kawutshe Line,Tent,6,19,0,7,13,2,0,47,45
Mat North,Tsholotsho RDC,Tsholotsho,Tsholotsho South,12,Manqe Pry,School,7,103,2,27,114,9,0,262,253
Mat North,Tsholotsho RDC,Tsholotsho,Tsholotsho South,12,Wondola Pry,School,28,33,5,84,62,5,0,217,212
Mat North,Tsholotsho RDC,Tsholotsho,Tsholotsho South,12,Mhlabangubo Pry,School,8,138,4,38,119,10,0,317,307
Mat North,Tsholotsho RDC,Tsholotsho,Tsholotsho South,12,Mazibisa,Tent,8,23,5,31,87,1,0,155,154
Mat North,Tsholotsho RDC,Tsholotsho,Tsholotsho South,12,Matjudula,Tent,4,21,1,4,16,1,0,47,46
Mat North,Tsholotsho RDC,Tsholotsho,Tsholotsho South,12,Tsholotsho High,School,5,57,0,15,142,4,0,223,219
,,,,,,,,,,,,,,,
,,,,,,,,,,,,,,,
Mat North,Tsholotsho RDC,Tsholotsho,Tsholotsho South,13,Mvundlana,School,9,116,2,40,172,9,0,348,339
Mat North,Tsholotsho RDC,Tsholotsho,Tsholotsho South,13,Nhlangano,School,2,26,0,6,82,1,0,117,116
Mat North,Tsholotsho RDC,Tsholotsho,Tsholotsho South,13,Magama Mission Pry,School,1,23,0,11,72,8,0,115,107
Mat North,Tsholotsho RDC,Tsholotsho,Tsholotsho South,13,Ngqoya Business Centre,Hall,3,51,1,8,125,2,0,190,188
Mat North,Tsholotsho RDC,Tsholotsho,Tsholotsho South,13,Godzo,Hall,3,74,2,16,68,3,0,166,163
,,,,,,,,,,,,,,,
,,,,,,,,,,,,,,,
Mat North,Tsholotsho RDC,Tsholotsho,Tsholotsho South,14,Madabu Pry,School,4,47,3,10,40,10,0,114,104
Mat North,Tsholotsho RDC,Tsholotsho,Tsholotsho South,14,Lulwane Line,Tent,5,32,1,8,49,4,0,99,95
Mat North,Tsholotsho RDC,Tsholotsho,Tsholotsho South,14,Bulalangena Line,Tent,1,51,2,9,29,1,0,93,92
Mat North,Tsholotsho RDC,Tsholotsho,Tsholotsho South,14,Malanda Pry,School,8,118,4,37,68,32,0,267,235
Mat North,Tsholotsho RDC,Tsholotsho,Tsholotsho South,14,Makaza Pry,School,6,135,2,14,77,11,0,245,234
,,,,,,,,,,,,,,,
,,,,,,,,,,,,,,,
,,,,,,,,,,,,,,,
Mat North,Tsholotsho RDC,Tsholotsho,Tsholotsho South,15,Mbowane Business Cent,eTent,15,68,7,47,97,4,0,238,234
Mat North,Tsholotsho RDC,Tsholotsho,Tsholotsho South,15,Simanje,Hall,4,76,3,17,60,7,0,167,160
Mat North,Tsholotsho RDC,Tsholotsho,Tsholotsho South,15,Siyangaya Pry,School,7,49,3,13,65,4,0,141,137
Mat North,Tsholotsho RDC,Tsholotsho,Tsholotsho South,15,Dinyane Pry,School,15,120,5,33,139,6,0,318,312
Mat North,Tsholotsho RDC,Tsholotsho,Tsholotsho South,15,Mbamba Business Centr,Tent,21,87,7,30,170,5,0,320,315
Mat North,Tsholotsho RDC,Tsholotsho,Tsholotsho South,15,Gotshane Business Centr,Tent,9,76,3,21,47,4,0,160,156
Mat North,Tsholotsho RDC,Tsholotsho,Tsholotsho South,15,Gwese Line,Tent,5,32,0,18,55,3,0,113,110
,,,,,,,,,,,,,,,
,,,,,,,,,,,,,,,
Mat North,Tsholotsho RDC,Tsholotsho,Tsholotsho South,16,Mathula Sec,School,3,102,0,10,49,16,0,180,164
Mat North,Tsholotsho RDC,Tsholotsho,Tsholotsho South,16,Shaba Pry,School,3,134,1,21,114,6,0,279,273
Mat North,Tsholotsho RDC,Tsholotsho,Tsholotsho South,16,Dogwe Pry,School,2,29,1,3,38,3,0,76,73
Mat North,Tsholotsho RDC,Tsholotsho,Tsholotsho South,16,Nata Pry,School,1,64,2,12,58,19,0,156,137
Mat North,Tsholotsho RDC,Tsholotsho,Tsholotsho South,16,Dikili West/ Tshakawa B/,Toelent,3,78,2,13,60,5,0,161,156
,,,,,,,,,,,,,,,
,,,,,,,,,,,,,,,
Mat North,Tsholotsho RDC,Tsholotsho,Tsholotsho South,17,Dliwampondo Line,Tent,4,94,3,10,31,2,0,144,142
Mat North,Tsholotsho RDC,Tsholotsho,Tsholotsho South,17,Wohlweni Line (Bubude,Tesntt),2,65,2,10,79,4,0,162,158
Mat North,Tsholotsho RDC,Tsholotsho,Tsholotsho South,17,Mbalibali Pry,School,6,186,3,20,86,15,0,316,301
Mat North,Tsholotsho RDC,Tsholotsho,Tsholotsho South,17,Bubude Pry,School,1,125,1,22,133,6,0,288,282
,,,,,,,,,,,,,,,
,,,,,,,,,,,,,,,
Mat North,Tsholotsho RDC,Tsholotsho,Tsholotsho South,18,Thetshaneni,School,4,111,1,7,43,1,0,167,166
Mat North,Tsholotsho RDC,Tsholotsho,Tsholotsho South,18,Tabayi Dip Tank,Tent,4,175,1,4,18,5,0,207,202
Mat North,Tsholotsho RDC,Tsholotsho,Tsholotsho South,18,Mathe Primary,School,2,140,3,60,70,0,0,275,275
Mat North,Tsholotsho RDC,Tsholotsho,Tsholotsho South,18,Nkunzi RG Sub-Office,Tent,3,136,0,10,35,12,0,196,184
,,,,,,,,,,,,,,,
,,,,,,,,,,,,,,,
Mat North,Tsholotsho RDC,Tsholotsho,Tsholotsho South,19,Dukwi Business Centre,Tent,10,118,4,14,96,5,0,247,242
Mat North,Tsholotsho RDC,Tsholotsho,Tsholotsho South,19,Mthonjeni Business Cent,eTent,5,104,3,11,43,6,0,172,166
Mat North,Tsholotsho RDC,Tsholotsho,Tsholotsho South,19,Chefunye Pry,School,4,135,5,29,91,7,0,271,264
Mat North,Tsholotsho RDC,Tsholotsho,Tsholotsho South,19,Tshabanda pry,School,5,75,0,10,54,6,0,150,144
Mat North,Tsholotsho RDC,Tsholotsho,Tsholotsho South,19,Dikili Pry,School,2,85,1,21,92,2,0,203,201
,,,,,,,,,,,,,,,
,,,,,,,,,,,,,,,
Mat North,Tsholotsho RDC,Tsholotsho,Tsholotsho South,20,Lushabe Pry,School,3,160,1,1,12,2,0,179,177
Mat North,Tsholotsho RDC,Tsholotsho,Tsholotsho South,20,Sydney Malunga Pry,School,1,154,0,5,45,9,0,214,205
Mat North,Tsholotsho RDC,Tsholotsho,Tsholotsho South,20,Sedgwick Farm,Tent,0,78,0,0,6,2,0,86,84
Mat North,Tsholotsho RDC,Tsholotsho,Tsholotsho South,20,Ladywell Farm,Tent,0,51,0,0,5,0,0,56,56
,,,,,,,,,,,,,,,
,,,,,,,,,,,,,,,
,,,,,,,,,,,,,,,
Mat North,Tsholotsho RDC,Tsholotsho,Tsholotsho South,22,Mbambangamandla,Hall,7,96,2,25,106,10,0,246,236
Mat North,Tsholotsho RDC,Tsholotsho,Tsholotsho South,22,Dombo Pry,School,6,63,0,26,94,2,0,191,189
Mat North,Tsholotsho RDC,Tsholotsho,Tsholotsho South,22,Thabisa,Pre-School,6,246,0,43,271,7,0,573,566
Mat North,Tsholotsho RDC,Tsholotsho,Tsholotsho South,22,Mkubazi Pry,School,3,59,3,33,107,2,0,207,205
Mat North,Tsholotsho RDC,Tsholotsho,Tsholotsho South,22,Nembe Pry,School,3,99,1,23,120,2,0,248,246
,,,,,,,,,,,,,,,
,,,,,,,,,,,,,,,
,,,,,,,,,,,,,,,
,,,,,,,,,,,,,,,
,,,,,,,,,,,,,,,
Mat North,Umguza RDC,Umguza,Umguza,1,Hope Fountain Pry,Primary School,8,402,2,54,254,14,0,734,720
Mat North,Umguza RDC,Umguza,Umguza,1,Gumtree BC,Tent,7,74,0,14,96,4,0,195,191
Mat North,Umguza RDC,Umguza,Umguza,1,Mthombomthema Pry,School,12,113,1,16,122,12,0,276,264
,,,,,,,,,,,,,,,
,,,,,,,,,,,,,,,
Mat North,Umguza RDC,Umguza,Umguza,2,Llewellin Pry,School,10,2626,1,20,255,64,0,2976,2912
Mat North,Umguza RDC,Umguza,Umguza,2,Spring Farm House,Tent,4,1021,2,16,73,29,0,1145,1116
Mat North,Umguza RDC,Umguza,Umguza,2,Cement Siding  Pry,School,11,485,0,24,419,18,0,957,939
Mat North,Umguza RDC,Umguza,Umguza,2,Kensington Pry,School,6,232,2,69,382,12,0,703,691
,,,,,,,,,,,,,,,
,,,,,,,,,,,,,,,
Mat North,Umguza RDC,Umguza,Umguza,4,Ntabazinduna Council Ha,lHall,16,85,0,16,139,5,0,261,256
Mat North,Umguza RDC,Umguza,Umguza,4,Libeni Pry,School,7,41,0,11,94,5,0,158,153
Mat North,Umguza RDC,Umguza,Umguza,4,Mbizo Pry,School,7,97,2,34,311,27,0,478,451
,,,,,,,,,,,,,,,
,,,,,,,,,,,,,,,
Mat North,Umguza RDC,Umguza,Umguza,5,Madlelenyoni Pry,School,0,84,0,20,175,4,0,283,279
Mat North,Umguza RDC,Umguza,Umguza,5,Mfanyana Pry,School,4,111,0,15,159,4,0,293,289
Mat North,Umguza RDC,Umguza,Umguza,5,Chief's Assembly,Hall,4,1229,0,14,205,17,1,1469,1452
,,,,,,,,,,,,,,,
,,,,,,,,,,,,,,,
Mat North,Umguza RDC,Umguza,Umguza,6,Nhlambabaloyi Pry,School,7,230,2,28,204,9,0,480,471
Mat North,Umguza RDC,Umguza,Umguza,6,Thabani Pre-School,Tent,4,180,3,31,235,15,0,468,453
,,,,,,,,,,,,,,,
,,,,,,,,,,,,,,,
Mat North,Umguza RDC,Umguza,Umguza,7,Maxim Hill Pry,School,3,87,0,10,97,8,0,205,197
Mat North,Umguza RDC,Umguza,Umguza,7,Fair Bridge Pry,School,13,822,1,50,965,53,0,1904,1851
Mat North,Umguza RDC,Umguza,Umguza,7,Imbesu Park Store,Tent,0,20,0,6,18,0,0,44,44
,,,,,,,,,,,,,,,
,,,,,,,,,,,,,,,
,,,,,,,,,,,,,,,
Mat North,Umguza RDC,Umguza,Umguza,8,Green Haven Shopping C,Tnetrnet,4,72,1,6,24,8,0,115,107
Mat North,Umguza RDC,Umguza,Umguza,8,Mandalay Farm,Farm House,8,301,0,26,120,32,0,487,455
Mat North,Umguza RDC,Umguza,Umguza,8,Arda Balu,Tent,9,502,3,16,64,16,0,610,594
Mat North,Umguza RDC,Umguza,Umguza,8,Mbuyazwe Pry,School,7,93,0,5,30,4,0,139,135
,,,,,,,,,,,,,,,
,,,,,,,,,,,,,,,
Mat North,Umguza RDC,Umguza,Umguza,9,Mahlothova,School,10,422,1,11,48,11,0,503,492
Mat North,Umguza RDC,Umguza,Umguza,9,Crosby,School,8,348,2,32,121,35,0,546,511
Mat North,Umguza RDC,Umguza,Umguza,9,Mathonisa,School,4,490,0,17,64,7,0,582,575
Mat North,Umguza RDC,Umguza,Umguza,9,Sikhanyiso Ndlovu,School,1,83,0,2,13,2,0,101,99
Mat North,Umguza RDC,Umguza,Umguza,9,Vusanani Coop,Hall,1,206,0,0,42,14,0,263,249
,,,,,,,,,,,,,,,
,,,,,,,,,,,,,,,
Mat North,Umguza RDC,Umguza,Umguza,12,Igusu Pry,School,2,122,2,11,45,5,0,187,182
Mat North,Umguza RDC,Umguza,Umguza,12,Bhuda Pry,School,1,83,1,10,63,4,0,162,158
Mat North,Umguza RDC,Umguza,Umguza,12,Deli Pry,School,5,89,0,10,38,1,0,143,142
Mat North,Umguza RDC,Umguza,Umguza,12,Zimdabule pry,School,1,57,2,8,15,1,0,84,83
,,,,,,,,,,,,,,,
,,,,,,,,,,,,,,,
Mat North,Umguza RDC,Umguza,Umguza,13,Seafield Estate,Tent,0,150,0,3,19,1,0,173,172
Mat North,Umguza RDC,Umguza,Umguza,13,Seafield Valley,Tent,0,116,0,2,6,2,0,126,124
Mat North,Umguza RDC,Umguza,Umguza,13,Teakdale,Tent,2,80,0,1,10,2,0,95,93
Mat North,Umguza RDC,Umguza,Umguza,13,Magwadini/Inseze Exten,iToennt,6,234,0,7,26,4,0,277,273
,,,,,,,,,,,,,,,
,,,,,,,,,,,,,,,
Mat North,Umguza RDC,Umguza,Umguza,14,St James Mission Pry,School,3,167,1,6,22,0,0,199,199
Mat North,Umguza RDC,Umguza,Umguza,14,George Silundika Pry,School,2,164,1,17,99,12,0,295,283
Mat North,Umguza RDC,Umguza,Umguza,14,Muntu Pry,School,2,197,0,6,21,5,0,231,226
Mat North,Umguza RDC,Umguza,Umguza,14,Bantu Pry,School,0,81,0,0,11,1,0,93,92
Mat North,Umguza RDC,Umguza,Umguza,14,Redbank Pry,School,2,313,2,5,34,14,0,370,356
Mat North,Umguza RDC,Umguza,Umguza,14,Lonsdale,Tent,3,97,0,2,14,2,0,118,116
Mat North,Umguza RDC,Umguza,Umguza,14,Chesa Pry,School,3,42,1,4,47,3,0,100,97
,,,,,,,,,,,,,,,
,,,,,,,,,,,,,,,
Mat North,Umguza RDC,Umguza,Umguza,15,Nyamandlovu RG Sub Off,Tcent,4,244,3,11,133,3,0,398,395
Mat North,Umguza RDC,Umguza,Umguza,15,Accutt and Crews,Tent,1,229,3,5,42,8,0,288,280
,,,,,,,,,,,,,,,
,,,,,,,,,,,,,,,
,,,,,,,,,,,,,,,
Mat North,Umguza RDC,Umguza,Umguza,16,Rangemore Pry,School,15,177,0,19,207,5,0,423,418
Mat North,Umguza RDC,Umguza,Umguza,16,Khami Pry,School,3,443,1,14,667,27,0,1155,1128
Mat North,Umguza RDC,Umguza,Umguza,16,Mnondu Pry,School,2,64,0,2,9,4,0,81,77
Mat North,Umguza RDC,Umguza,Umguza,16,Stanhope North,Tent,6,159,1,16,29,8,0,219,211
Mat North,Umguza RDC,Umguza,Umguza,16,Heloka,Tent,0,53,0,6,27,4,0,90,86
Mat North,Umguza RDC,Umguza,Umguza,16,Mbonqane Pry,School,0,66,0,5,22,0,0,93,93
Mat North,Umguza RDC,Umguza,Umguza,16,Tsetse,Tent,7,188,0,8,36,1,0,240,239
,,,,,,,,,,,,,,,
,,,,,,,,,,,,,,,
Mat North,Umguza RDC,Umguza,Umguza,18,St Peters Pry,School,2,72,1,11,31,9,0,126,117
Mat North,Umguza RDC,Umguza,Umguza,18,Lukukwe Pry,School,2,50,2,12,76,9,0,151,142
Mat North,Umguza RDC,Umguza,Umguza,18,Hlabathi Pry,School,3,83,3,13,44,4,0,150,146
Mat North,Umguza RDC,Umguza,Umguza,18,Tape Borehole,Tent,2,52,0,4,10,4,0,72,68
Mat North,Umguza RDC,Umguza,Umguza,18,Mavagazini,Tent,1,13,2,1,32,1,0,50,49
,,,,,,,,,,,,,,,
,,,,,,,,,,,,,,,
Mat North,Umguza RDC,Umguza,Umguza,19,Makokomba Pry,School,14,277,0,7,33,12,0,343,331
Mat North,Umguza RDC,Umguza,Umguza,19,Joana Mafuyana Pry,School,0,215,0,5,24,18,0,262,244
Mat North,Umguza RDC,Umguza,Umguza,19,Mazinini Pry,School,2,75,1,2,4,0,0,84,84
Mat North,Umguza RDC,Umguza,Umguza,19,Nyamandlovu Pry,School,1,163,0,7,27,9,0,207,198
Mat North,Umguza RDC,Umguza,Umguza,19,Nganda Pry,School,5,501,3,12,42,23,0,586,563
Mat North,Umguza RDC,Umguza,Umguza,19,Mimosa Resettlement.,Tent,3,77,2,4,12,3,0,101,98
